gaze3d_x,gaze3d_y,gaze3d_z
-24.18757444315371,2.9632537873972473,3.3106230850967395
-24.584393112532165,2.9453661279564844,0.6816592573760603
-24.581072367930897,2.9548102677714487,0.6798448825822636
-24.68036431920406,2.981579495875082,0.6999416347651055
-24.680042732211184,3.0156810426793035,0.6881164935390146
-24.673797008260298,2.9980364615746677,0.6190915238980604
-24.65582214582935,2.995402499768722,0.6041551200929481
-24.750802212722423,3.0068792109405473,0.5854120592967518
-24.748279848681413,3.0349645399950393,0.6074920971450505
-24.738312045343612,3.026761388829413,0.6401218321359152
-24.733739464873,3.008333109252404,0.6160120227450391
-24.627016921155498,2.9890051774253017,0.5949492931907563
-24.721636400186092,2.98557290171109,0.6285909814739963
-24.726324775240297,3.0100736213182064,0.5935424847567148
-24.616097002339377,2.9605426925003977,0.5991457514286035
-24.612798163930346,2.9726984961557177,0.6147835560535735
-24.711642538748762,3.015874713088447,0.6600186818466327
-24.608594485852596,2.9875402046754442,0.6845516411570169
-24.60855560722528,2.980268329199417,0.6983437022627063
-24.608661922594553,2.9870931221255796,0.6889892695427282
-24.708851337173595,2.991307043053701,0.6744672992621483
-24.60925564421429,2.9859723330993786,0.6871449830503845
-24.611903256580074,2.9878980720747625,0.723388569132841
-24.614143059226024,2.9915611840239413,0.7219396281343846
-24.61667636025738,2.992932447933243,0.7247347676370017
-24.61896013610087,2.9935495109583776,0.725934138494676
-24.62075539337256,2.9893750707523234,0.7285311175548043
-24.621468442556537,2.9839980530300947,0.6729053640189381
-24.6232117021022,2.9729141955825287,0.658785853461084
-24.624677603441967,2.9744370058967773,0.6618890310536907
-24.62558248058445,2.975920500576661,0.6784984921195628
-24.626641453479262,2.976432976070525,0.6822105947630516
-24.627777428155333,2.975068677051337,0.6670337923170309
-24.62855533246451,2.976662371153435,0.660986518397402
-24.62928872306869,2.9745476269397964,0.6502225014958048
-24.628894395294715,2.973079706823107,0.6541860838615928
-24.628255298414008,2.9696704958525904,0.6563401092081018
-24.616023163940422,2.958341638296632,0.6311261889204832
-24.610784362160654,2.960615793341657,0.6551882974115316
-24.606581755081347,2.9564684218672097,0.6734755946511964
-24.603778206233706,2.950001451935517,0.6763297267236293
-24.50222799346621,2.940028044657035,0.6713471156434327
-24.501207836787316,2.931885828349756,0.6768123953480788
-20.079015111652986,2.3444369880286624,0.00834908685963176
-20.072479412256193,2.3000364079592024,0.09948893241923251
-20.069905359269086,2.309243639309855,0.10354434941670199
-20.068396798081167,2.333077513870652,0.08265861078952275
-20.070693239156455,2.354607638427154,0.03485260208136254
-23.062038112536694,2.8702186841509967,0.13797012425651556
-24.518761502761112,2.926343972746164,0.4877191698109589
-24.518965054490458,2.9314306412960778,0.48164133024146366
-24.513899075761657,2.9345984239545686,0.49441882135726856
-24.516463491891134,2.936600351767995,0.4712555333445132
-24.63642194257527,2.947425585255997,0.4113214010000385
-24.69378018705352,2.9805061773685817,0.28735941917737745
-23.336774400936612,3.043151121378235,-0.750781215339521
-23.324625857557265,3.0333877579327404,-0.7462947070653368
-24.689888174817142,2.9949118977841906,0.2592081118048658
-24.682730945516504,2.995694179207634,0.2630273149227512
-24.752113166105985,2.9901204360558267,0.33381164413211856
-24.74566865948407,2.9858981647573213,0.33963227894611897
-24.742492712633585,2.9833156650727886,0.3412269159261985
-24.657698952445998,2.9782620365291645,0.28522450593005544
-24.73417599290711,2.97729210128512,0.34993484451978063
-24.653019229899343,2.9739606898475466,0.28910955322332027
-24.650272837622225,2.9752137799024423,0.2918003988217834
-24.649701594028958,2.9740531210208925,0.2906311389848222
-24.65057066168037,2.973937252017048,0.28731309007618605
-24.65240435594261,2.975659201891724,0.28287492270738424
-24.65533039553835,2.975610812590243,0.2770268106306274
-24.657434628089497,2.975814427539749,0.2727251013576658
-24.656948033400532,2.9783331913920357,0.2731011030718516
-24.659002221748437,2.9787708632638066,0.2704453392989102
-24.655604860951517,2.977703494169478,0.27602500334420405
-24.655549029020086,2.9799222327705164,0.27605111677003935
-24.66161040622724,2.9784980759461375,0.2654694067462339
-23.360612762336533,2.6918559309390058,-1.1224774006732827
-21.645764143599504,1.971309169350922,-3.532806023915476
-21.693564285050837,1.9337228824866388,-3.567450947361517
-21.805281416455074,1.9724837137046178,-3.5397131429066717
-21.831590918195467,1.9677726140402438,-3.5615579115619873
-21.834601262964647,1.9280404795246695,-3.5559655824367873
-21.835917311114812,1.9789950494660546,-3.5701469731939275
-21.830008863443712,2.033910005993904,-3.5776058977494323
-21.718122934242153,2.087826142709838,-3.628713853971222
-23.518979727844247,3.0491033467927116,-1.5678123825563297
-22.864865428938224,3.4031114997735354,-2.4215172692260736
-22.861736197538768,3.427900006813867,-2.4155158144171547
-22.869360329243296,3.411027491046156,-2.4245497238179845
-22.872222380296556,3.299339655747882,-2.4420043126883284
-22.86292849015912,3.298377894777401,-2.4349840752953487
-22.86725915620884,3.305518567736917,-2.4373226741452587
-22.8526241712058,3.315171454838678,-2.4244473669981197
-22.829560757758532,3.3158850491936187,-2.405726487464306
-22.838727246270423,3.279955431678643,-2.416834380226274
-22.97967348210065,3.349446767934423,-2.38980530324012
-22.911295399464173,3.350750120753389,-2.4638418783313174
-22.88766431882301,3.4531958388072654,-2.430559944048807
-22.89507731976235,3.4219866409311437,-2.441707312378972
-22.89949277782151,3.405116758006202,-2.448086717082009
-22.90122549577293,3.3939176196732297,-2.451637761829053
-22.900718716843702,3.4013235510832867,-2.4503438414895764
-22.90430727307545,3.393484074851718,-2.4544597701739828
-22.99906966381968,3.307548689001977,-2.4115751505172334
-22.984880806187988,3.3310404142465253,-2.397816216439569
-22.975345651905133,3.3442655584734773,-2.388767151531286
-22.970641218441166,3.3633156400183175,-2.382559641265761
-22.91239605407344,3.3221148809928938,-2.470038755413586
-22.897789675065688,3.3660407269389365,-2.4530760226121044
-22.893659408605288,3.360433828872514,-2.450809436406816
-23.71556833290185,2.945328074260865,-1.4712383603500074
-23.63511418569472,2.589070965241005,-1.508374857801363
-23.644002230561682,2.541665100695159,-1.5069375154319804
-23.637848187686863,2.541896588542787,-1.5022154524030675
-23.63242700053318,2.5589527495961044,-1.50127918699586
-23.626645236931104,2.563845834669171,-1.4977788759706785
-23.622985656786543,2.549631914763553,-1.4924886701852205
-23.62146942902098,2.547433330622776,-1.4908972131684446
-23.55163174366912,2.644919750548263,-1.4510224680960269
-13.465465240719544,1.8547380301214098,-0.20709709766797058
-13.53969849663809,1.9107776476641989,0.28242504745480473
-13.54031089945527,1.9328949547526393,0.3406136028291264
-13.644874895841957,1.919152724152835,0.36121585520247146
-13.363653270431897,1.990167009791558,-0.12240657948655975
-13.456987930768305,1.9855990195697555,0.056102073038869715
-13.35590051193565,1.9919163893124856,0.10851260610456548
-13.35660948430667,2.004137403782031,0.11303316266241548
-13.453309908164544,2.034116388599419,0.17548136773470124
-13.446142228359932,2.100711652879178,0.264743283521772
-13.44475479604633,2.112201621236576,0.3031571138302885
-13.357500605418352,2.184330617980353,-0.06960176104889959
-23.20827192573005,2.8772632917090193,0.03342703216790177
-23.20620104281481,2.903279790307886,0.037936588762429224
-23.217395694547662,2.895431547414204,0.0009274724077469321
-23.215491659655694,2.9120240849340018,0.005080898650866139
-23.30994196667182,2.9190674772013425,0.03794512715185372
-24.548653059768764,2.9382004574104372,0.434006274632053
-23.304472124621068,2.919891169367266,0.05984272505034738
-24.650326003545903,2.9406863760302784,0.44913181468058505
-24.66105902170272,2.9535607744005827,0.4205936720931526
-24.664793132871054,2.9636804144418574,0.4110465303154251
-24.657092888724637,2.9506870480755087,0.42888371155805927
-23.23120320559174,2.8894795967371807,-0.03743870168596508
-23.2347077777145,2.885618264221367,-0.049967269380013946
-23.141550832629637,2.8735926664286704,-0.08778366444567554
-11.370160204993896,2.1921254839313877,-3.6060850868140544
-23.120744291502774,2.8556111883460567,-0.058400391353281456
-21.35175262446912,2.7730496868134558,-0.7636298758932322
-21.354862886577823,2.773291356166369,-0.7755847603491339
-21.351391315024138,2.7790691869821096,-0.7694348499347211
-21.356178204841832,2.810513670110974,-0.7880215677457771
-21.359358832113706,2.812407155277229,-0.7984253044471996
-24.637101880907483,2.936779798155109,0.4217973612125868
-23.230713436058437,2.896480215735883,-0.098364100060924
-23.229954719089868,2.8985411276083206,-0.09492992486976481
-24.631467243278585,2.9366194277978543,0.4421777914402024
-24.632873597463245,2.936356334288167,0.4430939858102589
-23.20958104897275,2.902510630116942,-0.02302031257641779
-23.208159105698414,2.8980712470408827,-0.010322658089389147
-23.23086079969965,2.9039033000466805,-0.0676428184985286
-23.213160300787596,2.9040652190873044,-0.006351257396098986
-24.74009809839974,3.0600704119965445,0.5238493555381467
-24.84398687460897,3.066950086027628,0.5555616037365112
-24.75752662487044,3.092615260005774,0.5232196057503935
-24.759610083604425,3.0922949136373323,0.5363474212979948
-24.767101114617823,3.089489571074954,0.5252907881282921
-24.76856521858702,3.0886805122642897,0.5342141954685211
-24.771559159902083,3.083942011923985,0.5332502545408908
-24.772704187640354,3.08166069215075,0.538625621116914
-24.777993466371193,3.0801124269370637,0.5281146393667828
-24.77862554701789,3.07982987380829,0.5325780442156165
-24.777781394874005,3.0733483139791336,0.5335912760084116
-24.76155705527348,3.030370340294377,0.5592610516298138
-24.63896483697955,2.9831896577325527,0.6533345041512651
-24.745273565555642,3.023127263720656,0.6282701376005221
-24.740078894739845,3.0104665249165397,0.6259693727931714
-24.731696320993393,3.0027905705341307,0.6362569576494634
-24.72322138540901,2.995873842309157,0.6259649324263433
-24.720434426934478,3.006272924554512,0.5960520103513115
-24.71485981255864,3.013952096429806,0.5911244343831812
-24.712203806145705,3.015477684744394,0.5770969338919143
-24.70809670586198,3.003043296056562,0.58070466457053
-24.720049626518044,3.0407312393872967,0.6632815409596369
-24.732967861582846,3.0799765098924716,0.643582392077057
-24.723221234928783,3.0528011060652855,0.7415476649602355
-24.73428131551481,3.0953717370460962,0.6222611822181836
-24.74773470568774,3.108881881348706,0.5744639432914935
-24.743518754692623,3.088879470160081,0.5707783938226847
-22.899835422360056,2.5918108945419176,0.07937489538935516
-22.887337842292155,2.5401972238247716,0.21352963153443894
-15.63823288614422,2.356527096026084,-1.3213261546834794
-23.0111270037674,2.4242068407496005,0.2537148905499264
-15.75993969823288,2.0817850837574206,-1.2877488641982433
-15.884293713304382,2.209474941503757,-1.4220999285930582
-24.53239121580841,2.9360985296579583,0.5593318229330125
-24.532736753000382,2.9294786745708423,0.5721103087046389
-24.63010653698271,2.949886425170732,0.594837940673816
-24.626351867901594,2.9854938558487882,0.6280272471488644
-24.725373890094268,3.0120566041242727,0.6607269945026895
-19.99433442063065,2.441659208807939,0.013618431062656033
-20.227015893379065,2.160856240433087,0.06854919860064856
-24.62333149252928,2.974524626115088,0.7185874586724498
-14.02443553436123,1.799391956183521,-0.23829269195043756
-20.088618244157104,1.8346307501870007,0.0281353534794494
-19.780965323585985,1.647877811824589,0.4691221536801565
-19.957495407359367,1.8581516117883392,0.2040729439243033
-19.732305234045704,1.4784448852758787,0.21710760527912532
-20.2369386789382,2.070228753907449,0.07463666343694764
-19.64931872197934,1.4676980001823043,0.016610407247320436
-14.287253936520246,-0.40318480487367836,-0.5945238554081762
-20.0320717602986,1.9220494220770274,0.3214715447357107
-22.155174609701405,1.7511404684805703,0.3068827271071189
-14.488908274032253,-0.7499464042939632,-0.4802267316790636
-14.499661647932903,-0.7363639950135177,-0.6088201599556106
-21.943842270235663,1.74540498093459,0.3071626808785743
-14.186451200516144,-0.49353318820264436,-0.3809840133203122
-22.094678795938357,1.5988452443314782,0.42231680007622113
-22.086940490788304,1.630780612379576,0.379300710943874
-22.232407234904418,1.5448495169138923,0.37375025693721636
-22.08913565524565,1.6296979145277004,0.36611067032771244
-14.29645626576856,-0.4952383641356528,-0.4179058255587721
-22.221037951692345,1.5435599047358226,0.478209523149743
-22.210388682740426,1.5785872305644528,0.4200645752125618
-22.059989855555973,1.7111301573954663,0.3212275238536142
-22.2404950238071,1.512740889622085,0.39702134707806497
-24.63458292061441,2.9878141552305038,0.6213178511563076
-24.63603977766262,2.98029670979916,0.6351404482300624
-24.637067148975248,2.9812442621940716,0.6638065786052371
-24.63678888644653,2.9770989768756944,0.7021247174659604
-24.638708032449465,2.984240361972047,0.7292422092272658
-24.641502592920475,2.9858222420250193,0.7612444814559401
-24.642145275627566,2.9841598059414833,0.7568738187107447
-24.643817392915025,2.97748457561329,0.7621712805478056
-24.644942541130355,2.978986342015658,0.7548804088779472
-24.64599875497754,2.958379638919691,0.6488156500431222
-24.650419078594464,2.9610809144811183,0.6159851637362466
-24.65132964046841,2.9598718720888986,0.6133136846177429
-24.6518409126195,2.9591385971991047,0.6123390697281251
-24.65179718718124,2.9609535850904627,0.6160250437635586
-24.65091386375676,2.962774492712949,0.625881734336907
-24.651669753325166,2.9585181131553426,0.619548104952643
-24.653206614850337,2.9535207406638486,0.6086671343202251
-24.647698621276664,2.9618668245654756,0.6883552500880962
-24.54749702476443,2.9593439321370476,0.6905055929546121
-24.547331922732166,2.9541932457535722,0.7011383393936718
-24.547590856211837,2.948477287814391,0.7071404968253067
-24.547639497643267,2.9410197417678745,0.7154995604793558
-12.349786186213041,2.9054117353204174,0.9419307184545225
-12.25023255726083,2.877352363719684,0.955389805986236
-12.350741969488764,2.8678361146982536,0.9776814635724393
-12.048961892829515,2.817092487910565,0.8316736408467799
-19.910060143802493,2.132449849304194,0.8939721344294178
-20.946469371507042,2.041079669762723,0.9802000258341421
-20.85466826841928,1.9878754356307569,0.9568375641087936
-19.886448288031538,1.7249747817069427,0.9287880165942031
-19.802028689265935,1.659228919122993,0.9968345048106467
-20.889511623967653,1.8470736241523373,0.9914966422646938
-19.724064425648777,1.5660345392205897,1.0333002259147297
-21.369284959376245,1.6805665459698156,1.1795535861400337
-20.014568595658663,0.9396620081591045,2.25095447933739
-20.02098969463627,0.8777727808062838,2.181178430393486
-20.031278773327887,0.9194381727118885,2.261830590848215
-20.132677079870298,0.9897060383825256,2.3055823966198434
-20.004019564013568,0.9825339777471231,2.2191887231516305
-20.01633514631041,0.8824141788317328,2.1154612406500437
-20.015808216595783,0.8990203809398654,2.1260957833028145
-20.012768654648085,0.9303291953481789,2.1483336034039047
-20.871600241903092,1.3364054129944323,1.7879383766426007
-20.87852598818279,1.3127573726238415,1.775284505375949
-20.208891910070854,1.1562968431653247,2.3214186848350282
-19.86914569546454,0.9460835109742138,4.366135440483574
-19.919347131496206,1.0664274731526853,4.677492708050208
-19.969574740378782,1.0705743570758501,4.564215568633234
-19.867702248243546,1.0532189495423085,4.76146648310246
-18.208494812647377,0.5430760796490577,6.108446804467601
-19.043879482562833,0.9382838053384406,5.657278164314075
-20.448775050436588,1.4213227085138054,4.455809101387146
-20.432568468141874,1.4320515003574177,4.2518259179031865
-20.529864537204592,1.4796169561975394,4.221802908406486
-20.490467852364134,1.4665494821346041,4.152547427277205
-20.403401539830906,1.4111685498043778,4.179294327282863
-19.839768232174595,1.2038785896971018,4.35253972458493
-19.99467217962324,1.8952305758987924,2.988804886870664
-20.550406912126242,2.797559973808361,1.697575507764841
-24.651862508819733,2.9742242803767667,0.8146803359024464
-24.742927584437506,3.025580287143391,0.6808313567337863
-24.732929023428184,3.0432730843109854,0.6543396629227538
-24.718601825335515,3.0615555234348304,0.6763261812163726
-24.70379519799247,3.011295892559165,0.6165550713264127
-24.693588018216406,3.0303366311733706,0.6587867854933107
-24.701753692976812,3.018106597833446,0.5736429545146082
-24.692909214085784,3.036991682665213,0.6224260654596897
-24.685562316228513,2.9810296811806434,0.6129909455865227
-24.686500216810863,3.0156040332786263,0.6304334182911298
-24.777313901242426,3.0406619192494975,0.6503124495753266
-24.673378530132013,3.022326078871387,0.6153742908280301
-24.794108363872247,3.070967138325799,0.5581578173981048
-24.811640236526564,3.139676008105966,0.5503825916683815
-24.821003876055034,3.1193742321706925,0.49523629241326445
-24.808142664550996,3.1331966046612374,0.5359570455454369
-24.80803080516642,3.137566440669781,0.518303451314648
-24.801931811980936,3.161579975827666,0.5431500901233961
-24.791242741213075,3.161013178072434,0.5695220821723782
-24.765814933642343,3.090087715845374,0.5908277915413396
-24.752462765051295,3.050885432784143,0.6236717821149379
-24.747938413427562,3.045106747002383,0.6363790533425108
-24.74430516980036,3.0421834803471017,0.6446788394102151
-24.750691444646908,3.0683831642035724,0.5907512055143208
-24.744061130606376,3.0793427192468448,0.6202180631836182
-24.739541353141316,3.0707361959999218,0.6296531843068743
-24.73383783728841,3.056794869935953,0.6435875291305485
-24.730038545934793,3.052366096748205,0.6478455837398691
-24.725531116016313,3.042931179731281,0.6617148422917921
-24.721685209143327,3.037377668213552,0.666239667019019
-24.71805823508312,3.0315155611865032,0.6699151026623265
-24.715470120861795,3.0334563021133634,0.6714141816951785
-24.713174699145497,3.020011140555393,0.6531788975633954
-19.97806389886582,2.2509938651292947,0.2467994957293453
-19.88007476167558,2.1457152199110303,0.4025038643790236
-19.886515831017782,2.0946921194512815,0.40882225001126743
-19.874457170343497,2.1458957350190655,0.4727309714454636
-19.86745277431561,2.1943416085273952,0.44566278007932447
-19.8648145346983,2.198119619417947,0.47871478299416126
-19.853321560562378,2.2783497419088343,0.4903986350864683
-19.855307631775126,2.259134734158457,0.50393954124629
-19.850023106569676,2.2954705016940933,0.5177783716861952
-19.650917251770522,2.299501642583074,0.42653758037876527
-19.744080028297418,2.331142504921641,0.5017400478414045
-24.504765780763737,2.943889011854672,0.6782831336694625
-24.705960763140737,3.0115025274634637,0.6865604963614869
-24.70783240781172,3.0343416745802334,0.6813912362215004
-24.7096265409481,3.046147671198131,0.6702957462326153
-24.709647125180776,3.0434370743162398,0.6855406424607732
-24.820402346498664,3.0923878961649733,0.6787266247982775
-24.87984018900237,3.2415517140621395,0.6596346180829633
-24.897356584661892,3.274328621782307,0.6671381029083652
-24.846222963051765,3.3761832320344163,0.6429771289007943
-24.837586009947962,3.368967358840623,0.6798100179516904
-24.89882187227108,3.445284967505059,0.6473487793505411
-24.234529789296722,4.824875713821934,0.5444951252531006
-24.22683336767092,4.823036475750082,0.5342338420584465
-23.981263338491647,4.906894463017538,0.6959227477587624
-23.935690855296443,4.7479311881821005,0.637778282419789
-24.858192249307784,3.5661239075435165,0.6792841001827225
-24.83084697459474,3.5409821171517404,0.6781063783763678
-24.870544048234088,3.436519329556744,0.6915052652482379
-24.861598490015353,3.4260952512390714,0.6515581472414758
-24.84439842271929,3.203850205044149,0.6455768113431202
-24.61934848266169,2.943390083221523,0.5509421016275773
-23.001852325616596,2.4678881738522813,0.2237664978246371
-20.14560141273966,2.1505417364164328,-0.25172054159332913
-20.074141958642038,2.3979384460352646,-0.016981829747083732
-6.949550298773897,2.2064905488556152,-1.5619830753697208
-11.664611500972546,2.518594161365204,-0.5899067383527469
-24.507888012812522,2.9292357778429303,0.5746882469441521
-24.613536778555826,2.9664443170153616,0.5595910305046816
-24.614772695591007,2.9744724799899878,0.5609155053218895
-24.61596175413347,2.982493241394867,0.5615664253044895
-24.614880185336403,2.9776979157402828,0.5669330245227717
-24.61482787905091,2.9749171334045608,0.5661452788376463
-24.615604494926316,2.9758510364268016,0.5609140160471777
-24.61453326529753,2.9619768765303625,0.5616030470624298
-24.615232780448693,2.9618497437503692,0.5580858895213778
-24.615289430446786,2.9582719972509985,0.5570603145515418
-24.615385983584925,2.9557947625990826,0.5560582098081563
-24.615472359911127,2.9548979367543233,0.5548033195094945
-24.61782369602725,2.959178308828166,0.5436024219057282
-24.61597417747761,2.9570105596719776,0.550460332701619
-24.616256934927513,2.9580912884189963,0.5489280185533021
-24.616413403624207,2.9606792464297276,0.550705307924555
-24.61612891948877,2.9620080237726305,0.5579173343675994
-24.618464489923475,2.9620010418136773,0.5559341884839918
-24.618197858266935,2.959895124129042,0.5725781509397004
-24.512221741700674,2.925490354830984,0.6506530501562802
-12.220691825583547,2.72652015491772,0.37152379933414176
-12.122482713930417,2.6659915279956765,0.6752266272591405
-24.758393316961964,3.026054664583066,0.6755618295181003
-24.783066713550443,3.0832475493458,0.7058931778784793
-24.792609369542568,3.075013379294254,0.7346921446247193
-24.69989643702287,3.0815245428270144,0.7536544452842541
-24.703737072804344,3.063119035900251,0.7706918605150578
-24.706179700183938,3.0444901495186576,0.7594364256253359
-24.707459338422186,3.02353625330034,0.75086874909609
-24.714836069003894,3.0320926032104394,0.7573546271285825
-24.719888453388663,3.0310850711803785,0.752967512028903
-24.620938383365687,3.018796036635157,0.7246497081434323
-24.72621263034824,3.0193849864417217,0.7369135444434091
-24.72753523495717,3.011510312569674,0.7186150387919413
-24.73274366997984,3.0329851180280016,0.7172336558984627
-24.731735618745127,3.025113130156112,0.7154017211410696
-24.732270733007766,3.0298979433102007,0.7085009080556263
-24.732933349244774,3.03654869963799,0.7021958655489715
-24.735244278311843,3.0524994648860115,0.7027476665310307
-24.733537399237406,3.0508965235806325,0.7079226798397038
-24.73122331365387,3.047270993277017,0.7068926131474788
-24.72915726648707,3.04526423818685,0.7096532546402501
-24.72448738152998,3.049887439114304,0.6883193882732493
-24.728945219298588,3.0654977122251283,0.6909251045186456
-24.72765201552021,3.0501864727664567,0.6858657061745986
-24.73005384131468,3.0508840800216386,0.6913461203474704
-24.73307375316117,3.053574509531973,0.6879592026941693
-24.734323055591243,3.052876136910643,0.6911949336525754
-24.736809793010515,3.0605152154715434,0.6938054763623213
-24.73545720600727,3.055070800786279,0.6921781925368806
-24.73993538051468,3.0768523602466424,0.6960318424879308
-24.734987655865137,3.058465699876015,0.6925903504319874
-24.74051727337362,3.0808034568951084,0.6880924181653008
-24.742469969232403,3.087038785852027,0.6857450207280723
-24.743487072926225,3.0890961710899116,0.6835435973846796
-24.740752262775274,3.0743570113939978,0.6700308869595936
-24.741600211299154,3.0795799971292492,0.6814698116733336
-24.741950477117108,3.079482972932408,0.6817023295137314
-24.741037285156235,3.072997095876475,0.6785581197773104
-24.74503416760883,3.0873192672968663,0.6840516160480594
-24.745197226704484,3.0847649405938675,0.6824684565950419
-24.74456915514237,3.077197459526549,0.6792894719641009
-24.743632133017165,3.0672797254827895,0.6756344706819105
-24.74297071954282,3.060233459320086,0.6765381351024697
-24.74195003977902,3.052526376261619,0.6752186203462036
-24.741404483949314,3.0492103045796553,0.6761269505867037
-24.742921515355487,3.0577594963554975,0.6854633415941395
-24.74286642738467,3.0606112579586733,0.6946531222577953
-24.74434613139764,3.0658194107508394,0.6802864764108127
-24.74173803516174,3.0555600241192016,0.6742101656748483
-24.741132789776934,3.0534348245611125,0.6683870894563424
-24.741751846853514,3.0586955408557595,0.6692613227614063
-24.741960433876,3.0607276399863514,0.6668177574656754
-24.745240290421965,3.0779639727879595,0.6775564769204943
-24.742154906276298,3.0648227981224165,0.6671623660438608
-24.74164049127916,3.0641445631510034,0.6673300805698281
-24.742508599818326,3.072876377946496,0.679894857481242
-24.737050948166118,3.0493404555525854,0.6644246816396892
-24.739635625177073,3.0639584915721114,0.6622933173798727
-24.739288495019984,3.068490805367981,0.6648972538983119
-24.737089369643222,3.062440998497578,0.6573293641895676
-24.736827294057957,3.0656429024743512,0.6552200144814078
-24.737716384539656,3.076862948014951,0.6650497422804158
-24.7369239208252,3.0772110389810483,0.6633742342893735
-24.738856961514443,3.0891118822535417,0.6683054378465701
-24.736192178484192,3.0814610263797713,0.6625603901085108
-24.736417003218595,3.085821256005117,0.6619954272527557
-24.73493353334617,3.0820229863665243,0.6563236670570498
-24.732887291015963,3.0791339319768833,0.661852466540402
-24.735827652730933,3.0945013591013164,0.6696943437551971
-24.734370690816743,3.0893138247087073,0.6607685891115205
-24.73192907760234,3.081529863205494,0.6550930641481076
-24.73672710063558,3.1072418285564067,0.6785935772356817
-24.732142751801895,3.090830164422212,0.6594090413012847
-24.731374432427994,3.093556129109295,0.6608980345024908
-24.73054492519123,3.0959270105021885,0.6570680895809781
-24.729016846481862,3.0945821278061603,0.6474587826294427
-24.725133612829346,3.087450385777724,0.6418696574252325
-19.887096484286502,1.8247669400405127,0.8090224243310782
-17.983495378272256,1.1388566476703634,0.5732139460727053
-17.971940432636735,0.7603135938811372,0.6910307291261262
-22.450547680013536,1.318706224997494,0.5729629944240955
-15.667148119744278,-3.968675958866737,-0.33586150066225184
-24.06686670974409,1.9066337937774305,0.6584753470702687
-22.425059029755655,0.9278730667467951,0.6188826115357078
-22.462242611705136,1.0515767838894792,0.6114408434446954
-22.51068079922864,1.1592326203316696,0.6285906692312684
-22.537766008477174,1.3211362920165655,0.4908514019320166
-18.59417888759041,2.436235292309051,1.5560559246529038
-14.644321112370832,2.917810353470257,1.412698305843913
-14.430431463353285,3.1930710638340467,1.1780340574472583
-24.82400153793865,3.080803114723358,0.637189138098502
-24.815902864126294,3.0663350893582546,0.6371070761249382
-24.809952983910314,3.060481977400465,0.6395544758995345
-21.63547450117081,2.8823487872318214,-0.9086747750202031
-21.95345226638641,2.4816090142038485,-1.259010345806281
-29.565615896669286,3.4386851787863666,2.01110099859611
-18.189110890320087,2.6278207686075263,2.9138397873889086
-24.56775938447516,2.9551578989641607,0.6345137363874638
-24.686844485023858,2.992751872884481,0.48407767446058897
-24.67189975206352,3.0023965540067596,0.5583276314872214
-24.461150077329627,2.9265234387268055,0.530503716906919
-24.56172453097157,2.943592144471536,0.5284653697416123
-13.310646539306378,2.1755277000645177,-0.2970363337069416
-24.66027173162008,2.9600281289164836,0.5478842185135993
-24.46760581190847,2.9267379670838625,0.6200134860569732
-24.671477074137353,2.97344532076672,0.6313398703060881
-24.672864446666896,2.975049507614357,0.6381152555051436
-24.674231326629883,2.980501229844393,0.6431286608715825
-24.67435819330214,2.9759868574479533,0.656474483854503
-24.574008612972488,2.953890374640351,0.6204227423675712
-24.677581432509953,2.972460391038995,0.5999820058430141
-24.575370531249323,2.968429159489701,0.6550818001304168
-24.59970006412573,2.958715216508087,0.5141483339831414
-24.600315251596353,2.9513411544869195,0.5180929028892949
-24.590687654007525,2.9403553509903593,0.5929385838112452
-24.59019973299626,2.9355140087433877,0.6012632269438294
-24.59290212346051,2.9348969584772715,0.5815253952308496
-24.592866007335196,2.937705578074134,0.5894679693716064
-24.593291169001322,2.9413646854645763,0.5928298998839434
-24.593180159784012,2.9466727001289854,0.6039522322257544
-24.59348775392513,2.949189484450518,0.6065939654387934
-24.593387679448107,2.9461444070981337,0.6120853200508745
-24.59317385961268,2.935658930043733,0.6073793819050847
-24.59288987027704,2.934388153462591,0.609041711863708
-24.493662165318735,2.9321261363642512,0.5929308313575047
-24.49576340604466,2.9305010372202283,0.5712485773730184
-24.59668162589483,2.943764710271946,0.5757681859326248
-24.59654114071733,2.9460502737852634,0.5793072254079542
-24.598709842513568,2.9489772421151472,0.5609582429270527
-24.597435489031493,2.956639557551956,0.5729057518778315
-24.597954624220264,2.9581597916323963,0.5636691093945329
-24.593259766970863,2.96431040771029,0.5984979753850254
-24.590830472259864,2.966063064894426,0.6007094174596753
-24.590526252414563,2.9486056662115327,0.5724758770675565
-24.586107097234766,2.966864340002976,0.618100431238915
-24.80515037092576,3.0553025220853467,0.6072359894382051
-24.82056006765707,3.0876251838385835,0.5835101714618988
-24.824935988496733,3.0942102950574424,0.5997492765871026
-24.833098228247884,3.111608639879938,0.6233078290585434
-24.83461053549604,3.10835343020157,0.6683932151902412
-24.8368626021707,3.0907521687727106,0.6406880413138131
-24.739809009111763,3.0918507123964947,0.6295444172041574
-24.73111325843042,3.0475325601843446,0.6915716600367939
-24.772535749203946,3.1535674029418197,0.6105410190740233
-24.777756050942312,3.157587677070958,0.6172574280385514
-24.78289106456401,3.161066391654729,0.6145182421571791
-24.78316910322054,3.1517539653242777,0.6011525699761334
-24.772951715813377,3.110293412928437,0.5800064049958663
-24.778803197573847,3.127576380426107,0.5793307834086758
-24.774873931590758,3.1098196644243448,0.5625401267434867
-24.77235958761701,3.105846016431237,0.5600719516108376
-24.765587074454466,3.0925373233359066,0.5623503549166855
-24.777747975002594,3.1531179688824027,0.5986081396814639
-24.777573227413768,3.164435852993303,0.6072183653242301
-24.86604047604044,3.1283330978320922,0.6224557531089381
-24.873635872441355,3.15628309396762,0.6146429185339903
-24.867712650978465,3.158155739535933,0.6189595761822233
-24.86687214984799,3.1641574098170704,0.5944146751949697
-24.873804005881578,3.193349921180228,0.5906066358906967
-24.876600722911036,3.215938492855834,0.6000564558397576
-24.858750111270396,3.1303594256070038,0.4808991885380933
-24.820589583532392,3.078292063669546,0.6043575096509948
-24.716964444622935,3.0748461117667465,0.6333599720350636
-24.820059009367725,3.0628439938389733,0.6280541851248725
-24.831927219296656,3.1047247090105032,0.6386882808654646
-24.83062570263701,3.0797717040766637,0.6139989548436867
-24.8350076496803,3.1006869211516297,0.6404469545971657
-24.846909850374036,3.1319276155543436,0.6308785518868966
-24.83380876142076,3.0869256395198184,0.6332221745906357
-24.843370803304936,3.122966249002782,0.6723928210480827
-24.84588578053508,3.1119296118589643,0.6084781507467231
-24.84212701592898,3.1013652994033896,0.6134566833339414
-24.839231994874414,3.1018525787232547,0.6416444875578843
-24.740076701771134,3.0759265292296365,0.5461366017680371
-24.83549040474745,3.081543860961847,0.611473657094663
-24.844698721341718,3.1215540932451824,0.6334901379003391
-24.851308445723994,3.1164634404943956,0.570820058479073
-24.84802432143316,3.1244381358199362,0.6102006863885867
-24.847714263295906,3.11460317430328,0.5925718455849296
-24.85501823574401,3.1458079175590146,0.6193041069111556
-24.847595665005674,3.112334486750047,0.5973560755196053
-24.859304372830234,3.151675281570429,0.6094589327119554
-24.852731474700878,3.119131282519299,0.5840473914239593
-24.850000364096626,3.1089373460376843,0.5879729733899925
-24.850480960722912,3.106916322939191,0.5898430275199942
-24.854247844533177,3.111719111117517,0.595659848364336
-24.85757760850917,3.1195733341893948,0.6001508812622641
-24.738546699389236,3.0240576048758943,0.568511195165013
-24.85754011012106,3.103971599825948,0.5871322478374881
-24.859857850874633,3.1222944902587773,0.6135501527281617
-24.754351899280298,3.0953841710983463,0.5627669285901002
-24.752561400945417,3.089715729994534,0.5640792339745775
-24.755889983826023,3.0997279915845146,0.5571456722763742
-24.7576140681386,3.1025078095632024,0.5518563703120174
-24.757873654397446,3.1035775538542034,0.5526483963435344
-24.75657992592127,3.1144670068744458,0.5794972711725823
-24.757697509729883,3.1086368803994424,0.5602953353328688
-24.756866503634598,3.115559208344641,0.5736668089133035
-24.853814604246804,3.0945940033496124,0.5832889573771668
-24.857957340025862,3.1026648474915492,0.5683767058937772
-24.85831156582977,3.102160510027515,0.562601995880565
-24.74718220402313,3.0574536234983203,0.5368400887812083
-24.8562448837082,3.0990560904106386,0.5652863939254165
-24.853363135156588,3.093549521927028,0.5713979931944169
-24.858322497231164,3.116453593097529,0.5805044380343978
-24.85166166511049,3.086956176182149,0.5679608845610613
-24.85649406005711,3.1060000747324956,0.5689237682892504
-24.863166947218936,3.1283533435473414,0.5694003010489352
-24.85920739139587,3.1175640337279953,0.5720603872849472
-24.858350889735878,3.114019504303038,0.5688486184572021
-24.85663824326395,3.1007454234579086,0.5533117863262008
-24.753258109609405,3.083240774469682,0.5206166020658801
-24.748053698548365,3.060112690596999,0.5195999053917304
-24.754357222531507,3.065449271594066,0.4914351585274893
-24.74029216540994,3.0280277731941165,0.523062634812324
-24.734693707278563,3.026119381680218,0.549343583096878
-24.738742954125545,3.038975324026385,0.5319362025849287
-24.740099231887317,3.0539240917789656,0.5303866557016168
-24.723560938948513,3.010641640021862,0.5899438746608183
-24.72856521554329,3.0527722865584925,0.5865610252515462
-24.720218478079005,3.0048681817199383,0.5960181869123357
-24.61713253969514,2.968645108341872,0.5824455138720108
-7.042241010068498,2.4073132813413887,-2.2204845008144396
-24.61299766971366,2.977230407271152,0.7782082145756213
-24.608323718358275,2.9609000232482217,0.6983341731022766
-24.609146476652846,2.962399362903803,0.6942931002323939
-24.61104784202534,2.9568031549896214,0.7127195725108469
-24.514190940738008,2.9556671933017524,0.7185624467580283
-24.519058935694574,2.9437396071455435,0.7242733997371027
-24.525889076979425,2.944042315460068,0.7106665508865182
-24.53525679541483,2.965183660269215,0.7227765142798934
-24.64469860213128,2.9631024160843085,0.7412851472824712
-24.554840939523423,2.9563607572376984,0.7760883579046527
-24.80725350643953,3.1939527983960874,0.7015498701867624
-24.816354328524653,3.1829145519682633,0.6726975549596345
-24.820915013799315,3.1638424629697406,0.7160060132401225
-24.834611401462425,3.164433664321752,0.7680737064437474
-24.839989339562404,3.1394815066621433,0.7967517014742799
-24.730626413537355,3.088350006583032,0.7994294117059373
-24.875515899315687,3.2528171147983556,0.7291513111780544
-24.869318801460338,3.2376608297641507,0.7170914467858749
-24.867781003204726,3.23098071374503,0.7311460995314342
-24.719578928745094,3.081535171632025,0.680845894234915
-24.725340097094037,3.095166767881906,0.6787237882577069
-24.731640864081772,3.1180782680302768,0.7071339999998183
-24.73194781231249,3.1162235021140137,0.7048107548579327
-24.731251604682072,3.1136015025054107,0.6957034184363949
-12.21818730992122,3.5502197635599853,0.897470313689378
-12.401455030670105,3.1725194834378665,0.8506564430126045
-6.813055620297774,3.287955585008661,-0.016154700585159443
-12.292260540101138,2.865710076459378,0.5039024060419258
-19.815353698842735,2.282388691652946,0.6205798160994562
-19.92976521674008,0.8708477913062496,1.1341088279232587
-19.935659108764536,0.8347077052574692,1.1180121610442433
-22.128781743610265,1.4917827605392873,0.9122072426857243
-22.235365442364653,1.4737210992889618,0.8713034506651683
-24.388566892371898,1.8670287155278102,0.6708177278700891
-24.389805031043775,1.8559715945559814,0.6564730613592934
-24.359236220483808,1.8906168687537195,0.7156250735229837
-24.343250057064633,1.9094822065503516,0.7436749835200802
-24.323445683306318,1.9369421585152884,0.7049008804044926
-22.4837203557666,1.127328887213674,0.5957508083565636
-22.530837157228977,1.2566050154628252,0.5756796269544111
-22.510300427967632,1.2953174137863745,0.7178171659795023
-22.416899926783824,1.2647580635333044,0.7974056721371051
-22.365262037410204,1.3819437048347776,0.7928352458897259
-22.323566182311282,1.4884555270036572,0.7884364485561985
-19.642808673711713,0.6802725871128357,0.9190864208785652
-19.903688991304975,2.1919674987367492,0.9314774857351392
-24.81817905446623,3.1963636789735475,0.6672975282202407
-24.900862591647904,3.3750129814811594,0.648490601514868
-24.894403203821767,3.3679645125893276,0.6097216564820351
-24.882271256147174,3.356408866099395,0.6237252410275687
-24.8771366178167,3.347915711196329,0.6157774660224239
-24.857704677729583,3.3098042756484203,0.615272298038993
-24.823602436367555,3.220610190363153,0.6006606500742137
-24.81921316725685,3.2024677297229474,0.5931934536437625
-24.810135645372117,3.178145404773486,0.6124435485974258
-24.815044887859344,3.197571521448263,0.6295739761517709
-24.80912020236141,3.179302142250732,0.6391370951730259
-24.811966685220074,3.1860866903264355,0.6277287627127262
-13.074234641843685,2.2116440930277785,1.1217518705366722
-15.697689258839207,2.5239488583735645,1.6877451977239186
-14.939460035894895,2.608640410811648,1.2335362210709528
-6.724154037118584,3.4344755698497416,0.66791594973081
-24.51195479022833,2.9496202883746334,0.681236892433525
-24.506012309327097,2.943087406333779,0.6710227143192601
-24.601242592915035,2.9481002475853875,0.6647157730533302
-24.70635258308904,3.039011823543723,0.6987441382903237
-24.70496731764261,3.0536103273774384,0.7112450010546403
-24.70474684786684,3.0671027753238436,0.7262410474774234
-24.69950164289681,3.0506221034371874,0.7242062259187734
-24.697702494369423,3.050195604070569,0.7083981955437486
-24.69660013696956,3.046835743050297,0.7121706656262807
-24.696159691895925,3.0347746914465765,0.7504249417913385
-24.692928484624552,3.0269461822084556,0.7184287875596034
-24.69213710753758,3.0257825715824005,0.7228008470834267
-24.690940483352012,3.028282070182122,0.7204804140406399
-24.68869617938103,3.032661935285056,0.7072003460065103
-24.68134300263225,3.009307729444354,0.6998790175393353
-23.34914304249758,2.961831891890039,0.0026198907560353035
-24.683047678232942,2.957246572535942,0.389901963465899
-24.586841352863182,2.952601948874454,0.32483534884711873
-24.639835310246927,2.953542319203847,0.46129073340240173
-31.18541424992272,5.646049902008819,1.826660707652353
-31.542468623195834,5.218153274620594,2.3361509423860127
-26.51735423781644,3.503659726099715,0.5610281283311205
-25.650829584327862,3.081678353296131,0.23333319565410873
-25.55375805541398,3.0495764756562505,0.18015535851090395
-25.660043828600823,3.064356842137617,0.21216010626583473
-25.66238001758299,3.0568526047274798,0.17287699141961319
-26.14737587410677,3.1958431847169804,0.25967303485119464
-25.666803261574,3.0504451954394924,0.20001302456008901
-25.659937747156008,3.0642820202813708,0.19121928332070962
-25.56543450878085,3.029193564280508,0.18487842112477937
-25.560226407940917,3.0413227799991582,0.22072885910556567
-25.558787395707153,3.0442565480157695,0.21716026832903504
-25.55937387221213,3.043443012782855,0.21678006192606672
-25.56102662274031,3.039591116648434,0.19362065526790292
-25.55838885317056,3.044718927969633,0.19255467464703144
-25.553309799288996,3.053794641891659,0.1903492155149454
-25.55931280699345,3.042136456292664,0.18418837333282317
-25.56242765283118,3.0376670159996415,0.20059937320631382
-25.552496307568006,3.0546102513545836,0.18632133039902044
-25.658634187102596,3.0641377774434435,0.15884691496581324
-25.562870401283945,3.035691553074921,0.18163291638867546
-25.561921315592944,3.0314344066313517,0.14825949759878046
-25.657293812210003,3.0725164311325575,0.20046325779317017
-25.667941598784672,3.0500211286797048,0.19838773197123455
-25.66420770965035,3.0576899458448215,0.1960432940513646
-25.66894096802641,3.0483454123851312,0.21342229085155953
-25.668036324619735,3.0444743260511853,0.15654280843641605
-25.77108756526756,3.0640357358212293,0.1974489933651703
-25.67189008993238,3.0420401880631616,0.2040031284049999
-25.564578165251795,3.034872615734519,0.22084878063882687
-25.673406620323107,3.0396077055914814,0.21713186710926405
-25.661408085861954,3.062941768777872,0.25447016037428694
-25.564611531843113,3.035305145416893,0.20859696312371306
-25.66158073969173,3.0648183337867705,0.23305470518383123
-25.567284448515892,3.0304496027065015,0.21040836694718365
-25.65999096415431,3.0687575184093063,0.2147781838915042
-25.558913903125394,3.045490524963433,0.23763770530131906
-25.764307456548078,3.081032657011665,0.24305186232419027
-26.148462680462078,3.1994614599107645,0.24726376013580967
-26.149545891943703,3.1962003705360664,0.25573305694058235
-26.323570508274084,3.2983336385486344,0.26865307445352904
-26.322015646264013,3.293000230566193,0.32844132750841626
-26.149444533782457,3.1989102281513664,0.22126057209144084
-26.065444541274374,3.138616129404461,0.22899940293938548
-25.666769985961842,3.0562353817159864,0.2143020462678782
-25.66389733155292,3.0604671090312543,0.24904656964047064
-25.66406019347066,3.060027341337011,0.2511626771555516
-29.628951595253053,4.621924419334796,1.8704231819896293
-29.628951595253053,4.621924419334796,1.8704231819896293
-29.628951595253053,4.621924419334796,1.8704231819896293
-29.628951595253053,4.621924419334796,1.8704231819896293
-29.628951595253053,4.621924419334796,1.8704231819896293
-29.628951595253053,4.621924419334796,1.8704231819896293
-29.628951595253053,4.621924419334796,1.8704231819896293
-29.628951595253053,4.621924419334796,1.8704231819896293
-29.628951595253053,4.621924419334796,1.8704231819896293
-29.628951595253053,4.621924419334796,1.8704231819896293
-29.628951595253053,4.621924419334796,1.8704231819896293
-29.628951595253053,4.621924419334796,1.8704231819896293
-29.628951595253053,4.621924419334796,1.8704231819896293
-29.628951595253053,4.621924419334796,1.8704231819896293
-29.628951595253053,4.621924419334796,1.8704231819896293
-29.628951595253053,4.621924419334796,1.8704231819896293
-29.628951595253053,4.621924419334796,1.8704231819896293
-29.628951595253053,4.621924419334796,1.8704231819896293
-29.628951595253053,4.621924419334796,1.8704231819896293
-29.628951595253053,4.621924419334796,1.8704231819896293
-29.628951595253053,4.621924419334796,1.8704231819896293
-29.628951595253053,4.621924419334796,1.8704231819896293
-29.628951595253053,4.621924419334796,1.8704231819896293
-29.628951595253053,4.621924419334796,1.8704231819896293
-29.628951595253053,4.621924419334796,1.8704231819896293
-29.628951595253053,4.621924419334796,1.8704231819896293
-29.628951595253053,4.621924419334796,1.8704231819896293
-29.628951595253053,4.621924419334796,1.8704231819896293
-29.628951595253053,4.621924419334796,1.8704231819896293
-29.628951595253053,4.621924419334796,1.8704231819896293
-29.628951595253053,4.621924419334796,1.8704231819896293
-29.628951595253053,4.621924419334796,1.8704231819896293
-29.628951595253053,4.621924419334796,1.8704231819896293
-29.628951595253053,4.621924419334796,1.8704231819896293
-29.628951595253053,4.621924419334796,1.8704231819896293
-29.628951595253053,4.621924419334796,1.8704231819896293
-29.628951595253053,4.621924419334796,1.8704231819896293
-29.628951595253053,4.621924419334796,1.8704231819896293
-29.628951595253053,4.621924419334796,1.8704231819896293
-26.3301682381444,3.3728451654865363,0.10634660156545536
-26.3301682381444,3.3728451654865363,0.10634660156545536
-26.3301682381444,3.3728451654865363,0.10634660156545536
-25.809846500368657,3.0809807473595883,0.1710611150452705
-25.809846500368657,3.0809807473595883,0.1710611150452705
-25.809846500368657,3.0809807473595883,0.1710611150452705
-25.809846500368657,3.0809807473595883,0.1710611150452705
-25.81049687634982,3.07965879551951,0.16993631881386873
-25.81049687634982,3.07965879551951,0.16993631881386873
-25.81049687634982,3.07965879551951,0.16993631881386873
-25.81049687634982,3.07965879551951,0.16993631881386873
-25.81049687634982,3.07965879551951,0.16993631881386873
-26.33561078537129,3.370890320581212,0.1557004813564654
-26.33561078537129,3.370890320581212,0.1557004813564654
-26.33561078537129,3.370890320581212,0.1557004813564654
-26.33561078537129,3.370890320581212,0.1557004813564654
-26.335572510338803,3.37118359078966,0.1578017228844021
-26.335572510338803,3.37118359078966,0.1578017228844021
-26.33652496202851,3.369814422032066,0.16090986955463094
-26.33652496202851,3.369814422032066,0.16090986955463094
-26.33652496202851,3.369814422032066,0.16090986955463094
-26.33652496202851,3.369814422032066,0.16090986955463094
-26.33572691531345,3.3712994972632306,0.1616232135262263
-26.33572691531345,3.3712994972632306,0.1616232135262263
-26.33572691531345,3.3712994972632306,0.1616232135262263
-26.33572691531345,3.3712994972632306,0.1616232135262263
-26.33572691531345,3.3712994972632306,0.1616232135262263
-26.335742516557037,3.3715859021615873,0.16492175704554318
-26.335742516557037,3.3715859021615873,0.16492175704554318
-26.335742516557037,3.3715859021615873,0.16492175704554318
-26.335742516557037,3.3715859021615873,0.16492175704554318
-26.335742516557037,3.3715859021615873,0.16492175704554318
-26.335742516557037,3.3715859021615873,0.16492175704554318
-26.32547191000469,3.391402911567014,0.22865719138817994
-26.32547191000469,3.391402911567014,0.22865719138817994
-26.32547191000469,3.391402911567014,0.22865719138817994
-26.32547191000469,3.391402911567014,0.22865719138817994
-26.024705382260706,3.1001897404216328,0.2415221371930786
-26.020913374433462,3.1077290000729296,0.17632713031556882
-26.020913374433462,3.1077290000729296,0.17632713031556882
-26.020913374433462,3.1077290000729296,0.17632713031556882
-26.020913374433462,3.1077290000729296,0.17632713031556882
-26.01664554148544,3.109287599946116,0.13684637443914655
-26.01664554148544,3.109287599946116,0.13684637443914655
-26.349232043420447,3.3348986094837993,0.09293180021022826
-26.349232043420447,3.3348986094837993,0.09293180021022826
-26.349232043420447,3.3348986094837993,0.09293180021022826
-26.349232043420447,3.3348986094837993,0.09293180021022826
-26.349232043420447,3.3348986094837993,0.09293180021022826
-26.34436314446558,3.3443766993366797,0.0938648822290047
-26.34436314446558,3.3443766993366797,0.0938648822290047
-26.34436314446558,3.3443766993366797,0.0938648822290047
-26.34436314446558,3.3443766993366797,0.0938648822290047
-26.346867907869694,3.340032339103901,0.09551564130475286
-26.34507877984754,3.343166499840422,0.09444500218782952
-26.34507877984754,3.343166499840422,0.09444500218782952
-26.34507877984754,3.343166499840422,0.09444500218782952
-26.34507877984754,3.343166499840422,0.09444500218782952
-26.34507877984754,3.343166499840422,0.09444500218782952
-26.348261319303216,3.3386337588373127,0.10099083309716342
-26.348261319303216,3.3386337588373127,0.10099083309716342
-26.348261319303216,3.3386337588373127,0.10099083309716342
-26.348261319303216,3.3386337588373127,0.10099083309716342
-26.348261319303216,3.3386337588373127,0.10099083309716342
-26.348261319303216,3.3386337588373127,0.10099083309716342
-26.348261319303216,3.3386337588373127,0.10099083309716342
-26.348261319303216,3.3386337588373127,0.10099083309716342
-26.348261319303216,3.3386337588373127,0.10099083309716342
-26.348261319303216,3.3386337588373127,0.10099083309716342
-26.348261319303216,3.3386337588373127,0.10099083309716342
-26.348261319303216,3.3386337588373127,0.10099083309716342
-26.348261319303216,3.3386337588373127,0.10099083309716342
-26.348261319303216,3.3386337588373127,0.10099083309716342
-26.348261319303216,3.3386337588373127,0.10099083309716342
-26.348261319303216,3.3386337588373127,0.10099083309716342
-26.348261319303216,3.3386337588373127,0.10099083309716342
-26.348261319303216,3.3386337588373127,0.10099083309716342
-26.348261319303216,3.3386337588373127,0.10099083309716342
-26.348261319303216,3.3386337588373127,0.10099083309716342
-26.348261319303216,3.3386337588373127,0.10099083309716342
-26.348261319303216,3.3386337588373127,0.10099083309716342
-26.348261319303216,3.3386337588373127,0.10099083309716342
-26.348261319303216,3.3386337588373127,0.10099083309716342
-26.348261319303216,3.3386337588373127,0.10099083309716342
-26.348261319303216,3.3386337588373127,0.10099083309716342
-26.348261319303216,3.3386337588373127,0.10099083309716342
-26.348261319303216,3.3386337588373127,0.10099083309716342
-26.348261319303216,3.3386337588373127,0.10099083309716342
-26.348261319303216,3.3386337588373127,0.10099083309716342
-26.348261319303216,3.3386337588373127,0.10099083309716342
-26.348261319303216,3.3386337588373127,0.10099083309716342
-26.348261319303216,3.3386337588373127,0.10099083309716342
-26.348261319303216,3.3386337588373127,0.10099083309716342
-26.348261319303216,3.3386337588373127,0.10099083309716342
-26.348261319303216,3.3386337588373127,0.10099083309716342
-26.348261319303216,3.3386337588373127,0.10099083309716342
-26.348261319303216,3.3386337588373127,0.10099083309716342
-26.348261319303216,3.3386337588373127,0.10099083309716342
-26.348261319303216,3.3386337588373127,0.10099083309716342
-26.348261319303216,3.3386337588373127,0.10099083309716342
-26.348261319303216,3.3386337588373127,0.10099083309716342
-26.348261319303216,3.3386337588373127,0.10099083309716342
-26.348261319303216,3.3386337588373127,0.10099083309716342
-26.348261319303216,3.3386337588373127,0.10099083309716342
-26.348261319303216,3.3386337588373127,0.10099083309716342
-26.348261319303216,3.3386337588373127,0.10099083309716342
-26.348261319303216,3.3386337588373127,0.10099083309716342
-26.348261319303216,3.3386337588373127,0.10099083309716342
-26.348261319303216,3.3386337588373127,0.10099083309716342
-26.348261319303216,3.3386337588373127,0.10099083309716342
-26.348261319303216,3.3386337588373127,0.10099083309716342
-26.348261319303216,3.3386337588373127,0.10099083309716342
-26.348261319303216,3.3386337588373127,0.10099083309716342
-26.348261319303216,3.3386337588373127,0.10099083309716342
-26.348261319303216,3.3386337588373127,0.10099083309716342
-26.348261319303216,3.3386337588373127,0.10099083309716342
-26.348261319303216,3.3386337588373127,0.10099083309716342
-26.348261319303216,3.3386337588373127,0.10099083309716342
-26.348261319303216,3.3386337588373127,0.10099083309716342
-26.348261319303216,3.3386337588373127,0.10099083309716342
-26.348261319303216,3.3386337588373127,0.10099083309716342
-26.348261319303216,3.3386337588373127,0.10099083309716342
-26.348261319303216,3.3386337588373127,0.10099083309716342
-26.348261319303216,3.3386337588373127,0.10099083309716342
-26.348261319303216,3.3386337588373127,0.10099083309716342
-26.348261319303216,3.3386337588373127,0.10099083309716342
-26.348261319303216,3.3386337588373127,0.10099083309716342
-26.348261319303216,3.3386337588373127,0.10099083309716342
-26.348261319303216,3.3386337588373127,0.10099083309716342
-26.348261319303216,3.3386337588373127,0.10099083309716342
-26.348261319303216,3.3386337588373127,0.10099083309716342
-26.348261319303216,3.3386337588373127,0.10099083309716342
-26.348261319303216,3.3386337588373127,0.10099083309716342
-26.348261319303216,3.3386337588373127,0.10099083309716342
-26.348261319303216,3.3386337588373127,0.10099083309716342
-26.348261319303216,3.3386337588373127,0.10099083309716342
-26.348261319303216,3.3386337588373127,0.10099083309716342
-26.348261319303216,3.3386337588373127,0.10099083309716342
-26.348261319303216,3.3386337588373127,0.10099083309716342
-26.348261319303216,3.3386337588373127,0.10099083309716342
-26.348261319303216,3.3386337588373127,0.10099083309716342
-26.348261319303216,3.3386337588373127,0.10099083309716342
-26.348261319303216,3.3386337588373127,0.10099083309716342
-26.348261319303216,3.3386337588373127,0.10099083309716342
-26.348261319303216,3.3386337588373127,0.10099083309716342
-26.348261319303216,3.3386337588373127,0.10099083309716342
-26.348261319303216,3.3386337588373127,0.10099083309716342
-26.348261319303216,3.3386337588373127,0.10099083309716342
-26.348261319303216,3.3386337588373127,0.10099083309716342
-26.348261319303216,3.3386337588373127,0.10099083309716342
-26.348261319303216,3.3386337588373127,0.10099083309716342
-26.348261319303216,3.3386337588373127,0.10099083309716342
-26.348261319303216,3.3386337588373127,0.10099083309716342
-26.348261319303216,3.3386337588373127,0.10099083309716342
-26.348261319303216,3.3386337588373127,0.10099083309716342
-26.348261319303216,3.3386337588373127,0.10099083309716342
-26.348261319303216,3.3386337588373127,0.10099083309716342
-26.348261319303216,3.3386337588373127,0.10099083309716342
-26.348261319303216,3.3386337588373127,0.10099083309716342
-26.348261319303216,3.3386337588373127,0.10099083309716342
-26.348261319303216,3.3386337588373127,0.10099083309716342
-26.348261319303216,3.3386337588373127,0.10099083309716342
-26.348261319303216,3.3386337588373127,0.10099083309716342
-26.348261319303216,3.3386337588373127,0.10099083309716342
-26.348261319303216,3.3386337588373127,0.10099083309716342
-26.348261319303216,3.3386337588373127,0.10099083309716342
-26.348261319303216,3.3386337588373127,0.10099083309716342
-26.348261319303216,3.3386337588373127,0.10099083309716342
-26.348261319303216,3.3386337588373127,0.10099083309716342
-26.348261319303216,3.3386337588373127,0.10099083309716342
-26.348261319303216,3.3386337588373127,0.10099083309716342
-26.348261319303216,3.3386337588373127,0.10099083309716342
-26.348261319303216,3.3386337588373127,0.10099083309716342
-26.348261319303216,3.3386337588373127,0.10099083309716342
-26.348261319303216,3.3386337588373127,0.10099083309716342
-26.348261319303216,3.3386337588373127,0.10099083309716342
-26.348261319303216,3.3386337588373127,0.10099083309716342
-26.348261319303216,3.3386337588373127,0.10099083309716342
-26.348261319303216,3.3386337588373127,0.10099083309716342
-26.348261319303216,3.3386337588373127,0.10099083309716342
-26.348261319303216,3.3386337588373127,0.10099083309716342
-26.348261319303216,3.3386337588373127,0.10099083309716342
-26.348261319303216,3.3386337588373127,0.10099083309716342
-26.348261319303216,3.3386337588373127,0.10099083309716342
-26.348261319303216,3.3386337588373127,0.10099083309716342
-26.348261319303216,3.3386337588373127,0.10099083309716342
-26.348261319303216,3.3386337588373127,0.10099083309716342
-26.348261319303216,3.3386337588373127,0.10099083309716342
-26.348261319303216,3.3386337588373127,0.10099083309716342
-26.348261319303216,3.3386337588373127,0.10099083309716342
-26.348261319303216,3.3386337588373127,0.10099083309716342
-26.348261319303216,3.3386337588373127,0.10099083309716342
-26.348261319303216,3.3386337588373127,0.10099083309716342
-26.348261319303216,3.3386337588373127,0.10099083309716342
-26.348261319303216,3.3386337588373127,0.10099083309716342
-26.348261319303216,3.3386337588373127,0.10099083309716342
-26.348261319303216,3.3386337588373127,0.10099083309716342
-26.348261319303216,3.3386337588373127,0.10099083309716342
-26.348261319303216,3.3386337588373127,0.10099083309716342
-26.348261319303216,3.3386337588373127,0.10099083309716342
-26.348261319303216,3.3386337588373127,0.10099083309716342
-26.348261319303216,3.3386337588373127,0.10099083309716342
-26.348261319303216,3.3386337588373127,0.10099083309716342
-26.348261319303216,3.3386337588373127,0.10099083309716342
-26.348261319303216,3.3386337588373127,0.10099083309716342
-26.348261319303216,3.3386337588373127,0.10099083309716342
-26.348261319303216,3.3386337588373127,0.10099083309716342
-26.348261319303216,3.3386337588373127,0.10099083309716342
-26.348261319303216,3.3386337588373127,0.10099083309716342
-26.348261319303216,3.3386337588373127,0.10099083309716342
-26.348261319303216,3.3386337588373127,0.10099083309716342
-26.348261319303216,3.3386337588373127,0.10099083309716342
-26.348261319303216,3.3386337588373127,0.10099083309716342
-26.348261319303216,3.3386337588373127,0.10099083309716342
-26.348261319303216,3.3386337588373127,0.10099083309716342
-26.348261319303216,3.3386337588373127,0.10099083309716342
-26.348261319303216,3.3386337588373127,0.10099083309716342
-26.348261319303216,3.3386337588373127,0.10099083309716342
-26.348261319303216,3.3386337588373127,0.10099083309716342
-26.348261319303216,3.3386337588373127,0.10099083309716342
-26.348261319303216,3.3386337588373127,0.10099083309716342
-26.348261319303216,3.3386337588373127,0.10099083309716342
-26.348261319303216,3.3386337588373127,0.10099083309716342
-26.348261319303216,3.3386337588373127,0.10099083309716342
-26.348261319303216,3.3386337588373127,0.10099083309716342
-26.348261319303216,3.3386337588373127,0.10099083309716342
-26.348261319303216,3.3386337588373127,0.10099083309716342
-26.348261319303216,3.3386337588373127,0.10099083309716342
-26.348261319303216,3.3386337588373127,0.10099083309716342
-26.348261319303216,3.3386337588373127,0.10099083309716342
-26.348261319303216,3.3386337588373127,0.10099083309716342
-26.348261319303216,3.3386337588373127,0.10099083309716342
-26.348261319303216,3.3386337588373127,0.10099083309716342
-26.348261319303216,3.3386337588373127,0.10099083309716342
-26.348261319303216,3.3386337588373127,0.10099083309716342
-26.348261319303216,3.3386337588373127,0.10099083309716342
-26.348261319303216,3.3386337588373127,0.10099083309716342
-26.348261319303216,3.3386337588373127,0.10099083309716342
-26.348261319303216,3.3386337588373127,0.10099083309716342
-26.348261319303216,3.3386337588373127,0.10099083309716342
-26.348261319303216,3.3386337588373127,0.10099083309716342
-26.348261319303216,3.3386337588373127,0.10099083309716342
-26.348261319303216,3.3386337588373127,0.10099083309716342
-26.348261319303216,3.3386337588373127,0.10099083309716342
-26.348261319303216,3.3386337588373127,0.10099083309716342
-26.348261319303216,3.3386337588373127,0.10099083309716342
-26.348261319303216,3.3386337588373127,0.10099083309716342
-26.348261319303216,3.3386337588373127,0.10099083309716342
-26.348261319303216,3.3386337588373127,0.10099083309716342
-26.348261319303216,3.3386337588373127,0.10099083309716342
-26.348261319303216,3.3386337588373127,0.10099083309716342
-26.348261319303216,3.3386337588373127,0.10099083309716342
-26.348261319303216,3.3386337588373127,0.10099083309716342
-26.348261319303216,3.3386337588373127,0.10099083309716342
-26.348261319303216,3.3386337588373127,0.10099083309716342
-26.348261319303216,3.3386337588373127,0.10099083309716342
-26.348261319303216,3.3386337588373127,0.10099083309716342
-26.348261319303216,3.3386337588373127,0.10099083309716342
-26.348261319303216,3.3386337588373127,0.10099083309716342
-26.348261319303216,3.3386337588373127,0.10099083309716342
-26.348261319303216,3.3386337588373127,0.10099083309716342
-26.348261319303216,3.3386337588373127,0.10099083309716342
-26.348261319303216,3.3386337588373127,0.10099083309716342
-26.348261319303216,3.3386337588373127,0.10099083309716342
-26.348261319303216,3.3386337588373127,0.10099083309716342
-26.348261319303216,3.3386337588373127,0.10099083309716342
-26.348261319303216,3.3386337588373127,0.10099083309716342
-26.348261319303216,3.3386337588373127,0.10099083309716342
-26.348261319303216,3.3386337588373127,0.10099083309716342
-26.348261319303216,3.3386337588373127,0.10099083309716342
-26.348261319303216,3.3386337588373127,0.10099083309716342
-26.348261319303216,3.3386337588373127,0.10099083309716342
-26.348261319303216,3.3386337588373127,0.10099083309716342
-26.348261319303216,3.3386337588373127,0.10099083309716342
-26.348261319303216,3.3386337588373127,0.10099083309716342
-26.348261319303216,3.3386337588373127,0.10099083309716342
-26.348261319303216,3.3386337588373127,0.10099083309716342
-26.348261319303216,3.3386337588373127,0.10099083309716342
-26.348261319303216,3.3386337588373127,0.10099083309716342
-26.348261319303216,3.3386337588373127,0.10099083309716342
-26.348261319303216,3.3386337588373127,0.10099083309716342
-26.348261319303216,3.3386337588373127,0.10099083309716342
-26.348261319303216,3.3386337588373127,0.10099083309716342
-26.348261319303216,3.3386337588373127,0.10099083309716342
-26.348261319303216,3.3386337588373127,0.10099083309716342
-26.348261319303216,3.3386337588373127,0.10099083309716342
-26.348261319303216,3.3386337588373127,0.10099083309716342
-26.348261319303216,3.3386337588373127,0.10099083309716342
-26.348261319303216,3.3386337588373127,0.10099083309716342
-26.348261319303216,3.3386337588373127,0.10099083309716342
-26.348261319303216,3.3386337588373127,0.10099083309716342
-26.348261319303216,3.3386337588373127,0.10099083309716342
-26.348261319303216,3.3386337588373127,0.10099083309716342
-26.348261319303216,3.3386337588373127,0.10099083309716342
-26.348261319303216,3.3386337588373127,0.10099083309716342
-26.348261319303216,3.3386337588373127,0.10099083309716342
-26.348261319303216,3.3386337588373127,0.10099083309716342
-26.348261319303216,3.3386337588373127,0.10099083309716342
-26.348261319303216,3.3386337588373127,0.10099083309716342
-26.348261319303216,3.3386337588373127,0.10099083309716342
-26.348261319303216,3.3386337588373127,0.10099083309716342
-26.348261319303216,3.3386337588373127,0.10099083309716342
-26.348261319303216,3.3386337588373127,0.10099083309716342
-26.348261319303216,3.3386337588373127,0.10099083309716342
-26.348261319303216,3.3386337588373127,0.10099083309716342
-26.348261319303216,3.3386337588373127,0.10099083309716342
-26.348261319303216,3.3386337588373127,0.10099083309716342
-26.348261319303216,3.3386337588373127,0.10099083309716342
-26.348261319303216,3.3386337588373127,0.10099083309716342
-26.348261319303216,3.3386337588373127,0.10099083309716342
-26.348261319303216,3.3386337588373127,0.10099083309716342
-26.348261319303216,3.3386337588373127,0.10099083309716342
-26.348261319303216,3.3386337588373127,0.10099083309716342
-26.348261319303216,3.3386337588373127,0.10099083309716342
-26.348261319303216,3.3386337588373127,0.10099083309716342
-26.348261319303216,3.3386337588373127,0.10099083309716342
-26.348261319303216,3.3386337588373127,0.10099083309716342
-26.348261319303216,3.3386337588373127,0.10099083309716342
-26.348261319303216,3.3386337588373127,0.10099083309716342
-26.348261319303216,3.3386337588373127,0.10099083309716342
-26.348261319303216,3.3386337588373127,0.10099083309716342
-26.348261319303216,3.3386337588373127,0.10099083309716342
-26.348261319303216,3.3386337588373127,0.10099083309716342
-26.348261319303216,3.3386337588373127,0.10099083309716342
-26.348261319303216,3.3386337588373127,0.10099083309716342
-26.348261319303216,3.3386337588373127,0.10099083309716342
-26.348261319303216,3.3386337588373127,0.10099083309716342
-26.348261319303216,3.3386337588373127,0.10099083309716342
-26.348261319303216,3.3386337588373127,0.10099083309716342
-26.348261319303216,3.3386337588373127,0.10099083309716342
-26.348261319303216,3.3386337588373127,0.10099083309716342
-26.348261319303216,3.3386337588373127,0.10099083309716342
-26.348261319303216,3.3386337588373127,0.10099083309716342
-26.348261319303216,3.3386337588373127,0.10099083309716342
-26.348261319303216,3.3386337588373127,0.10099083309716342
-26.348261319303216,3.3386337588373127,0.10099083309716342
-26.348261319303216,3.3386337588373127,0.10099083309716342
-26.348261319303216,3.3386337588373127,0.10099083309716342
-26.348261319303216,3.3386337588373127,0.10099083309716342
-26.348261319303216,3.3386337588373127,0.10099083309716342
-26.348261319303216,3.3386337588373127,0.10099083309716342
-26.348261319303216,3.3386337588373127,0.10099083309716342
-26.348261319303216,3.3386337588373127,0.10099083309716342
-26.348261319303216,3.3386337588373127,0.10099083309716342
-26.348261319303216,3.3386337588373127,0.10099083309716342
-26.348261319303216,3.3386337588373127,0.10099083309716342
-26.348261319303216,3.3386337588373127,0.10099083309716342
-26.348261319303216,3.3386337588373127,0.10099083309716342
-26.348261319303216,3.3386337588373127,0.10099083309716342
-26.348261319303216,3.3386337588373127,0.10099083309716342
-26.348261319303216,3.3386337588373127,0.10099083309716342
-26.348261319303216,3.3386337588373127,0.10099083309716342
-26.348261319303216,3.3386337588373127,0.10099083309716342
-26.348261319303216,3.3386337588373127,0.10099083309716342
-26.348261319303216,3.3386337588373127,0.10099083309716342
-26.348261319303216,3.3386337588373127,0.10099083309716342
-26.348261319303216,3.3386337588373127,0.10099083309716342
-26.348261319303216,3.3386337588373127,0.10099083309716342
-26.348261319303216,3.3386337588373127,0.10099083309716342
-26.348261319303216,3.3386337588373127,0.10099083309716342
-26.348261319303216,3.3386337588373127,0.10099083309716342
-26.348261319303216,3.3386337588373127,0.10099083309716342
-26.348261319303216,3.3386337588373127,0.10099083309716342
-26.348261319303216,3.3386337588373127,0.10099083309716342
-26.348261319303216,3.3386337588373127,0.10099083309716342
-26.348261319303216,3.3386337588373127,0.10099083309716342
-26.348261319303216,3.3386337588373127,0.10099083309716342
-26.348261319303216,3.3386337588373127,0.10099083309716342
-26.348261319303216,3.3386337588373127,0.10099083309716342
-26.348261319303216,3.3386337588373127,0.10099083309716342
-26.348261319303216,3.3386337588373127,0.10099083309716342
-26.348261319303216,3.3386337588373127,0.10099083309716342
-26.348261319303216,3.3386337588373127,0.10099083309716342
-26.348261319303216,3.3386337588373127,0.10099083309716342
-26.348261319303216,3.3386337588373127,0.10099083309716342
-26.348261319303216,3.3386337588373127,0.10099083309716342
-26.348261319303216,3.3386337588373127,0.10099083309716342
-26.348261319303216,3.3386337588373127,0.10099083309716342
-26.348261319303216,3.3386337588373127,0.10099083309716342
-26.348261319303216,3.3386337588373127,0.10099083309716342
-26.348261319303216,3.3386337588373127,0.10099083309716342
-26.348261319303216,3.3386337588373127,0.10099083309716342
-26.348261319303216,3.3386337588373127,0.10099083309716342
-26.348261319303216,3.3386337588373127,0.10099083309716342
-26.348261319303216,3.3386337588373127,0.10099083309716342
-26.348261319303216,3.3386337588373127,0.10099083309716342
-26.348261319303216,3.3386337588373127,0.10099083309716342
-26.348261319303216,3.3386337588373127,0.10099083309716342
-26.348261319303216,3.3386337588373127,0.10099083309716342
-26.348261319303216,3.3386337588373127,0.10099083309716342
-26.348261319303216,3.3386337588373127,0.10099083309716342
-26.348261319303216,3.3386337588373127,0.10099083309716342
-26.348261319303216,3.3386337588373127,0.10099083309716342
-26.348261319303216,3.3386337588373127,0.10099083309716342
-26.348261319303216,3.3386337588373127,0.10099083309716342
-26.348261319303216,3.3386337588373127,0.10099083309716342
-26.348261319303216,3.3386337588373127,0.10099083309716342
-26.348261319303216,3.3386337588373127,0.10099083309716342
-26.348261319303216,3.3386337588373127,0.10099083309716342
-26.348261319303216,3.3386337588373127,0.10099083309716342
-26.348261319303216,3.3386337588373127,0.10099083309716342
-26.348261319303216,3.3386337588373127,0.10099083309716342
-26.348261319303216,3.3386337588373127,0.10099083309716342
-26.348261319303216,3.3386337588373127,0.10099083309716342
-26.348261319303216,3.3386337588373127,0.10099083309716342
-26.348261319303216,3.3386337588373127,0.10099083309716342
-26.348261319303216,3.3386337588373127,0.10099083309716342
-26.348261319303216,3.3386337588373127,0.10099083309716342
-26.348261319303216,3.3386337588373127,0.10099083309716342
-26.348261319303216,3.3386337588373127,0.10099083309716342
-26.348261319303216,3.3386337588373127,0.10099083309716342
-26.348261319303216,3.3386337588373127,0.10099083309716342
-26.348261319303216,3.3386337588373127,0.10099083309716342
-26.348261319303216,3.3386337588373127,0.10099083309716342
-26.348261319303216,3.3386337588373127,0.10099083309716342
-26.348261319303216,3.3386337588373127,0.10099083309716342
-26.348261319303216,3.3386337588373127,0.10099083309716342
-26.348261319303216,3.3386337588373127,0.10099083309716342
-26.348261319303216,3.3386337588373127,0.10099083309716342
-26.348261319303216,3.3386337588373127,0.10099083309716342
-26.348261319303216,3.3386337588373127,0.10099083309716342
-26.348261319303216,3.3386337588373127,0.10099083309716342
-26.348261319303216,3.3386337588373127,0.10099083309716342
-26.348261319303216,3.3386337588373127,0.10099083309716342
-26.348261319303216,3.3386337588373127,0.10099083309716342
-26.348261319303216,3.3386337588373127,0.10099083309716342
-26.348261319303216,3.3386337588373127,0.10099083309716342
-26.348261319303216,3.3386337588373127,0.10099083309716342
-26.348261319303216,3.3386337588373127,0.10099083309716342
-26.348261319303216,3.3386337588373127,0.10099083309716342
-26.348261319303216,3.3386337588373127,0.10099083309716342
-26.348261319303216,3.3386337588373127,0.10099083309716342
-26.348261319303216,3.3386337588373127,0.10099083309716342
-26.348261319303216,3.3386337588373127,0.10099083309716342
-26.348261319303216,3.3386337588373127,0.10099083309716342
-26.348261319303216,3.3386337588373127,0.10099083309716342
-26.348261319303216,3.3386337588373127,0.10099083309716342
-26.348261319303216,3.3386337588373127,0.10099083309716342
-26.348261319303216,3.3386337588373127,0.10099083309716342
-26.348261319303216,3.3386337588373127,0.10099083309716342
-26.348261319303216,3.3386337588373127,0.10099083309716342
-26.348261319303216,3.3386337588373127,0.10099083309716342
-26.348261319303216,3.3386337588373127,0.10099083309716342
-26.348261319303216,3.3386337588373127,0.10099083309716342
-26.348261319303216,3.3386337588373127,0.10099083309716342
-26.348261319303216,3.3386337588373127,0.10099083309716342
-26.348261319303216,3.3386337588373127,0.10099083309716342
-26.348261319303216,3.3386337588373127,0.10099083309716342
-26.348261319303216,3.3386337588373127,0.10099083309716342
-26.348261319303216,3.3386337588373127,0.10099083309716342
-26.348261319303216,3.3386337588373127,0.10099083309716342
-26.348261319303216,3.3386337588373127,0.10099083309716342
-26.348261319303216,3.3386337588373127,0.10099083309716342
-26.348261319303216,3.3386337588373127,0.10099083309716342
-26.348261319303216,3.3386337588373127,0.10099083309716342
-26.348261319303216,3.3386337588373127,0.10099083309716342
-26.348261319303216,3.3386337588373127,0.10099083309716342
-26.348261319303216,3.3386337588373127,0.10099083309716342
-26.348261319303216,3.3386337588373127,0.10099083309716342
-26.348261319303216,3.3386337588373127,0.10099083309716342
-26.348261319303216,3.3386337588373127,0.10099083309716342
-26.348261319303216,3.3386337588373127,0.10099083309716342
-26.348261319303216,3.3386337588373127,0.10099083309716342
-26.348261319303216,3.3386337588373127,0.10099083309716342
-26.348261319303216,3.3386337588373127,0.10099083309716342
-26.348261319303216,3.3386337588373127,0.10099083309716342
-26.348261319303216,3.3386337588373127,0.10099083309716342
-26.348261319303216,3.3386337588373127,0.10099083309716342
-26.348261319303216,3.3386337588373127,0.10099083309716342
-26.348261319303216,3.3386337588373127,0.10099083309716342
-26.348261319303216,3.3386337588373127,0.10099083309716342
-26.348261319303216,3.3386337588373127,0.10099083309716342
-26.348261319303216,3.3386337588373127,0.10099083309716342
-26.348261319303216,3.3386337588373127,0.10099083309716342
-26.348261319303216,3.3386337588373127,0.10099083309716342
-26.348261319303216,3.3386337588373127,0.10099083309716342
-26.348261319303216,3.3386337588373127,0.10099083309716342
-26.348261319303216,3.3386337588373127,0.10099083309716342
-26.348261319303216,3.3386337588373127,0.10099083309716342
-26.348261319303216,3.3386337588373127,0.10099083309716342
-26.348261319303216,3.3386337588373127,0.10099083309716342
-26.348261319303216,3.3386337588373127,0.10099083309716342
-26.348261319303216,3.3386337588373127,0.10099083309716342
-26.348261319303216,3.3386337588373127,0.10099083309716342
-26.348261319303216,3.3386337588373127,0.10099083309716342
-26.348261319303216,3.3386337588373127,0.10099083309716342
-26.348261319303216,3.3386337588373127,0.10099083309716342
-26.348261319303216,3.3386337588373127,0.10099083309716342
-26.348261319303216,3.3386337588373127,0.10099083309716342
-26.348261319303216,3.3386337588373127,0.10099083309716342
-26.348261319303216,3.3386337588373127,0.10099083309716342
-26.348261319303216,3.3386337588373127,0.10099083309716342
-26.348261319303216,3.3386337588373127,0.10099083309716342
-26.348261319303216,3.3386337588373127,0.10099083309716342
-26.348261319303216,3.3386337588373127,0.10099083309716342
-26.348261319303216,3.3386337588373127,0.10099083309716342
-26.348261319303216,3.3386337588373127,0.10099083309716342
-26.348261319303216,3.3386337588373127,0.10099083309716342
-26.348261319303216,3.3386337588373127,0.10099083309716342
-26.348261319303216,3.3386337588373127,0.10099083309716342
-26.348261319303216,3.3386337588373127,0.10099083309716342
-26.348261319303216,3.3386337588373127,0.10099083309716342
-26.348261319303216,3.3386337588373127,0.10099083309716342
-26.348261319303216,3.3386337588373127,0.10099083309716342
-26.348261319303216,3.3386337588373127,0.10099083309716342
-26.348261319303216,3.3386337588373127,0.10099083309716342
-26.348261319303216,3.3386337588373127,0.10099083309716342
-26.348261319303216,3.3386337588373127,0.10099083309716342
-26.348261319303216,3.3386337588373127,0.10099083309716342
-26.348261319303216,3.3386337588373127,0.10099083309716342
-26.348261319303216,3.3386337588373127,0.10099083309716342
-26.348261319303216,3.3386337588373127,0.10099083309716342
-26.348261319303216,3.3386337588373127,0.10099083309716342
-26.348261319303216,3.3386337588373127,0.10099083309716342
-26.348261319303216,3.3386337588373127,0.10099083309716342
-26.348261319303216,3.3386337588373127,0.10099083309716342
-26.348261319303216,3.3386337588373127,0.10099083309716342
-26.348261319303216,3.3386337588373127,0.10099083309716342
-26.348261319303216,3.3386337588373127,0.10099083309716342
-26.348261319303216,3.3386337588373127,0.10099083309716342
-26.348261319303216,3.3386337588373127,0.10099083309716342
-26.348261319303216,3.3386337588373127,0.10099083309716342
-26.348261319303216,3.3386337588373127,0.10099083309716342
-26.348261319303216,3.3386337588373127,0.10099083309716342
-26.348261319303216,3.3386337588373127,0.10099083309716342
-26.348261319303216,3.3386337588373127,0.10099083309716342
-26.348261319303216,3.3386337588373127,0.10099083309716342
-26.348261319303216,3.3386337588373127,0.10099083309716342
-26.348261319303216,3.3386337588373127,0.10099083309716342
-26.348261319303216,3.3386337588373127,0.10099083309716342
-26.348261319303216,3.3386337588373127,0.10099083309716342
-26.348261319303216,3.3386337588373127,0.10099083309716342
-26.348261319303216,3.3386337588373127,0.10099083309716342
-26.348261319303216,3.3386337588373127,0.10099083309716342
-26.348261319303216,3.3386337588373127,0.10099083309716342
-26.348261319303216,3.3386337588373127,0.10099083309716342
-26.348261319303216,3.3386337588373127,0.10099083309716342
-26.348261319303216,3.3386337588373127,0.10099083309716342
-26.348261319303216,3.3386337588373127,0.10099083309716342
-26.348261319303216,3.3386337588373127,0.10099083309716342
-26.348261319303216,3.3386337588373127,0.10099083309716342
-26.348261319303216,3.3386337588373127,0.10099083309716342
-26.348261319303216,3.3386337588373127,0.10099083309716342
-26.348261319303216,3.3386337588373127,0.10099083309716342
-26.348261319303216,3.3386337588373127,0.10099083309716342
-26.348261319303216,3.3386337588373127,0.10099083309716342
-26.348261319303216,3.3386337588373127,0.10099083309716342
-26.348261319303216,3.3386337588373127,0.10099083309716342
-26.348261319303216,3.3386337588373127,0.10099083309716342
-26.348261319303216,3.3386337588373127,0.10099083309716342
-26.348261319303216,3.3386337588373127,0.10099083309716342
-26.348261319303216,3.3386337588373127,0.10099083309716342
-26.348261319303216,3.3386337588373127,0.10099083309716342
-26.348261319303216,3.3386337588373127,0.10099083309716342
-26.348261319303216,3.3386337588373127,0.10099083309716342
-26.348261319303216,3.3386337588373127,0.10099083309716342
-26.348261319303216,3.3386337588373127,0.10099083309716342
-26.348261319303216,3.3386337588373127,0.10099083309716342
-26.348261319303216,3.3386337588373127,0.10099083309716342
-26.348261319303216,3.3386337588373127,0.10099083309716342
-26.348261319303216,3.3386337588373127,0.10099083309716342
-26.348261319303216,3.3386337588373127,0.10099083309716342
-26.348261319303216,3.3386337588373127,0.10099083309716342
-26.348261319303216,3.3386337588373127,0.10099083309716342
-26.348261319303216,3.3386337588373127,0.10099083309716342
-26.348261319303216,3.3386337588373127,0.10099083309716342
-26.348261319303216,3.3386337588373127,0.10099083309716342
-26.348261319303216,3.3386337588373127,0.10099083309716342
-26.348261319303216,3.3386337588373127,0.10099083309716342
-26.348261319303216,3.3386337588373127,0.10099083309716342
-26.348261319303216,3.3386337588373127,0.10099083309716342
-26.348261319303216,3.3386337588373127,0.10099083309716342
-26.348261319303216,3.3386337588373127,0.10099083309716342
-26.348261319303216,3.3386337588373127,0.10099083309716342
-26.348261319303216,3.3386337588373127,0.10099083309716342
-26.348261319303216,3.3386337588373127,0.10099083309716342
-26.348261319303216,3.3386337588373127,0.10099083309716342
-26.348261319303216,3.3386337588373127,0.10099083309716342
-26.348261319303216,3.3386337588373127,0.10099083309716342
-26.348261319303216,3.3386337588373127,0.10099083309716342
-26.348261319303216,3.3386337588373127,0.10099083309716342
-26.348261319303216,3.3386337588373127,0.10099083309716342
-26.348261319303216,3.3386337588373127,0.10099083309716342
-26.348261319303216,3.3386337588373127,0.10099083309716342
-26.348261319303216,3.3386337588373127,0.10099083309716342
-26.348261319303216,3.3386337588373127,0.10099083309716342
-26.348261319303216,3.3386337588373127,0.10099083309716342
-26.348261319303216,3.3386337588373127,0.10099083309716342
-26.348261319303216,3.3386337588373127,0.10099083309716342
-26.348261319303216,3.3386337588373127,0.10099083309716342
-26.348261319303216,3.3386337588373127,0.10099083309716342
-26.348261319303216,3.3386337588373127,0.10099083309716342
-26.348261319303216,3.3386337588373127,0.10099083309716342
-26.348261319303216,3.3386337588373127,0.10099083309716342
-26.348261319303216,3.3386337588373127,0.10099083309716342
-26.348261319303216,3.3386337588373127,0.10099083309716342
-26.348261319303216,3.3386337588373127,0.10099083309716342
-26.348261319303216,3.3386337588373127,0.10099083309716342
-26.348261319303216,3.3386337588373127,0.10099083309716342
-26.348261319303216,3.3386337588373127,0.10099083309716342
-26.348261319303216,3.3386337588373127,0.10099083309716342
-26.348261319303216,3.3386337588373127,0.10099083309716342
-26.348261319303216,3.3386337588373127,0.10099083309716342
-26.348261319303216,3.3386337588373127,0.10099083309716342
-26.348261319303216,3.3386337588373127,0.10099083309716342
-26.348261319303216,3.3386337588373127,0.10099083309716342
-26.348261319303216,3.3386337588373127,0.10099083309716342
-26.348261319303216,3.3386337588373127,0.10099083309716342
-26.348261319303216,3.3386337588373127,0.10099083309716342
-26.348261319303216,3.3386337588373127,0.10099083309716342
-26.348261319303216,3.3386337588373127,0.10099083309716342
-26.348261319303216,3.3386337588373127,0.10099083309716342
-26.348261319303216,3.3386337588373127,0.10099083309716342
-26.348261319303216,3.3386337588373127,0.10099083309716342
-26.348261319303216,3.3386337588373127,0.10099083309716342
-26.348261319303216,3.3386337588373127,0.10099083309716342
-26.348261319303216,3.3386337588373127,0.10099083309716342
-26.348261319303216,3.3386337588373127,0.10099083309716342
-26.348261319303216,3.3386337588373127,0.10099083309716342
-26.348261319303216,3.3386337588373127,0.10099083309716342
-26.348261319303216,3.3386337588373127,0.10099083309716342
-26.348261319303216,3.3386337588373127,0.10099083309716342
-26.348261319303216,3.3386337588373127,0.10099083309716342
-26.348261319303216,3.3386337588373127,0.10099083309716342
-26.348261319303216,3.3386337588373127,0.10099083309716342
-26.348261319303216,3.3386337588373127,0.10099083309716342
-26.348261319303216,3.3386337588373127,0.10099083309716342
-26.348261319303216,3.3386337588373127,0.10099083309716342
-26.348261319303216,3.3386337588373127,0.10099083309716342
-26.348261319303216,3.3386337588373127,0.10099083309716342
-26.348261319303216,3.3386337588373127,0.10099083309716342
-26.348261319303216,3.3386337588373127,0.10099083309716342
-26.348261319303216,3.3386337588373127,0.10099083309716342
-26.348261319303216,3.3386337588373127,0.10099083309716342
-26.348261319303216,3.3386337588373127,0.10099083309716342
-26.348261319303216,3.3386337588373127,0.10099083309716342
-26.348261319303216,3.3386337588373127,0.10099083309716342
-26.348261319303216,3.3386337588373127,0.10099083309716342
-26.348261319303216,3.3386337588373127,0.10099083309716342
-26.348261319303216,3.3386337588373127,0.10099083309716342
-26.348261319303216,3.3386337588373127,0.10099083309716342
-26.348261319303216,3.3386337588373127,0.10099083309716342
-26.348261319303216,3.3386337588373127,0.10099083309716342
-26.348261319303216,3.3386337588373127,0.10099083309716342
-26.348261319303216,3.3386337588373127,0.10099083309716342
-26.348261319303216,3.3386337588373127,0.10099083309716342
-26.348261319303216,3.3386337588373127,0.10099083309716342
-26.348261319303216,3.3386337588373127,0.10099083309716342
-26.348261319303216,3.3386337588373127,0.10099083309716342
-26.348261319303216,3.3386337588373127,0.10099083309716342
-26.348261319303216,3.3386337588373127,0.10099083309716342
-26.348261319303216,3.3386337588373127,0.10099083309716342
-26.348261319303216,3.3386337588373127,0.10099083309716342
-26.348261319303216,3.3386337588373127,0.10099083309716342
-26.348261319303216,3.3386337588373127,0.10099083309716342
-26.348261319303216,3.3386337588373127,0.10099083309716342
-26.348261319303216,3.3386337588373127,0.10099083309716342
-26.348261319303216,3.3386337588373127,0.10099083309716342
-26.348261319303216,3.3386337588373127,0.10099083309716342
-26.348261319303216,3.3386337588373127,0.10099083309716342
-26.348261319303216,3.3386337588373127,0.10099083309716342
-26.348261319303216,3.3386337588373127,0.10099083309716342
-26.348261319303216,3.3386337588373127,0.10099083309716342
-26.348261319303216,3.3386337588373127,0.10099083309716342
-26.348261319303216,3.3386337588373127,0.10099083309716342
-26.348261319303216,3.3386337588373127,0.10099083309716342
-26.348261319303216,3.3386337588373127,0.10099083309716342
-26.348261319303216,3.3386337588373127,0.10099083309716342
-26.348261319303216,3.3386337588373127,0.10099083309716342
-26.348261319303216,3.3386337588373127,0.10099083309716342
-26.348261319303216,3.3386337588373127,0.10099083309716342
-26.348261319303216,3.3386337588373127,0.10099083309716342
-26.348261319303216,3.3386337588373127,0.10099083309716342
-26.348261319303216,3.3386337588373127,0.10099083309716342
-26.348261319303216,3.3386337588373127,0.10099083309716342
-26.348261319303216,3.3386337588373127,0.10099083309716342
-26.348261319303216,3.3386337588373127,0.10099083309716342
-26.348261319303216,3.3386337588373127,0.10099083309716342
-26.348261319303216,3.3386337588373127,0.10099083309716342
-26.348261319303216,3.3386337588373127,0.10099083309716342
-26.348261319303216,3.3386337588373127,0.10099083309716342
-26.348261319303216,3.3386337588373127,0.10099083309716342
-26.348261319303216,3.3386337588373127,0.10099083309716342
-26.348261319303216,3.3386337588373127,0.10099083309716342
-26.348261319303216,3.3386337588373127,0.10099083309716342
-26.348261319303216,3.3386337588373127,0.10099083309716342
-26.348261319303216,3.3386337588373127,0.10099083309716342
-26.348261319303216,3.3386337588373127,0.10099083309716342
-26.348261319303216,3.3386337588373127,0.10099083309716342
-26.348261319303216,3.3386337588373127,0.10099083309716342
-26.348261319303216,3.3386337588373127,0.10099083309716342
-26.348261319303216,3.3386337588373127,0.10099083309716342
-26.348261319303216,3.3386337588373127,0.10099083309716342
-26.348261319303216,3.3386337588373127,0.10099083309716342
-26.348261319303216,3.3386337588373127,0.10099083309716342
-26.348261319303216,3.3386337588373127,0.10099083309716342
-26.348261319303216,3.3386337588373127,0.10099083309716342
-26.347660002007178,3.343494739447367,0.11912549260275171
-26.347660002007178,3.343494739447367,0.11912549260275171
-26.347660002007178,3.343494739447367,0.11912549260275171
-26.3474117672665,3.343741986671548,0.11794547786839685
-26.3474117672665,3.343741986671548,0.11794547786839685
-26.3474117672665,3.343741986671548,0.11794547786839685
-26.3474117672665,3.343741986671548,0.11794547786839685
-26.344854942601486,3.345408696744464,0.10248994996285983
-26.344854942601486,3.345408696744464,0.10248994996285983
-26.344854942601486,3.345408696744464,0.10248994996285983
-26.344854942601486,3.345408696744464,0.10248994996285983
-26.346170685227808,3.343391257643333,0.10460243845052972
-26.346170685227808,3.343391257643333,0.10460243845052972
-26.346170685227808,3.343391257643333,0.10460243845052972
-26.346170685227808,3.343391257643333,0.10460243845052972
-26.346170685227808,3.343391257643333,0.10460243845052972
-26.34629949393025,3.343133077002122,0.10453176081796145
-26.34629949393025,3.343133077002122,0.10453176081796145
-26.347312977045597,3.341806177053394,0.10730190092804703
-26.347312977045597,3.341806177053394,0.10730190092804703
-26.347333269530505,3.3417520720233944,0.10722738462599597
-26.347333269530505,3.3417520720233944,0.10722738462599597
-26.34671323196167,3.3429760691650903,0.10747195281449133
-26.34671323196167,3.3429760691650903,0.10747195281449133
-26.34671323196167,3.3429760691650903,0.10747195281449133
-26.34671323196167,3.3429760691650903,0.10747195281449133
-26.342961137865824,3.3516991924294786,0.11605615867075289
-26.342961137865824,3.3516991924294786,0.11605615867075289
-26.34275053737589,3.352263573623517,0.11698548381309291
-26.34275053737589,3.352263573623517,0.11698548381309291
-26.34278456639909,3.3522754719102714,0.11738515353666845
-26.34278456639909,3.3522754719102714,0.11738515353666845
-26.342493748103696,3.352455041121772,0.11548827266538056
-26.342493748103696,3.352455041121772,0.11548827266538056
-26.34295129009051,3.3523831281889973,0.11963807819831372
-26.342710705788168,3.353038119599111,0.12080294878072123
-26.342710705788168,3.353038119599111,0.12080294878072123
-26.342710705788168,3.353038119599111,0.12080294878072123
-26.343552931989397,3.3526587861048043,0.12758000518551058
-26.343552931989397,3.3526587861048043,0.12758000518551058
-26.343532730011102,3.3526609075733815,0.12736948613232907
-26.343532730011102,3.3526609075733815,0.12736948613232907
-26.343532730011102,3.3526609075733815,0.12736948613232907
-26.342107442213624,3.354221169528242,0.12120465296903242
-26.342805955283616,3.353294337120023,0.12323631978995446
-26.342805955283616,3.353294337120023,0.12323631978995446
-26.342755077764977,3.3536063100893205,0.12449144289313145
-26.342755077764977,3.3536063100893205,0.12449144289313145
-26.342755077764977,3.3536063100893205,0.12449144289313145
-26.34319639634519,3.3526137248341508,0.12346399332304657
-26.343124129038905,3.352813929118318,0.12384664678218439
-26.343124129038905,3.352813929118318,0.12384664678218439
-26.343124129038905,3.352813929118318,0.12384664678218439
-26.34601017025136,3.3497357520039017,0.13796050824363082
-26.34601017025136,3.3497357520039017,0.13796050824363082
-26.340404861646878,3.3655811056137805,0.21317195397151117
-26.340404861646878,3.3655811056137805,0.21317195397151117
-26.340404861646878,3.3655811056137805,0.21317195397151117
-26.339439234866852,3.3653334682367104,0.2608248099910249
-26.340476448239162,3.362235545108019,0.27334341097175613
-26.340476448239162,3.362235545108019,0.27334341097175613
-26.340430768194913,3.362679181712438,0.26996897912908435
-26.340430768194913,3.362679181712438,0.26996897912908435
-26.34011548778416,3.3631862313502845,0.27056529538135565
-26.34011548778416,3.3631862313502845,0.27056529538135565
-26.336952927782495,3.3687109871542726,0.27191892948412405
-26.336952927782495,3.3687109871542726,0.27191892948412405
-26.336952927782495,3.3687109871542726,0.27191892948412405
-26.336952927782495,3.3687109871542726,0.27191892948412405
-26.336952927782495,3.3687109871542726,0.27191892948412405
-26.336952927782495,3.3687109871542726,0.27191892948412405
-26.336058886993932,3.370665528912467,0.2683486813022344
-26.336058886993932,3.370665528912467,0.2683486813022344
-26.336171164173997,3.370486684457694,0.2681454167052344
-26.336171164173997,3.370486684457694,0.2681454167052344
-26.336171164173997,3.370486684457694,0.2681454167052344
-26.336232502015918,3.3703583636159453,0.2683429285558128
-26.336232502015918,3.3703583636159453,0.2683429285558128
-26.336232502015918,3.3703583636159453,0.2683429285558128
-26.33610030784578,3.370528171743166,0.26898914451251843
-26.33610030784578,3.370528171743166,0.26898914451251843
-26.336721623073338,3.369566440953556,0.2675701296617981
-26.3368074565309,3.3693947005362923,0.2677657288891705
-26.3368074565309,3.3693947005362923,0.2677657288891705
-26.336589473817344,3.367656378164848,0.2861513598816725
-26.336589473817344,3.367656378164848,0.2861513598816725
-26.33769724921013,3.366194876780667,0.28215450831980526
-26.33769724921013,3.366194876780667,0.28215450831980526
-26.33753858531183,3.366532082022573,0.28172909474865304
-26.33753858531183,3.366532082022573,0.28172909474865304
-26.33720278396716,3.367081996576419,0.2821295969925931
-26.33720278396716,3.367081996576419,0.2821295969925931
-26.33762755632682,3.366188860376017,0.2831854234315028
-26.33762755632682,3.366188860376017,0.2831854234315028
-26.33762755632682,3.366188860376017,0.2831854234315028
-26.33724708381405,3.3667708136024395,0.28395186401170497
-26.33724708381405,3.3667708136024395,0.28395186401170497
-26.337006278322647,3.367294787072414,0.28321991397709384
-26.337006278322647,3.367294787072414,0.28321991397709384
-26.33698562098086,3.367393036532458,0.2827370402049719
-26.33698562098086,3.367393036532458,0.2827370402049719
-26.337053516935477,3.3672487719944804,0.2829190775018393
-26.337053516935477,3.3672487719944804,0.2829190775018393
-26.33691601945173,3.367562710344392,0.28237679247107345
-26.33691601945173,3.367562710344392,0.28237679247107345
-26.33691040731377,3.3675705481364147,0.28239403853946743
-26.33691040731377,3.3675705481364147,0.28239403853946743
-26.33713440267937,3.3671688889098728,0.2824093683640286
-26.33713440267937,3.3671688889098728,0.2824093683640286
-26.33695062828189,3.3675601443512075,0.2819053934883426
-26.33695062828189,3.3675601443512075,0.2819053934883426
-26.336927256613954,3.367753561536674,0.2806808482619466
-26.33728210429971,3.367455924102984,0.2778903443100698
-26.33728210429971,3.367455924102984,0.2778903443100698
-26.33728210429971,3.367455924102984,0.2778903443100698
-26.336817308108778,3.3680149000504596,0.2801461618618443
-26.336817308108778,3.3680149000504596,0.2801461618618443
-26.336535929032856,3.3684085711018046,0.2810238825667676
-26.336535929032856,3.3684085711018046,0.2810238825667676
-26.336424855279354,3.3686451143567595,0.28070767799304097
-26.336424855279354,3.3686451143567595,0.28070767799304097
-26.336424855279354,3.3686451143567595,0.28070767799304097
-26.33649776863608,3.368527812297826,0.28060610808924685
-26.33649776863608,3.368527812297826,0.28060610808924685
-26.336730101039418,3.3679681599276736,0.28178658365808
-26.336730101039418,3.3679681599276736,0.28178658365808
-26.33665555421925,3.368093328831163,0.2818479049588995
-26.33665555421925,3.368093328831163,0.2818479049588995
-26.337483727401494,3.365219999750855,0.29218314820492947
-26.336118494492748,3.36889275553461,0.28308961600614024
-26.336118494492748,3.36889275553461,0.28308961600614024
-26.335897830334254,3.3694788063958896,0.2815432126856236
-26.335897830334254,3.3694788063958896,0.2815432126856236
-26.335897830334254,3.3694788063958896,0.2815432126856236
-26.335897830334254,3.3694788063958896,0.2815432126856236
-26.337090261198057,3.3678383862034362,0.27754725247296796
-26.337090261198057,3.3678383862034362,0.27754725247296796
-26.336759996617516,3.368187122014744,0.2795673798991466
-26.336759996617516,3.368187122014744,0.2795673798991466
-26.335903543379,3.369246714412273,0.28330997230524535
-26.335903543379,3.369246714412273,0.28330997230524535
-26.33591848361487,3.3692023517990886,0.28344984921913774
-26.335998119769947,3.36856788470178,0.2872088556943534
-26.335998119769947,3.36856788470178,0.2872088556943534
-26.33604612811196,3.368335563903252,0.28829118664420017
-26.33604612811196,3.368335563903252,0.28829118664420017
-26.33604612811196,3.368335563903252,0.28829118664420017
-26.33604612811196,3.368335563903252,0.28829118664420017
-26.33604612811196,3.368335563903252,0.28829118664420017
-26.332186718060417,3.3723861473090744,0.3064379544743421
-26.332186718060417,3.3723861473090744,0.3064379544743421
-26.332340745218282,3.372132595050021,0.30633464226304347
-26.332340745218282,3.372132595050021,0.30633464226304347
-26.332511106281462,3.3720093238444457,0.3052842554301495
-26.332511106281462,3.3720093238444457,0.3052842554301495
-26.33308768001251,3.37094396330974,0.30557508127577265
-26.33308768001251,3.37094396330974,0.30557508127577265
-26.33318662762996,3.3707515337699814,0.30568031273818697
-26.33318662762996,3.3707515337699814,0.30568031273818697
-26.333274067897072,3.3705547944377625,0.30593095157237604
-26.333274067897072,3.3705547944377625,0.30593095157237604
-26.333173631228714,3.3696893329624724,0.3119065764109799
-26.333173631228714,3.3696893329624724,0.3119065764109799
-26.33348124472104,3.3685411901319786,0.31519347977229273
-26.33348124472104,3.3685411901319786,0.31519347977229273
-26.32613736792953,3.3713530797872395,0.35972591324575776
-26.32613736792953,3.3713530797872395,0.35972591324575776
-26.326600689527616,3.371148528731858,0.3574437621811193
-26.326600689527616,3.371148528731858,0.3574437621811193
-26.326600689527616,3.371148528731858,0.3574437621811193
-26.325769267423425,3.368383906562917,0.37260148416351535
-26.325769267423425,3.368383906562917,0.37260148416351535
-26.325762061342886,3.3687382397536747,0.371432898164751
-26.325762061342886,3.3687382397536747,0.371432898164751
-26.324304330462535,3.3698908742922598,0.37619730159840226
-26.324304330462535,3.3698908742922598,0.37619730159840226
-26.324304330462535,3.3698908742922598,0.37619730159840226
-26.321529020062112,3.371507953699217,0.3866706267545311
-26.406557868524494,3.4210111293823973,0.4047071216260905
-26.406557868524494,3.4210111293823973,0.4047071216260905
-26.406557868524494,3.4210111293823973,0.4047071216260905
-26.396899732400705,3.4321560619619986,0.4210297824868209
-26.396899732400705,3.4321560619619986,0.4210297824868209
-26.393599055432162,3.4340145491018967,0.43158920940712936
-26.393599055432162,3.4340145491018967,0.43158920940712936
-26.463282473075072,3.4903609831701194,0.49692975419975544
-26.463282473075072,3.4903609831701194,0.49692975419975544
-28.818743294253935,5.117458657361369,1.4107017063843705
-28.818743294253935,5.117458657361369,1.4107017063843705
-28.889756417571224,5.21334853285876,1.3805111318213237
-28.889756417571224,5.21334853285876,1.3805111318213237
-25.74456934002993,3.134398890721731,0.37053557806546344
-25.66310263246945,3.0845241545633844,0.3370959266190955
-25.66310263246945,3.0845241545633844,0.3370959266190955
-25.7208050438716,3.150120722947401,0.3915841124209838
-25.7208050438716,3.150120722947401,0.3915841124209838
-25.716308962839936,3.154402583896869,0.39242213354264116
-25.716308962839936,3.154402583896869,0.39242213354264116
-25.715497305488896,3.1554773891400085,0.3919978902245771
-25.715497305488896,3.1554773891400085,0.3919978902245771
-25.715497305488896,3.1554773891400085,0.3919978902245771
-25.715497305488896,3.1554773891400085,0.3919978902245771
-28.650569842656804,5.665422506022169,2.0457199550106133
-28.650569842656804,5.665422506022169,2.0457199550106133
-28.65025876973778,5.665522817097772,2.0461203616001375
-28.65025876973778,5.665522817097772,2.0461203616001375
-28.65025876973778,5.665522817097772,2.0461203616001375
-28.514816822783125,5.56442574442104,1.9307377060383968
-28.514816822783125,5.56442574442104,1.9307377060383968
-28.514623901055348,5.569482367720614,1.923009551679856
-28.514623901055348,5.569482367720614,1.923009551679856
-28.686455031373168,5.8085613558750335,2.013182113641524
-28.686455031373168,5.8085613558750335,2.013182113641524
-28.686455031373168,5.8085613558750335,2.013182113641524
-28.686455031373168,5.8085613558750335,2.013182113641524
-28.696716735500516,5.797741882882457,2.012164546059292
-28.696716735500516,5.797741882882457,2.012164546059292
-28.687635467817167,5.819184142659509,1.9932798567116916
-28.687635467817167,5.819184142659509,1.9932798567116916
-28.686586241774364,5.822033226360752,1.9904393289427944
-28.686586241774364,5.822033226360752,1.9904393289427944
-28.686586241774364,5.822033226360752,1.9904393289427944
-28.686586241774364,5.822033226360752,1.9904393289427944
-28.663208433300507,5.856679875227725,1.975056880362535
-28.663208433300507,5.856679875227725,1.975056880362535
-25.644314386205416,3.096355921668717,0.35307895422764174
-25.644314386205416,3.096355921668717,0.35307895422764174
-25.644990899469406,3.0966122077684752,0.351276613852496
-25.644990899469406,3.0966122077684752,0.351276613852496
-25.63992806766066,3.103349876900724,0.34769941973852103
-25.63992806766066,3.103349876900724,0.34769941973852103
-25.63992806766066,3.103349876900724,0.34769941973852103
-25.641228481849797,3.1022672265670668,0.3473589508232118
-25.64080157867797,3.10300941037299,0.34667768936065513
-25.64080157867797,3.10300941037299,0.34667768936065513
-25.63998693846785,3.1044361122605078,0.3453303769286964
-25.63998693846785,3.1044361122605078,0.3453303769286964
-25.63998693846785,3.1044361122605078,0.3453303769286964
-25.639018877344448,3.1065682301082123,0.3427465440144327
-25.639018877344448,3.1065682301082123,0.3427465440144327
-25.63911841218684,3.106303555252854,0.3431142362343913
-25.63911841218684,3.106303555252854,0.3431142362343913
-25.63896725516424,3.1066533191680383,0.34266783162739933
-25.63896725516424,3.1066533191680383,0.34266783162739933
-25.63938586604224,3.106108138095923,0.34299190600159196
-25.63938586604224,3.106108138095923,0.34299190600159196
-25.636617736368862,3.110299931045493,0.3394564754996458
-25.636617736368862,3.110299931045493,0.3394564754996458
-25.636763857288248,3.1100806611398917,0.33964617438369615
-25.636763857288248,3.1100806611398917,0.33964617438369615
-25.636729350902552,3.1102595608661607,0.33931650290580423
-25.636729350902552,3.1102595608661607,0.33931650290580423
-25.662630030273696,3.0905105569380336,0.3250277458705545
-25.662630030273696,3.0905105569380336,0.3250277458705545
-25.662630030273696,3.0905105569380336,0.3250277458705545
-25.68049077667188,3.0745284557083368,0.31359084161765277
-25.68049077667188,3.0745284557083368,0.31359084161765277
-25.686571089726538,3.078004863272483,0.28078963331656204
-25.686571089726538,3.078004863272483,0.28078963331656204
-25.685546522078283,3.078694678446458,0.28292798236552713
-25.685546522078283,3.078694678446458,0.28292798236552713
-25.687699626221537,3.0741753203706175,0.28922237613081814
-25.687699626221537,3.0741753203706175,0.28922237613081814
-25.685455093550214,3.0775164520503067,0.28746429543012014
-25.685455093550214,3.0775164520503067,0.28746429543012014
-25.685455093550214,3.0775164520503067,0.28746429543012014
-25.685455093550214,3.0775164520503067,0.28746429543012014
-25.69676305983368,3.065077409834883,0.2797173156284686
-25.69676305983368,3.065077409834883,0.2797173156284686
-25.77831880175828,3.116362280876436,0.31015392779300793
-25.784612009727716,3.11497964953969,0.2842287989384188
-25.784612009727716,3.11497964953969,0.2842287989384188
-25.784615978435927,3.114988766706377,0.28416830450313424
-25.784615978435927,3.114988766706377,0.28416830450313424
-25.78557505703239,3.1138379775103444,0.2832590352757027
-25.78557505703239,3.1138379775103444,0.2832590352757027
-25.78939789037766,3.1108812817441507,0.2716527305839133
-25.78939789037766,3.1108812817441507,0.2716527305839133
-25.78939789037766,3.1108812817441507,0.2716527305839133
-25.79043447294083,3.10925451372935,0.27215729244723236
-25.79043447294083,3.10925451372935,0.27215729244723236
-25.79174776981412,3.1072564991427947,0.27239654853415507
-25.79174776981412,3.1072564991427947,0.27239654853415507
-25.79174776981412,3.1072564991427947,0.27239654853415507
-25.79174776981412,3.1072564991427947,0.27239654853415507
-25.793707742807577,3.1039740274291048,0.27397304767882635
-26.312097903801337,3.396915854898138,0.35299568393218106
-26.312097903801337,3.396915854898138,0.35299568393218106
-26.312097903801337,3.396915854898138,0.35299568393218106
-26.312395549622245,3.3974130660733906,0.3488883105616757
-26.312395549622245,3.3974130660733906,0.3488883105616757
-26.31398884443124,3.395303350386313,0.3466738049487704
-26.32808834353769,3.3802842266409527,0.30182064792117524
-26.32808834353769,3.3802842266409527,0.30182064792117524
-26.32871994105417,3.3797054512753144,0.2985246297130927
-26.32871994105417,3.3797054512753144,0.2985246297130927
-26.331736815338722,3.3747158212006414,0.29681315621294846
-26.331736815338722,3.3747158212006414,0.29681315621294846
-26.331736815338722,3.3747158212006414,0.29681315621294846
-26.341339093320958,3.3593123781049368,0.2845592442341932
-26.341339093320958,3.3593123781049368,0.2845592442341932
-26.355023211408213,3.3336183332845915,0.2844749403658293
-26.355023211408213,3.3336183332845915,0.2844749403658293
-26.36427987745979,3.317227766355298,0.2688779276665317
-26.36427987745979,3.317227766355298,0.2688779276665317
-26.366779483371612,3.3116690641595463,0.2728679555783673
-26.366779483371612,3.3116690641595463,0.2728679555783673
-26.106215763213793,3.160434202910531,0.2671149082600162
-26.106215763213793,3.160434202910531,0.2671149082600162
-26.10705603517596,3.1588353941128418,0.2654609864490224
-26.10705603517596,3.1588353941128418,0.2654609864490224
-26.020591569574872,3.1085441294028375,0.25265962651800944
-26.020591569574872,3.1085441294028375,0.25265962651800944
-26.020591569574872,3.1085441294028375,0.25265962651800944
-26.021454444797314,3.106240794079219,0.25480531495505854
-26.021454444797314,3.106240794079219,0.25480531495505854
-26.027987251094594,3.0903617244598305,0.25562494500822447
-26.027987251094594,3.0903617244598305,0.25562494500822447
-26.028027818016206,3.0902570999754033,0.25564567897265006
-26.028027818016206,3.0902570999754033,0.25564567897265006
-26.030227114193412,3.0846033636683607,0.2561908472989914
-26.030227114193412,3.0846033636683607,0.2561908472989914
-26.030227114193412,3.0846033636683607,0.2561908472989914
-26.031868891772007,3.0815106881794097,0.2484880092931085
-26.031868891772007,3.0815106881794097,0.2484880092931085
-26.031818414817312,3.081676933632681,0.24822686043470182
-26.031818414817312,3.081676933632681,0.24822686043470182
-26.031818414817312,3.081676933632681,0.24822686043470182
-26.031823602461056,3.0816174779638428,0.24856976988591073
-26.03210814479921,3.0803727555305285,0.25210698294034145
-26.03210814479921,3.0803727555305285,0.25210698294034145
-26.031603461845243,3.0817249654872065,0.25185932270237704
-26.031603461845243,3.0817249654872065,0.25185932270237704
-26.030766941859667,3.084016376882871,0.2509711237635118
-26.030766941859667,3.084016376882871,0.2509711237635118
-26.030009706067325,3.08613873487697,0.249652138494676
-26.030009706067325,3.08613873487697,0.249652138494676
-26.025220920384257,3.098834716885431,0.24267090794511184
-26.025220920384257,3.098834716885431,0.24267090794511184
-26.02524144941161,3.09886571072561,0.24188716371662522
-26.02524144941161,3.09886571072561,0.24188716371662522
-26.02524144941161,3.09886571072561,0.24188716371662522
-26.02524144941161,3.09886571072561,0.24188716371662522
-26.02520352518511,3.1002865443530556,0.21934811702784796
-26.02520352518511,3.1002865443530556,0.21934811702784796
-26.02442652572061,3.1021293633474474,0.21996629745062524
-26.02442652572061,3.1021293633474474,0.21996629745062524
-26.02442652572061,3.1021293633474474,0.21996629745062524
-26.358595956812547,3.330330478126313,0.24899488833648484
-26.358595956812547,3.330330478126313,0.24899488833648484
-26.334383831735355,3.373081644212336,0.27357346609774447
-26.334383831735355,3.373081644212336,0.27357346609774447
-26.306954067742062,3.4125565509385147,0.31830746008689775
-26.306954067742062,3.4125565509385147,0.31830746008689775
-26.306954067742062,3.4125565509385147,0.31830746008689775
-25.686062692878995,3.075251119129664,0.2923916377142458
-25.686062692878995,3.075251119129664,0.2923916377142458
-25.686017623927018,3.075174035389316,0.2928114090571018
-25.686017623927018,3.075174035389316,0.2928114090571018
-25.67332790528049,3.088168970581194,0.2995712181789935
-25.67332790528049,3.088168970581194,0.2995712181789935
-25.66761245072387,3.0898729968351377,0.3129500773686158
-25.66761245072387,3.0898729968351377,0.3129500773686158
-25.66772077892915,3.090020444585883,0.31223998424457977
-25.664333765144093,3.0916599819249413,0.31767662922554524
-25.664333765144093,3.0916599819249413,0.31767662922554524
-25.66128426048051,3.0944349629553307,0.3189955925239945
-25.66128426048051,3.0944349629553307,0.3189955925239945
-25.66128426048051,3.0944349629553307,0.3189955925239945
-25.652293990473403,3.101265791767235,0.3252371054876094
-25.652293990473403,3.101265791767235,0.3252371054876094
-25.65268113882624,3.1004064251992975,0.326375258602278
-25.65268113882624,3.1004064251992975,0.326375258602278
-25.65268113882624,3.1004064251992975,0.326375258602278
-25.65268113882624,3.1004064251992975,0.326375258602278
-25.647524713757026,3.1043002948330134,0.3293698473987355
-25.647524713757026,3.1043002948330134,0.3293698473987355
-25.6383813901219,3.1098188631208497,0.3368546251191965
-25.6383813901219,3.1098188631208497,0.3368546251191965
-25.6383813901219,3.1098188631208497,0.3368546251191965
-25.6383813901219,3.1098188631208497,0.3368546251191965
-25.63308992853555,3.1135164853327573,0.3394332584663699
-25.63308992853555,3.1135164853327573,0.3394332584663699
-25.62982270391536,3.115938325802023,0.34051997824587277
-25.62982270391536,3.115938325802023,0.34051997824587277
-25.64024806684508,3.1016367311993474,0.35054402603346196
-25.64024806684508,3.1016367311993474,0.35054402603346196
-25.632098345079005,3.112336421230518,0.34403491917974505
-25.632098345079005,3.112336421230518,0.34403491917974505
-25.62132599097996,3.1243664452520763,0.3377311851555091
-25.62132599097996,3.1243664452520763,0.3377311851555091
-25.62132599097996,3.1243664452520763,0.3377311851555091
-25.62230954756109,3.123371337116125,0.33816291237749935
-25.621600953173328,3.1242038525923164,0.3375777177947742
-25.621600953173328,3.1242038525923164,0.3375777177947742
-25.621600953173328,3.1242038525923164,0.3375777177947742
-25.621639376813523,3.124172124317468,0.3375777177947742
-25.621639376813523,3.124172124317468,0.3375777177947742
-25.633098929897706,3.110439520561792,0.3461753627630883
-25.633098929897706,3.110439520561792,0.3461753627630883
-25.633098929897706,3.110439520561792,0.3461753627630883
-25.633098929897706,3.110439520561792,0.3461753627630883
-25.63454211084889,3.108620609987355,0.347235117160977
-25.63454211084889,3.108620609987355,0.347235117160977
-25.63454211084889,3.108620609987355,0.347235117160977
-25.63728768024106,3.105107443911999,0.34922525507698676
-25.63728768024106,3.105107443911999,0.34922525507698676
-25.632149292819303,3.1118635201532037,0.34496143903300835
-25.632149292819303,3.1118635201532037,0.34496143903300835
-25.63240374811086,3.1115542554652063,0.3451343735002349
-25.63240374811086,3.1115542554652063,0.3451343735002349
-25.635953988349794,3.10672619321166,0.348462282220923
-25.635953988349794,3.10672619321166,0.348462282220923
-25.63580504519971,3.106919697445435,0.3483484469876371
-25.63580504519971,3.106919697445435,0.3483484469876371
-25.63580504519971,3.106919697445435,0.3483484469876371
-25.636107962112046,3.1064223362801218,0.3487931905217191
-25.636107962112046,3.1064223362801218,0.3487931905217191
-25.63537044217818,3.1074692969952245,0.3480443880278084
-25.63537044217818,3.1074692969952245,0.3480443880278084
-25.635246071339104,3.107647970356569,0.34791207557006226
-25.635246071339104,3.107647970356569,0.34791207557006226
-25.635246071339104,3.107647970356569,0.34791207557006226
-25.63534775120598,3.107583392611161,0.34785085082685663
-25.634345285134614,3.1091166526379794,0.3465709150178378
-25.634345285134614,3.1091166526379794,0.3465709150178378
-25.634345285134614,3.1091166526379794,0.3465709150178378
-25.634345285134614,3.1091166526379794,0.3465709150178378
-25.634345285134614,3.1091166526379794,0.3465709150178378
-25.634078605523335,3.1096182712144977,0.34602501509402905
-25.634078605523335,3.1096182712144977,0.34602501509402905
-25.636543625778646,3.1061853346270842,0.3484445168309792
-25.636543625778646,3.1061853346270842,0.3484445168309792
-25.636543625778646,3.1061853346270842,0.3484445168309792
-25.637228212524455,3.1050998609193305,0.3493547742485745
-25.637228212524455,3.1050998609193305,0.3493547742485745
-25.637250015985664,3.105203700053595,0.3491009806249592
-25.637250015985664,3.105203700053595,0.3491009806249592
-25.63681054313881,3.105943816230789,0.3484280671311324
-25.63681054313881,3.105943816230789,0.3484280671311324
-25.636861130861604,3.10590446353866,0.34841161717678515
-25.636861130861604,3.10590446353866,0.34841161717678515
-25.642575776045597,3.0984790853722215,0.35230307045509446
-25.642575776045597,3.0984790853722215,0.35230307045509446
-25.63811214360049,3.1033964352662524,0.3511086107129652
-25.63811214360049,3.1033964352662524,0.3511086107129652
-25.63811214360049,3.1033964352662524,0.3511086107129652
-25.63890414469593,3.1022854546187584,0.3518185004710662
-25.63983422259844,3.1012250368558654,0.35215031459414226
-25.63983422259844,3.1012250368558654,0.35215031459414226
-25.640134173794273,3.1011799810017773,0.3516689524353418
-25.640134173794273,3.1011799810017773,0.3516689524353418
-25.642506932469736,3.0986073170939497,0.352185063632815
-25.642506932469736,3.0986073170939497,0.352185063632815
-25.642506932469736,3.0986073170939497,0.352185063632815
-25.642506932469736,3.0986073170939497,0.352185063632815
-25.643009648515388,3.0982067144116265,0.35200147050837083
-25.643009648515388,3.0982067144116265,0.35200147050837083
-25.643009648515388,3.0982067144116265,0.35200147050837083
-25.642692975559605,3.0988135194262383,0.3514242503587822
-25.64271199611687,3.0987898144751487,0.351434092043397
-25.64271199611687,3.0987898144751487,0.351434092043397
-25.64271199611687,3.0987898144751487,0.351434092043397
-25.64295311900446,3.098455850419131,0.3516236902025396
-25.64295311900446,3.098455850419131,0.3516236902025396
-25.64295311900446,3.098455850419131,0.3516236902025396
-25.714287861364454,3.1571574525542925,0.39119959121901104
-25.714287861364454,3.1571574525542925,0.39119959121901104
-25.640891076459916,3.099864673157847,0.3528123106399631
-25.640891076459916,3.099864673157847,0.3528123106399631
-25.640996369296815,3.099862052300963,0.35261768891256173
-25.640996369296815,3.099862052300963,0.35261768891256173
-25.642427375144674,3.0981656053675866,0.35319423795287375
-25.642427375144674,3.0981656053675866,0.35319423795287375
-25.64379643643651,3.0963621308379947,0.35405517661882147
-25.64379643643651,3.0963621308379947,0.35405517661882147
-25.718322600093114,3.1537455785260176,0.3897665907868876
-25.718260482906505,3.1536028621224106,0.39014992029314643
-25.718260482906505,3.1536028621224106,0.39014992029314643
-25.64251948648623,3.0990967086011496,0.35120245957478524
-25.64251948648623,3.0990967086011496,0.35120245957478524
-25.6430409318939,3.0984477771111583,0.35147017741877845
-25.6430409318939,3.0984477771111583,0.35147017741877845
-25.642936636701684,3.098608376892806,0.3513566682614282
-25.642936636701684,3.098608376892806,0.3513566682614282
-25.718002392718407,3.1505503339807106,0.396140179898861
-25.718002392718407,3.1505503339807106,0.396140179898861
-25.64153674041954,3.0994286500515376,0.35243613963770115
-25.64153674041954,3.0994286500515376,0.35243613963770115
-25.64179146642389,3.0990994467571045,0.35259278514196574
-25.64179146642389,3.0990994467571045,0.35259278514196574
-25.642628913119058,3.0984396227510476,0.352278159033807
-25.642628913119058,3.0984396227510476,0.352278159033807
-25.6436728148966,3.097437544102039,0.3522224339279834
-25.6436728148966,3.097437544102039,0.3522224339279834
-25.644193241444345,3.0968963097870748,0.3522696365665915
-25.644193241444345,3.0968963097870748,0.3522696365665915
-25.72267633362551,3.1481545076206827,0.39150085044168115
-25.72267633362551,3.1481545076206827,0.39150085044168115
-25.720178623673377,3.15149049299807,0.39030844868512704
-25.720178623673377,3.15149049299807,0.39030844868512704
-25.643419659650238,3.098203832930327,0.3512162408598596
-25.643419659650238,3.098203832930327,0.3512162408598596
-25.643883406158878,3.097610860996784,0.3514787065052569
-25.643883406158878,3.097610860996784,0.3514787065052569
-25.643883406158878,3.097610860996784,0.3514787065052569
-25.643918893439718,3.0974090996542833,0.35180341546893557
-25.643918893439718,3.0974090996542833,0.35180341546893557
-25.643928719143325,3.097396653973926,0.3518086624512486
-25.643928719143325,3.097396653973926,0.3518086624512486
-25.64198236869463,3.1000451369356545,0.3503660527583782
-25.64198236869463,3.1000451369356545,0.3503660527583782
-25.641304586682672,3.101246639680049,0.34928114093423934
-25.641304586682672,3.101246639680049,0.34928114093423934
-25.641042446342233,3.1017323357243085,0.3488129233413425
-25.641042446342233,3.1017323357243085,0.3488129233413425
-25.641000722073503,3.1017667721969566,0.34882476285670283
-25.641000722073503,3.1017667721969566,0.34882476285670283
-25.642015045454663,3.1007210267366534,0.3489510427846789
-25.642015045454663,3.1007210267366534,0.3489510427846789
-25.642015045454663,3.1007210267366534,0.3489510427846789
-25.641982015352195,3.100686137753833,0.3490858562809226
-25.641982015352195,3.100686137753833,0.3490858562809226
-25.641177174607694,3.1011188622373043,0.3497852945635054
-25.641177174607694,3.1011188622373043,0.3497852945635054
-25.64027977750688,3.102171881922366,0.3494093384760607
-25.64027977750688,3.102171881922366,0.3494093384760607
-25.640065895587863,3.1023610608808654,0.34944220712881113
-25.640065895587863,3.1023610608808654,0.34944220712881113
-25.638119184857857,3.1044977740608446,0.34886948872044543
-25.638119184857857,3.1044977740608446,0.34886948872044543
-25.638259213482165,3.1043108368423438,0.34898063746342967
-25.638259213482165,3.1043108368423438,0.34898063746342967
-25.6384027905726,3.104126758145542,0.3490786228224693
-25.6384027905726,3.104126758145542,0.3490786228224693
-25.64012568512096,3.1019774832974467,0.35009805054496373
-25.64012568512096,3.1019774832974467,0.35009805054496373
-25.64012568512096,3.1019774832974467,0.35009805054496373
-25.637946869162775,3.1047368223190728,0.34871359775298505
-25.637946869162775,3.1047368223190728,0.34871359775298505
-25.63766237527221,3.1050660790092186,0.3485886053172511
-25.63766237527221,3.1050660790092186,0.3485886053172511
-25.637386069412308,3.1053801779717256,0.3484774154670467
-25.637386069412308,3.1053801779717256,0.3484774154670467
-25.637474444627504,3.1053079993147814,0.348455044505305
-25.637474444627504,3.1053079993147814,0.348455044505305
-25.63597059865098,3.1072247484355335,0.34739583468686375
-25.63597059865098,3.1072247484355335,0.34739583468686375
-25.63597059865098,3.1072247484355335,0.34739583468686375
-25.63597059865098,3.1072247484355335,0.34739583468686375
-25.635512563903124,3.107717943720322,0.347252243943201
-25.635512563903124,3.107717943720322,0.347252243943201
-25.635363168495683,3.1078513331653173,0.34726212465498896
-25.635363168495683,3.1078513331653173,0.34726212465498896
-25.635324314800275,3.1078626654456403,0.3473135028920987
-25.635324314800275,3.1078626654456403,0.3473135028920987
-25.635992986974045,3.107106583820327,0.34759867327772703
-25.635992986974045,3.107106583820327,0.34759867327772703
-25.635435227685758,3.1078215723277363,0.34718505269499667
-25.635435227685758,3.1078215723277363,0.34718505269499667
-25.635181876989602,3.108145417462609,0.3469966313287324
-25.635181876989602,3.108145417462609,0.3469966313287324
-25.63514401946606,3.1081442141156668,0.3470723991283815
-25.63514401946606,3.1081442141156668,0.3470723991283815
-25.63514401946606,3.1081442141156668,0.3470723991283815
-25.63514401946606,3.1081442141156668,0.3470723991283815
-25.634943815730892,3.108640864553615,0.3464153483540261
-25.634943815730892,3.108640864553615,0.3464153483540261
-25.632800936980953,3.1113697205938537,0.3447594276690773
-25.632800936980953,3.1113697205938537,0.3447594276690773
-25.631581916781375,3.113364095186722,0.34279482703230324
-25.631581916781375,3.113364095186722,0.34279482703230324
-25.631682558978067,3.113529514259768,0.34222985199845646
-25.631682558978067,3.113529514259768,0.34222985199845646
-25.631682558978067,3.113529514259768,0.34222985199845646
-25.643510982401928,3.098397245447631,0.3506589372850779
-25.643510982401928,3.098397245447631,0.3506589372850779
-25.751790929835636,3.1319476608093866,0.3576605770666046
-25.751790929835636,3.1319476608093866,0.3576605770666046
-25.75250190272842,3.1332474475871637,0.3529825070602941
-25.750848087799078,3.1342895869237926,0.35513644654066645
-25.750848087799078,3.1342895869237926,0.35513644654066645
-25.677547768109438,3.0761584159032496,0.318366605720048
-25.677547768109438,3.0761584159032496,0.318366605720048
-25.667517652439706,3.0950366806111984,0.29838097322398677
-25.667517652439706,3.0950366806111984,0.29838097322398677
-25.66937696387776,3.0902074645337807,0.30666794232129513
-25.66937696387776,3.0902074645337807,0.30666794232129513
-25.669018621593807,3.090914865118097,0.30579393897859963
-25.669018621593807,3.090914865118097,0.30579393897859963
-25.67160760427294,3.091131903116302,0.2964123732282596
-25.67160760427294,3.091131903116302,0.2964123732282596
-25.67235280508485,3.0900391636024067,0.29721522960724234
-25.67235280508485,3.0900391636024067,0.29721522960724234
-25.67293990115892,3.0887880401830445,0.29903215575522113
-25.67293990115892,3.0887880401830445,0.29903215575522113
-25.673316582746452,3.0884212389158265,0.298841057144261
-25.673316582746452,3.0884212389158265,0.298841057144261
-25.674319346974134,3.0872617349478495,0.29887450085214984
-25.674319346974134,3.0872617349478495,0.29887450085214984
-25.67995503079607,3.084024488099314,0.2880305825141839
-25.67995503079607,3.084024488099314,0.2880305825141839
-25.67995503079607,3.084024488099314,0.2880305825141839
-25.681465578119244,3.0823047197681364,0.28774162340833387
-25.69022669190668,3.0730071060267825,0.28219110492137695
-25.69022669190668,3.0730071060267825,0.28219110492137695
-25.69022669190668,3.0730071060267825,0.28219110492137695
-25.691207451491888,3.0727080845104235,0.2786417615184967
-25.691207451491888,3.0727080845104235,0.2786417615184967
-25.691033583676244,3.07249908931458,0.2802614550623387
-25.69213504156543,3.071340962664565,0.2792674463338075
-25.69213504156543,3.071340962664565,0.2792674463338075
-25.69213504156543,3.071340962664565,0.2792674463338075
-26.372613240974463,3.4781003185291848,0.3991690635553253
-26.372613240974463,3.4781003185291848,0.3991690635553253
-26.377156322883135,3.4727524486348273,0.3932438361000897
-25.7682565767408,3.1253372943632503,0.32348378671199074
-25.7682565767408,3.1253372943632503,0.32348378671199074
-25.7682565767408,3.1253372943632503,0.32348378671199074
-25.683007784888506,3.0747537573800208,0.3049534848049178
-25.683007784888506,3.0747537573800208,0.3049534848049178
-25.69053667096372,3.0697605529306236,0.29168200183532056
-25.69053667096372,3.0697605529306236,0.29168200183532056
-25.68943502338641,3.0694752672552705,0.2968449336366902
-25.68943502338641,3.0694752672552705,0.2968449336366902
-25.68943502338641,3.0694752672552705,0.2968449336366902
-25.769162967730058,3.123598776130314,0.3249253741535624
-25.769162967730058,3.123598776130314,0.3249253741535624
-25.684509631232608,3.073796142841459,0.30243438742592943
-25.684509631232608,3.073796142841459,0.30243438742592943
-25.685025176230464,3.07309049503235,0.3025917264455424
-25.685025176230464,3.07309049503235,0.3025917264455424
-25.76335218026031,3.1294601822306185,0.3295016903739073
-25.76335218026031,3.1294601822306185,0.3295016903739073
-25.679519605798138,3.0754936451470583,0.3141583048021485
-25.679519605798138,3.0754936451470583,0.3141583048021485
-25.679519605798138,3.0754936451470583,0.3141583048021485
-25.664912709700914,3.091749505262203,0.3158276635569853
-25.659650361787605,3.0965917424848195,0.3179181247086309
-25.659650361787605,3.0965917424848195,0.3179181247086309
-25.655710838974162,3.1004318956438093,0.31857832121029184
-25.655710838974162,3.1004318956438093,0.31857832121029184
-25.655710838974162,3.1004318956438093,0.31857832121029184
-25.64649109836098,3.1081201592954892,0.3223885128019335
-25.65282877720361,3.1005341678290446,0.32570267885388604
-25.65282877720361,3.1005341678290446,0.32570267885388604
-25.65254564372676,3.1001786528096913,0.3272538572330504
-25.65254564372676,3.1001786528096913,0.3272538572330504
-25.64751008758657,3.1016643373878954,0.3355029661926835
-25.64751008758657,3.1016643373878954,0.3355029661926835
-25.64751008758657,3.1016643373878954,0.3355029661926835
-25.645854162698438,3.095998391484619,0.3507869663157701
-25.645854162698438,3.095998391484619,0.3507869663157701
-25.645984897572344,3.096338944028915,0.34986283520507644
-25.645984897572344,3.096338944028915,0.34986283520507644
-25.64425805504202,3.0947554012275527,0.3562163839096094
-25.64425805504202,3.0947554012275527,0.3562163839096094
-25.644253541622064,3.094776717433939,0.35618503874027463
-25.644253541622064,3.094776717433939,0.35618503874027463
-25.644253541622064,3.094776717433939,0.35618503874027463
-25.642723235317188,3.096883507135206,0.3550899490462035
-25.642723235317188,3.096883507135206,0.3550899490462035
-25.644390508892222,3.0957077156433788,0.35417231239133473
-25.644390508892222,3.0957077156433788,0.35417231239133473
-25.63653164223364,3.107492694936174,0.3457394292008884
-25.63653164223364,3.107492694936174,0.3457394292008884
-25.636829705416794,3.1069717819673666,0.34625250677809044
-25.636829705416794,3.1069717819673666,0.34625250677809044
-25.63867218700378,3.102543041578394,0.3517470087218161
-25.63867218700378,3.102543041578394,0.3517470087218161
-25.63867218700378,3.102543041578394,0.3517470087218161
-25.634936372166113,3.10687153027292,0.3501019922515365
-25.634936372166113,3.10687153027292,0.3501019922515365
-25.635133000994546,3.106690342388796,0.35010002140010543
-25.638626823190275,3.099453593824506,0.3577960632706298
-25.638626823190275,3.099453593824506,0.3577960632706298
-25.638626823190275,3.099453593824506,0.3577960632706298
-25.638698993016828,3.0994175853393404,0.35773282062343303
-25.63871028428337,3.0994781028653406,0.35759849790574083
-25.63871028428337,3.0994781028653406,0.35759849790574083
-25.639037371532257,3.099821675709923,0.3563515485763914
-25.639037371532257,3.099821675709923,0.3563515485763914
-25.635484698603598,3.1064096634312452,0.35000673018876066
-25.635484698603598,3.1064096634312452,0.35000673018876066
-25.635484698603598,3.1064096634312452,0.35000673018876066
-25.636211948941384,3.105604971883321,0.3502649031323355
-25.63593399594731,3.106584919128666,0.3487918749873443
-25.63593399594731,3.106584919128666,0.3487918749873443
-25.63593399594731,3.106584919128666,0.3487918749873443
-25.640587856942425,3.098513397322815,0.35597865827449826
-25.637582336011363,3.1034535867280506,0.3519962245086862
-25.637582336011363,3.1034535867280506,0.3519962245086862
-25.636907815268664,3.1044926671698714,0.35119261568750504
-25.636907815268664,3.1044926671698714,0.35119261568750504
-25.633269682410194,3.109842400787472,0.3471119280383559
-25.633269682410194,3.109842400787472,0.3471119280383559
-25.633838215098713,3.108942260673296,0.3479127338815727
-25.633838215098713,3.108942260673296,0.3479127338815727
-25.635401294661143,3.1062948258613776,0.3503982346760762
-25.635401294661143,3.1062948258613776,0.3503982346760762
-25.635401294661143,3.1062948258613776,0.3503982346760762
-25.640757763764828,3.0996222942964233,0.35353542736783294
-25.714701844872085,3.155947245705164,0.3926423560286153
-25.714701844872085,3.155947245705164,0.3926423560286153
-25.714949999574763,3.1554690058554264,0.3930476252117381
-25.714949999574763,3.1554690058554264,0.3930476252117381
-25.714949999574763,3.1554690058554264,0.3930476252117381
-25.71554944630697,3.1542886716918304,0.3940614325012536
-25.71554944630697,3.1542886716918304,0.3940614325012536
-25.7156867857015,3.1541495030323343,0.39405491553555794
-25.7156867857015,3.1541495030323343,0.39405491553555794
-25.715920554819167,3.1538894749758186,0.3940850562088507
-25.715920554819167,3.1538894749758186,0.3940850562088507
-25.719293479913837,3.1483988939479812,0.39750072639755624
-25.719293479913837,3.1483988939479812,0.39750072639755624
-25.71605591823111,3.154458039638378,0.3928005655766543
-25.71605591823111,3.154458039638378,0.3928005655766543
-25.715573891298796,3.1551929673945147,0.39237318985268244
-25.715573891298796,3.1551929673945147,0.39237318985268244
-25.64441466490038,3.096432313342208,0.3527395775652867
-25.64441466490038,3.096432313342208,0.3527395775652867
-25.64441466490038,3.096432313342208,0.3527395775652867
-25.6451136420584,3.0955321840561356,0.35312480727315043
-25.644593353360293,3.095551466950756,0.3540833166210229
-25.644593353360293,3.095551466950756,0.3540833166210229
-25.644593353360293,3.095551466950756,0.3540833166210229
-25.645739560650746,3.0939664280114547,0.35489772690984367
-25.645739560650746,3.0939664280114547,0.35489772690984367
-25.6451869949352,3.0946414509551596,0.3546773452641516
-25.64545789072415,3.0942911747989656,0.35482252793634406
-25.64545789072415,3.0942911747989656,0.35482252793634406
-25.645471227978547,3.094259288655409,0.35485718555578283
-25.645471227978547,3.094259288655409,0.35485718555578283
-28.374536615633414,5.354943002246889,1.7300480850395055
-28.374536615633414,5.354943002246889,1.7300480850395055
-29.135647635616525,4.61164659097646,1.9373716408537278
-29.135647635616525,4.61164659097646,1.9373716408537278
-29.135647635616525,4.61164659097646,1.9373716408537278
-29.135647635616525,4.61164659097646,1.9373716408537278
-28.6503427826825,4.8714312097149985,1.8806066246926434
-28.6503427826825,4.8714312097149985,1.8806066246926434
-28.671086301048078,4.859046763149159,1.8546688179215913
-28.671086301048078,4.859046763149159,1.8546688179215913
-28.671086301048078,4.859046763149159,1.8546688179215913
-28.671086301048078,4.859046763149159,1.8546688179215913
-28.50653526616032,4.997779116186216,1.74234853940945
-28.50653526616032,4.997779116186216,1.74234853940945
-28.43170759844208,5.246953211204544,1.7907907749503345
-28.43170759844208,5.246953211204544,1.7907907749503345
-28.408540594401025,5.285313264995769,1.776143860030463
-28.408540594401025,5.285313264995769,1.776143860030463
-25.72511668859221,3.1477560484746787,0.38741010835373846
-25.72511668859221,3.1477560484746787,0.38741010835373846
-25.72511668859221,3.1477560484746787,0.38741010835373846
-25.651231801773566,3.091803178532602,0.348235257687015
-25.651231801773566,3.091803178532602,0.348235257687015
-25.651231801773566,3.091803178532602,0.348235257687015
-25.643176382378677,3.0995260563638665,0.349071389314505
-25.643176382378677,3.0995260563638665,0.349071389314505
-25.643989093754737,3.0985737415342585,0.3493744965845379
-25.643648662424,3.097985556289527,0.3512004908048107
-25.643648662424,3.097985556289527,0.3512004908048107
-25.643648662424,3.097985556289527,0.3512004908048107
-25.643648662424,3.097985556289527,0.3512004908048107
-25.64362879416136,3.09744062502796,0.3523011037859365
-25.64362879416136,3.09744062502796,0.3523011037859365
-25.64362879416136,3.09744062502796,0.3523011037859365
-25.643357819306885,3.0970221033925087,0.3536264354898151
-25.633604380353137,3.1078471794998483,0.3506162574425135
-25.633604380353137,3.1078471794998483,0.3506162574425135
-25.633604380353137,3.1078471794998483,0.3506162574425135
-25.633604380353137,3.1078471794998483,0.3506162574425135
-25.633604380353137,3.1078471794998483,0.3506162574425135
-25.710485639053868,3.160111475996887,0.3928796626971115
-25.710485639053868,3.160111475996887,0.3928796626971115
-25.710485639053868,3.160111475996887,0.3928796626971115
-25.64420041074858,3.0952072228836003,0.3554782034216357
-25.64420041074858,3.0952072228836003,0.3554782034216357
-25.644604075458588,3.094958098896112,0.3551853925696467
-25.644604075458588,3.094958098896112,0.3551853925696467
-25.64607249133736,3.0940718189969263,0.3540636841441014
-25.64607249133736,3.0940718189969263,0.3540636841441014
-25.64748255394606,3.093300123127765,0.3528070687897994
-25.64748255394606,3.093300123127765,0.3528070687897994
-25.64748255394606,3.093300123127765,0.3528070687897994
-25.64748255394606,3.093300123127765,0.3528070687897994
-25.6500306167438,3.0913948287917243,0.35143737258411767
-25.6500306167438,3.0913948287917243,0.35143737258411767
-25.6500306167438,3.0913948287917243,0.35143737258411767
-25.71811446410791,3.156202666252556,0.3855660680648345
-25.599177649967757,3.0345956041732136,0.2090770513738713
-25.599177649967757,3.0345956041732136,0.2090770513738713
-25.599177649967757,3.0345956041732136,0.2090770513738713
-25.60120195850752,3.0324640669957903,0.21633902048666412
-25.60120195850752,3.0324640669957903,0.21633902048666412
-25.684990313994277,3.0879513940644876,0.23237621244962633
-25.682751950041563,3.0904696384698322,0.23404366599346527
-25.682751950041563,3.0904696384698322,0.23404366599346527
-25.689518490808524,3.0828323503473793,0.22611465911085996
-25.689518490808524,3.0828323503473793,0.22611465911085996
-25.689518490808524,3.0828323503473793,0.22611465911085996
-25.689658122045874,3.0826391953009744,0.22657662810354381
-25.689658122045874,3.0826391953009744,0.22657662810354381
-25.69065367965881,3.0809701621408543,0.2337019725317879
-25.69065367965881,3.0809701621408543,0.2337019725317879
-25.707197328285876,3.0591329208031017,0.2301461901202887
-25.707197328285876,3.0591329208031017,0.2301461901202887
-25.707301996006287,3.058733288302804,0.23348091038285687
-25.707301996006287,3.058733288302804,0.23348091038285687
-25.707301996006287,3.058733288302804,0.23348091038285687
-25.796795894776952,3.104423784670028,0.24105069752363467
-26.325367507003623,3.3906250529281965,0.2502863054583816
-26.325367507003623,3.3906250529281965,0.2502863054583816
-26.32681599628173,3.3890754381925996,0.23064982518968535
-26.32681599628173,3.3890754381925996,0.23064982518968535
-25.70295681438555,3.065065880122277,0.23069380288041924
-25.70295681438555,3.065065880122277,0.23069380288041924
-25.70295681438555,3.065065880122277,0.23069380288041924
-25.675454595669446,3.098870961064401,0.2324292187771022
-25.675454595669446,3.098870961064401,0.2324292187771022
-25.675454595669446,3.098870961064401,0.2324292187771022
-25.675454595669446,3.098870961064401,0.2324292187771022
-25.584078238135124,3.049392042237221,0.22861091424258584
-25.584078238135124,3.049392042237221,0.22861091424258584
-25.581478739327974,3.051725889222902,0.22971338579135941
-25.581478739327974,3.051725889222902,0.22971338579135941
-25.581478739327974,3.051725889222902,0.22971338579135941
-25.59342018223296,3.0399233991556285,0.23292283866289823
-25.59342018223296,3.0399233991556285,0.23292283866289823
-25.676175875494998,3.0979371570232366,0.23436582119553678
-25.676175875494998,3.0979371570232366,0.23436582119553678
-25.676175875494998,3.0979371570232366,0.23436582119553678
-25.676175875494998,3.0979371570232366,0.23436582119553678
-25.697332661939807,3.072033903979542,0.23817208680863095
-25.697332661939807,3.072033903979542,0.23817208680863095
-25.710339947257932,3.054704710582992,0.22777823027829994
-25.710339947257932,3.054704710582992,0.22777823027829994
-25.801639437884077,3.0969566399512933,0.2403648365210159
-25.801639437884077,3.0969566399512933,0.2403648365210159
-25.801639437884077,3.0969566399512933,0.2403648365210159
-25.800734793409763,3.098370554178951,0.24052780918967218
-25.800734793409763,3.098370554178951,0.24052780918967218
-25.800734793409763,3.098370554178951,0.24052780918967218
-25.800734793409763,3.098370554178951,0.24052780918967218
-25.695888301997826,3.0710188925331634,0.2589593606202192
-25.695888301997826,3.0710188925331634,0.2589593606202192
-25.699483187662196,3.0656895087006433,0.2616380040898735
-25.699483187662196,3.0656895087006433,0.2616380040898735
-25.79133988652436,3.1091538687557407,0.2658010391121187
-25.79133988652436,3.1091538687557407,0.2658010391121187
-26.31128538557616,3.4079752142201185,0.3040787911297669
-26.31128538557616,3.4079752142201185,0.3040787911297669
-26.335156668536268,3.366756181029437,0.3085881927436187
-26.335156668536268,3.366756181029437,0.3085881927436187
-26.335156668536268,3.366756181029437,0.3085881927436187
-26.356406444700248,3.3248535708494957,0.31915415079477805
-26.356406444700248,3.3248535708494957,0.31915415079477805
-26.365698857401476,3.309110037159414,0.3040041635845419
-26.365698857401476,3.309110037159414,0.3040041635845419
-26.108097741048564,3.1572102342321937,0.2607739486257714
-26.108097741048564,3.1572102342321937,0.2607739486257714
-26.022706341853233,3.104528044132421,0.24534293773294638
-26.022706341853233,3.104528044132421,0.24534293773294638
-26.026509191838482,3.095109541068338,0.2478815022091892
-26.026509191838482,3.095109541068338,0.2478815022091892
-26.033796161153866,3.0752236151790697,0.25638841887230523
-26.033796161153866,3.0752236151790697,0.25638841887230523
-26.033796161153866,3.0752236151790697,0.25638841887230523
-26.033796161153866,3.0752236151790697,0.25638841887230523
-26.033796161153866,3.0752236151790697,0.25638841887230523
-25.956664324200606,2.9904608840406923,0.24693368566157095
-26.10630926068189,3.163538649318287,0.19132744488567519
-26.10630926068189,3.163538649318287,0.19132744488567519
-26.01868551322927,3.1123115183309755,0.1726777646486695
-26.01868551322927,3.1123115183309755,0.1726777646486695
-26.01868551322927,3.1123115183309755,0.1726777646486695
-26.017371395114402,3.111821794254128,0.1537210726411341
-26.017371395114402,3.111821794254128,0.1537210726411341
-26.103326726673345,3.1648474881793485,0.15147667108496154
-26.103326726673345,3.1648474881793485,0.15147667108496154
-26.103326726673345,3.1648474881793485,0.15147667108496154
-26.103326726673345,3.1648474881793485,0.15147667108496154
-26.102590952565997,3.1669229694013223,0.15411185774036504
-26.102590952565997,3.1669229694013223,0.15411185774036504
-26.360051921497146,3.324111753840231,0.1477097511678785
-26.360051921497146,3.324111753840231,0.1477097511678785
-26.34707737134962,3.3474440867340407,0.1359726803351818
-26.34707737134962,3.3474440867340407,0.1359726803351818
-26.342092349752242,3.3552324300623146,0.1268872182732818
-26.342092349752242,3.3552324300623146,0.1268872182732818
-26.342092349752242,3.3552324300623146,0.1268872182732818
-26.342092349752242,3.3552324300623146,0.1268872182732818
-26.333094700383697,3.371117271118159,0.12504059655406813
-26.333094700383697,3.371117271118159,0.12504059655406813
-26.333094700383697,3.371117271118159,0.12504059655406813
-25.80651503646811,3.08802311394095,0.180233304706566
-25.80651503646811,3.08802311394095,0.180233304706566
-25.80651503646811,3.08802311394095,0.180233304706566
-26.09537181193907,3.186971400234115,0.20119353527415015
-26.09537181193907,3.186971400234115,0.20119353527415015
-26.09537181193907,3.186971400234115,0.20119353527415015
-26.024607931336046,3.1015430299234295,0.22529147057208856
-26.024607931336046,3.1015430299234295,0.22529147057208856
-26.036841264701238,3.051215079031489,0.3091185974032449
-26.03682030737632,3.051404697051193,0.30882078653515455
-26.03682030737632,3.051404697051193,0.30882078653515455
-26.03682030737632,3.051404697051193,0.30882078653515455
-26.0353699570302,3.0559576497816514,0.30815125416636263
-26.0353699570302,3.0559576497816514,0.30815125416636263
-26.029049806661536,3.0778531263151034,0.2961861142434413
-26.029049806661536,3.0778531263151034,0.2961861142434413
-26.02748378042552,3.0820300430076335,0.2958803207456097
-26.02748378042552,3.0820300430076335,0.2958803207456097
-26.111485965572317,3.1414317789448156,0.29974382003608757
-26.111485965572317,3.1414317789448156,0.29974382003608757
-26.108808237531555,3.148579146197706,0.29626517374587663
-26.108808237531555,3.148579146197706,0.29626517374587663
-26.362574559249506,3.311427143911287,0.32382796931147584
-26.362574559249506,3.311427143911287,0.32382796931147584
-26.362574559249506,3.311427143911287,0.32382796931147584
-26.35420754463731,3.3288959758195897,0.32048999839133774
-26.35420754463731,3.3288959758195897,0.32048999839133774
-26.331336436704092,3.376456957811309,0.28957839681048264
-26.311828402313594,3.4010510882730243,0.3368736674789088
-26.311828402313594,3.4010510882730243,0.3368736674789088
-26.311828402313594,3.4010510882730243,0.3368736674789088
-26.380049490989762,3.4689379640788873,0.39070840831108544
-26.380049490989762,3.4689379640788873,0.39070840831108544
-26.377076575594817,3.4648416519189014,0.4199712683633472
-26.377076575594817,3.4648416519189014,0.4199712683633472
-26.327983095486715,3.370441342132535,0.35078030408024274
-26.327983095486715,3.370441342132535,0.35078030408024274
-26.327983095486715,3.370441342132535,0.35078030408024274
-26.022585578088318,3.1035540374592405,0.25504803857625896
-26.045688596720137,3.044603783751019,0.20679381911959469
-26.045688596720137,3.044603783751019,0.20679381911959469
-25.958920450926318,2.9854027676132224,0.21073602737776162
-25.958920450926318,2.9854027676132224,0.21073602737776162
-25.958920450926318,2.9854027676132224,0.21073602737776162
-25.958920450926318,2.9854027676132224,0.21073602737776162
-25.958920450926318,2.9854027676132224,0.21073602737776162
-25.958920450926318,2.9854027676132224,0.21073602737776162
-26.02867221998068,3.0918611159467813,0.2141875605810703
-26.02867221998068,3.0918611159467813,0.2141875605810703
-26.01695896918658,3.1185526472711054,0.1942420810057781
-26.01695896918658,3.1185526472711054,0.1942420810057781
-26.349911797012204,3.348004344777703,0.20325415480026046
-26.34991188552145,3.348004391951315,0.2032637535871759
-26.34991188552145,3.348004391951315,0.2032637535871759
-26.34991188552145,3.348004391951315,0.2032637535871759
-26.105254223603414,3.1664444085946424,0.2029721514068409
-26.105254223603414,3.1664444085946424,0.2029721514068409
-26.105254223603414,3.1664444085946424,0.2029721514068409
-26.040085825476673,3.06137714556189,0.2083306746783834
-26.040085825476673,3.06137714556189,0.2083306746783834
-26.040085825476673,3.06137714556189,0.2083306746783834
-26.040085825476673,3.06137714556189,0.2083306746783834
-26.024470886329784,3.1008499414731765,0.18900373135939516
-26.024470886329784,3.1008499414731765,0.18900373135939516
-26.349200176213703,3.3485057907054783,0.18322258262645164
-26.349200176213703,3.3485057907054783,0.18322258262645164
-26.349200176213703,3.3485057907054783,0.18322258262645164
-26.349200176213703,3.3485057907054783,0.18322258262645164
-25.802298537886813,3.0971410852844614,0.21545711278409163
-25.802298537886813,3.0971410852844614,0.21545711278409163
-25.713050557892196,3.0510270418531036,0.21608891971790134
-25.713050557892196,3.0510270418531036,0.21608891971790134
-25.713050557892196,3.0510270418531036,0.21608891971790134
-25.713050557892196,3.0510270418531036,0.21608891971790134
-25.600536391774064,3.033193562109203,0.21314822458944738
-25.600536391774064,3.033193562109203,0.21314822458944738
-25.600536391774064,3.033193562109203,0.21314822458944738
-25.600536391774064,3.033193562109203,0.21314822458944738
-25.71097034569675,3.0537429026810816,0.20126525593368344
-25.71097034569675,3.0537429026810816,0.20126525593368344
-25.71097034569675,3.0537429026810816,0.20126525593368344
-25.71097034569675,3.0537429026810816,0.20126525593368344
-25.71097034569675,3.0537429026810816,0.20126525593368344
-25.80704083974074,3.0868168919396055,0.1778552747063326
-25.80704083974074,3.0868168919396055,0.1778552747063326
-25.80670173860568,3.087405073895836,0.17801366849820216
-25.805898761615442,3.0888407435210175,0.17874824615179224
-25.805898761615442,3.0888407435210175,0.17874824615179224
-25.716928352834014,3.0431730479147268,0.1865074731259327
-25.716928352834014,3.0431730479147268,0.1865074731259327
-25.716057581765735,3.0445215607816283,0.1862895075635416
-25.716057581765735,3.0445215607816283,0.1862895075635416
-25.716057581765735,3.0445215607816283,0.1862895075635416
-25.716057581765735,3.0445215607816283,0.1862895075635416
-25.716057581765735,3.0445215607816283,0.1862895075635416
-25.71623607759209,3.0438722614971105,0.18365302533456604
-25.71623607759209,3.0438722614971105,0.18365302533456604
-25.803977401540504,3.0930853642837803,0.18787641583468928
-25.803977401540504,3.0930853642837803,0.18787641583468928
-25.804128966354174,3.092734506226116,0.18686738665974725
-25.804128966354174,3.092734506226116,0.18686738665974725
-26.33863545254138,3.3624513422385665,0.1326582971123285
-26.33863545254138,3.3624513422385665,0.1326582971123285
-26.33863545254138,3.3624513422385665,0.1326582971123285
-26.338419058623472,3.3628895898100097,0.1329703652590537
-26.338419058623472,3.3628895898100097,0.1329703652590537
-26.35207753945546,3.3407446831599716,0.1565977008399256
-26.35207753945546,3.3407446831599716,0.1565977008399256
-26.356700780561674,3.331130064569732,0.1508661585477481
-26.356700780561674,3.331130064569732,0.1508661585477481
-26.35625476985126,3.33034009122503,0.1389679242167919
-26.09715691188412,3.177540469926305,0.14951569262479875
-26.09715691188412,3.177540469926305,0.14951569262479875
-26.09715691188412,3.177540469926305,0.14951569262479875
-26.097245116452623,3.177363620551089,0.14954630816607822
-26.097245116452623,3.177363620551089,0.14954630816607822
-26.10395272334583,3.1612364968421782,0.14060806128895287
-26.10395272334583,3.1612364968421782,0.14060806128895287
-26.02242721549178,3.0982370413429936,0.146186204125563
-26.02242721549178,3.0982370413429936,0.146186204125563
-26.02242721549178,3.0982370413429936,0.146186204125563
-26.02242721549178,3.0982370413429936,0.146186204125563
-26.027867787049953,3.0850600821267746,0.1472890704684579
-26.027867787049953,3.0850600821267746,0.1472890704684579
-26.027887193727047,3.085038956223128,0.14739608307989116
-26.027887193727047,3.085038956223128,0.14739608307989116
-26.034983993995297,3.0689377180452606,0.15807450427853287
-26.034983993995297,3.0689377180452606,0.15807450427853287
-25.9507981844296,3.0063351451470726,0.1652528388571395
-25.9507981844296,3.0063351451470726,0.1652528388571395
-25.9507981844296,3.0063351451470726,0.1652528388571395
-25.9507981844296,3.0063351451470726,0.1652528388571395
-25.952596331325005,3.00213668895464,0.17175221581373978
-25.952596331325005,3.00213668895464,0.17175221581373978
-25.95479561844521,2.9942715855019797,0.17050517128810055
-25.95479561844521,2.9942715855019797,0.17050517128810055
-26.358431027957185,3.3243461064653475,0.12849484337858222
-26.358431027957185,3.3243461064653475,0.12849484337858222
-25.8066562182418,3.0882291506573347,0.18369118922804722
-25.8066562182418,3.0882291506573347,0.18369118922804722
-25.709951633319424,3.055259150411136,0.2014131766227694
-25.709951633319424,3.055259150411136,0.2014131766227694
-25.59274786596883,3.040900712333814,0.20033921062931176
-25.59274786596883,3.040900712333814,0.20033921062931176
-25.585407110298316,3.0482462618069643,0.20267636311725426
-25.585407110298316,3.0482462618069643,0.20267636311725426
-25.5803648653061,3.053241910310391,0.2140090140969634
-25.5803648653061,3.053241910310391,0.2140090140969634
-25.574209360957397,3.058580309593962,0.20894251114203094
-25.574209360957397,3.058580309593962,0.20894251114203094
-25.575852085835226,3.057192143269252,0.21013194704309301
-25.575852085835226,3.057192143269252,0.21013194704309301
-25.58203707208019,3.051083832620181,0.19798411446811828
-25.58203707208019,3.051083832620181,0.19798411446811828
-25.59342271654938,3.04056838981628,0.20708891829555634
-25.59342271654938,3.04056838981628,0.20708891829555634
-25.59342271654938,3.04056838981628,0.20708891829555634
-25.602279110774738,3.0304071164273694,0.19606586798167477
-25.602279110774738,3.0304071164273694,0.19606586798167477
-25.703893851179746,3.063458795429349,0.19481603635505443
-25.703893851179746,3.063458795429349,0.19481603635505443
-25.708519360678906,3.055889856380449,0.18577770500571605
-25.708519360678906,3.055889856380449,0.18577770500571605
-25.717858494357806,3.0421545756534285,0.19024617789509823
-25.717858494357806,3.0421545756534285,0.19024617789509823
-26.350087920719957,3.338956394972371,0.11951375514927778
-26.350087920719957,3.338956394972371,0.11951375514927778
-26.091878705951665,3.185433579566403,0.1355796346090674
-26.091878705951665,3.185433579566403,0.1355796346090674
-26.091878705951665,3.185433579566403,0.1355796346090674
-25.80964238552596,3.0849130019075264,0.20472837296587099
-25.802836132998156,3.0960712019694054,0.20405569303258306
-25.802836132998156,3.0960712019694054,0.20405569303258306
-25.802836132998156,3.0960712019694054,0.20405569303258306
-25.713769712221897,3.049930797158755,0.21651407871368464
-25.713769712221897,3.049930797158755,0.21651407871368464
-25.715652230425032,3.0469025591958494,0.22242678894119336
-25.715652230425032,3.0469025591958494,0.22242678894119336
-26.32639185636403,3.3898304241854933,0.22933292621102735
-26.32639185636403,3.3898304241854933,0.22933292621102735
-26.328513576232147,3.3863700286294174,0.22159818432443845
-26.328513576232147,3.3863700286294174,0.22159818432443845
-26.1014837290553,3.1746549759457925,0.21051296414973508
-26.103289994844683,3.1708602006744986,0.21615803652153895
-26.103289994844683,3.1708602006744986,0.21615803652153895
-26.103289994844683,3.1708602006744986,0.21615803652153895
-26.033081242571328,3.080496444590515,0.20687566982561473
-26.033081242571328,3.080496444590515,0.20687566982561473
-26.033162083610637,3.0802840838170007,0.20685368007307164
-26.033162083610637,3.0802840838170007,0.20685368007307164
-26.038047623844303,3.0672211166256327,0.21511974085647995
-26.038047623844303,3.0672211166256327,0.21511974085647995
-26.04306933805707,3.052425268546857,0.2265716806317144
-26.04306933805707,3.052425268546857,0.2265716806317144
-26.04611675070015,3.043392664229533,0.21779043415353455
-25.9537247790537,3.0037256991186587,0.21226491293824595
-25.9537247790537,3.0037256991186587,0.21226491293824595
-25.953565392055175,3.004252955860395,0.2122010344506335
-25.953565392055175,3.004252955860395,0.2122010344506335
-25.95380591257589,3.0034329786495384,0.21098420797444842
-25.95380591257589,3.0034329786495384,0.21098420797444842
-25.953837898166675,3.003322312429985,0.2107936219713272
-25.953837898166675,3.003322312429985,0.2107936219713272
-25.953559672682285,3.0041396482307188,0.2075128989706744
-25.953559672682285,3.0041396482307188,0.2075128989706744
-25.953559672682285,3.0041396482307188,0.2075128989706744
-25.953559672682285,3.0041396482307188,0.2075128989706744
-25.951212628238135,3.0117415752024645,0.2078689214762353
-25.951212628238135,3.0117415752024645,0.2078689214762353
-26.03834340154209,3.0619270983390305,0.1690673391574698
-26.03834340154209,3.0619270983390305,0.1690673391574698
-26.036269946359006,3.0680972896737133,0.17088886635142753
-26.036269946359006,3.0680972896737133,0.17088886635142753
-26.036269946359006,3.0680972896737133,0.17088886635142753
-26.03156953895771,3.084422860907421,0.20705769640703794
-26.03156953895771,3.084422860907421,0.20705769640703794
-26.04505313166219,3.0462073189599135,0.22962544917410646
-26.04505313166219,3.0462073189599135,0.22962544917410646
-25.959063904840708,2.967183751022695,0.28656171715300094
-25.959063904840708,2.967183751022695,0.28656171715300094
-26.054992070070842,2.975799332859213,0.32558328074535864
-26.054992070070842,2.975799332859213,0.32558328074535864
-26.054992070070842,2.975799332859213,0.32558328074535864
-26.048450264088192,2.99687230309914,0.3352540130831081
-26.048450264088192,2.99687230309914,0.3352540130831081
-26.046536860221693,3.0164501625418656,0.31567923681612664
-26.046536860221693,3.0164501625418656,0.31567923681612664
-26.045661839289696,3.0185021299093773,0.3176433961998619
-26.045661839289696,3.0185021299093773,0.3176433961998619
-26.03758746563313,3.055757419932177,0.29155508858273094
-26.030872218800205,3.0695418122898697,0.30585505791593537
-26.029952681151173,3.0722317457747357,0.30533294496518565
-26.029952681151173,3.0722317457747357,0.30533294496518565
-26.029952681151173,3.0722317457747357,0.30533294496518565
-26.111397890800475,3.141537673222433,0.30011450326280886
-26.111397890800475,3.141537673222433,0.30011450326280886
-26.111397890800475,3.141537673222433,0.30011450326280886
-26.372417464100103,3.2866139732178272,0.3399965509408285
-26.372417464100103,3.2866139732178272,0.3399965509408285
-26.351453086271608,3.3260768023816665,0.35383939814552795
-26.351453086271608,3.3260768023816665,0.35383939814552795
-26.34213256253722,3.34940664429775,0.3318887354486333
-26.34213256253722,3.34940664429775,0.3318887354486333
-26.341901985800618,3.3498787305720454,0.3316921121365558
-26.341901985800618,3.3498787305720454,0.3316921121365558
-26.341901985800618,3.3498787305720454,0.3316921121365558
-26.359963267087167,3.301807356028343,0.37656571225636026
-26.451334030884663,3.3078100569427624,0.46559590920815025
-26.451334030884663,3.3078100569427624,0.46559590920815025
-26.451334030884663,3.3078100569427624,0.46559590920815025
-26.450882187352747,3.3113223856757132,0.46077456851295273
-26.450882187352747,3.3113223856757132,0.46077456851295273
-26.44819022698014,3.321140770232709,0.4529836772650625
-26.44819022698014,3.321140770232709,0.4529836772650625
-26.423150919691523,3.364479878293454,0.4702247554813487
-26.42280384367417,3.3652401808764445,0.4700528566700099
-26.42280384367417,3.3652401808764445,0.4700528566700099
-26.42280384367417,3.3652401808764445,0.4700528566700099
-26.41794590268865,3.3887379937842756,0.4375046047563341
-26.41794590268865,3.3887379937842756,0.4375046047563341
-26.41839250790721,3.387130562564878,0.4394347047325089
-26.41839250790721,3.387130562564878,0.4394347047325089
-26.41780592023649,3.3890435961140537,0.43739141400318826
-26.41780592023649,3.3890435961140537,0.43739141400318826
-26.417786956220187,3.389073122730964,0.43740582021300234
-26.417786956220187,3.389073122730964,0.43740582021300234
-26.414564032773068,3.3995763915233015,0.42550754041529604
-26.414564032773068,3.3995763915233015,0.42550754041529604
-26.41473718131269,3.3990599041728373,0.4260497822409508
-26.41473718131269,3.3990599041728373,0.4260497822409508
-26.41408845676959,3.4023122468018734,0.42037777379801666
-26.41408845676959,3.4023122468018734,0.42037777379801666
-26.41263818910057,3.405595091369609,0.4185101250427494
-26.41263818910057,3.405595091369609,0.4185101250427494
-26.408265003210015,3.406945129303389,0.43607207621442323
-26.408265003210015,3.406945129303389,0.43607207621442323
-26.4082217773763,3.40729373125181,0.43536392413729585
-26.4082217773763,3.40729373125181,0.43536392413729585
-26.40729760571011,3.410100197960632,0.4322977822847852
-26.40729760571011,3.410100197960632,0.4322977822847852
-26.40671325025972,3.411430796314765,0.43150887207904276
-26.40671325025972,3.411430796314765,0.43150887207904276
-26.395211466071896,3.4382863989917167,0.41114813250749827
-26.395211466071896,3.4382863989917167,0.41114813250749827
-26.447115967645086,3.5162157748983747,0.49694304318192295
-26.447115967645086,3.5162157748983747,0.49694304318192295
-28.82185636560849,5.1216171634829095,1.3936644010923245
-28.82185636560849,5.1216171634829095,1.3936644010923245
-28.67142247085848,5.16932978139533,1.368912294113819
-28.67142247085848,5.16932978139533,1.368912294113819
-28.6725172938534,5.169389769532636,1.365662712984364
-28.6725172938534,5.169389769532636,1.365662712984364
-28.66101932538012,5.188255748212697,1.3600006017191408
-28.66101932538012,5.188255748212697,1.3600006017191408
-28.73839975014847,5.247028634883359,1.3839971642711766
-28.73839975014847,5.247028634883359,1.3839971642711766
-28.740654033692046,5.2485166912164924,1.374403037075693
-28.740654033692046,5.2485166912164924,1.374403037075693
-28.740654033692046,5.2485166912164924,1.374403037075693
-28.734130160346215,5.261683377813565,1.3657355165813072
-28.734130160346215,5.261683377813565,1.3657355165813072
-28.920498860049744,5.36844654099223,1.3412719218278362
-28.920118049611766,5.370325643004983,1.338230087715587
-28.920118049611766,5.370325643004983,1.338230087715587
-28.925331459313625,5.364011810810698,1.3360396280139983
-28.925331459313625,5.364011810810698,1.3360396280139983
-28.93128297773326,5.353330332817084,1.3412719218278362
-28.93128297773326,5.353330332817084,1.3412719218278362
-28.93128297773326,5.353330332817084,1.3412719218278362
-26.49776375479477,3.6001907815268614,0.5563699012309881
-26.49776375479477,3.6001907815268614,0.5563699012309881
-28.430412730894833,5.197679840347388,1.5922469325533206
-28.430412730894833,5.197679840347388,1.5922469325533206
-28.43572629948257,5.2934718059796655,1.7088665712818185
-28.394502978399768,5.283595803014457,1.8057342730123767
-28.394502978399768,5.283595803014457,1.8057342730123767
-28.394502978399768,5.283595803014457,1.8057342730123767
-28.37761475908688,5.071549925850157,1.8875023672852411
-28.37761475908688,5.071549925850157,1.8875023672852411
-28.37454988266478,5.080441907751789,1.8810450815475244
-28.37454988266478,5.080441907751789,1.8810450815475244
-28.304761217819625,5.013466794795482,1.8507881961298778
-28.304761217819625,5.013466794795482,1.8507881961298778
-28.358120717577215,4.928298962543833,1.8658471940047587
-28.358120717577215,4.928298962543833,1.8658471940047587
-28.351708153577157,4.936528464895581,1.8669281203535772
-28.344071389015937,4.947762798213459,1.8662922989336164
-28.344071389015937,4.947762798213459,1.8662922989336164
-28.344071389015937,4.947762798213459,1.8662922989336164
-28.344071389015937,4.947762798213459,1.8662922989336164
-28.344071389015937,4.947762798213459,1.8662922989336164
-28.36877476066127,4.911441776057739,1.8679199012662224
-28.36877476066127,4.911441776057739,1.8679199012662224
-28.35324066575313,4.932434193152571,1.8693819187933547
-28.35324066575313,4.932434193152571,1.8693819187933547
-28.360203947639032,4.922536346543309,1.8693946308202367
-28.360203947639032,4.922536346543309,1.8693946308202367
-28.364959052811326,4.915259468558863,1.8700047843980083
-28.364959052811326,4.915259468558863,1.8700047843980083
-28.364959052811326,4.915259468558863,1.8700047843980083
-28.364959052811326,4.915259468558863,1.8700047843980083
-29.21000121519059,4.5728342342611565,2.0721768544717
-29.21000121519059,4.5728342342611565,2.0721768544717
-29.21000121519059,4.5728342342611565,2.0721768544717
-30.868461416420956,4.681449095580763,2.691228566292433
-30.868461416420956,4.681449095580763,2.691228566292433
-30.85536768016335,4.713767801896423,2.6958482415551788
-30.85536768016335,4.713767801896423,2.6958482415551788
-32.223712719862476,5.013635966492255,3.2524643664617128
-32.223712719862476,5.013635966492255,3.2524643664617128
-32.2209658293588,5.019655502174288,3.2543199990112726
-32.2209658293588,5.019655502174288,3.2543199990112726
-30.8497191045504,4.7381294029941845,2.689691694803211
-30.8497191045504,4.7381294029941845,2.689691694803211
-30.84858802471064,4.739469622954229,2.6911577931435953
-30.84858802471064,4.739469622954229,2.6911577931435953
-30.848045908399037,4.7411008812397215,2.6910971301503923
-30.848045908399037,4.7411008812397215,2.6910971301503923
-30.725590749666175,4.790655295922819,2.667273254806215
-30.725590749666175,4.790655295922819,2.667273254806215
-30.727689786679004,4.786004810120556,2.6664085821089514
-30.727689786679004,4.786004810120556,2.6664085821089514
-30.725304493913963,4.791174873198549,2.667481960434414
-30.725304493913963,4.791174873198549,2.667481960434414
-29.671619492395372,4.4539802729528235,2.199754606940685
-29.671619492395372,4.4539802729528235,2.199754606940685
-29.671619492395372,4.4539802729528235,2.199754606940685
-29.671619492395372,4.4539802729528235,2.199754606940685
-30.7074641631189,4.833413665160393,2.6721719980703926
-30.7074641631189,4.833413665160393,2.6721719980703926
-29.558248318470426,4.48297265481667,2.168128329416768
-29.558248318470426,4.48297265481667,2.168128329416768
-29.557932510824884,4.483632140767547,2.168245976396475
-29.557932510824884,4.483632140767547,2.168245976396475
-29.55703094251558,4.485502119831373,2.168591066479329
-29.55703094251558,4.485502119831373,2.168591066479329
-29.75990880962951,4.479675388298483,2.2396997462808317
-29.75990880962951,4.479675388298483,2.2396997462808317
-29.75990880962951,4.479675388298483,2.2396997462808317
-29.759703453601944,4.480130558684879,2.239773271358718
-29.759703453601944,4.480130558684879,2.239773271358718
-29.53788035711807,4.525911161703554,2.174792877534474
-29.53788035711807,4.525911161703554,2.174792877534474
-29.53788035711807,4.525911161703554,2.174792877534474
-29.571543039986885,4.462553490496142,2.1567730355098447
-29.562410563167766,4.480466099861951,2.1613260614956955
-29.562410563167766,4.480466099861951,2.1613260614956955
-29.560754421340675,4.491453550809873,2.155532383335665
-29.560754421340675,4.491453550809873,2.155532383335665
-29.556373599889454,4.503106614169642,2.1549591207699144
-29.556373599889454,4.503106614169642,2.1549591207699144
-29.456187844239476,4.496552401774129,2.123475797491288
-29.456187844239476,4.496552401774129,2.123475797491288
-29.45388348349925,4.500318243770831,2.1251052553857677
-29.45388348349925,4.500318243770831,2.1251052553857677
-29.454800288899364,4.497762083441817,2.125381929811859
-29.454800288899364,4.497762083441817,2.125381929811859
-29.454800288899364,4.497762083441817,2.125381929811859
-29.45625321416474,4.504996974631217,2.1159323128445418
-29.45814337967098,4.50606442219849,2.110931010220014
-29.45814337967098,4.50606442219849,2.110931010220014
-29.458684109214634,4.509582672017905,2.1066510361133415
-29.458684109214634,4.509582672017905,2.1066510361133415
-29.460018753285738,4.514414483864508,2.0994649921569097
-29.460018753285738,4.514414483864508,2.0994649921569097
-29.576865543695572,4.51521430027831,2.099464882371375
-29.576865543695572,4.51521430027831,2.099464882371375
-29.486785413914387,4.530452508443672,2.025470921628807
-29.486785413914387,4.530452508443672,2.025470921628807
-29.486785413914387,4.530452508443672,2.025470921628807
-29.487158818666046,4.525746918390521,2.0290315517843998
-29.487554602358895,4.5271187047790455,2.026851870520938
-29.487554602358895,4.5271187047790455,2.026851870520938
-29.487554602358895,4.5271187047790455,2.026851870520938
-29.486529649596402,4.530111578431535,2.0263708856936655
-29.486529649596402,4.530111578431535,2.0263708856936655
-29.47454548366875,4.566462630268709,2.0190215971493015
-29.47454548366875,4.566462630268709,2.0190215971493015
-29.490475596096715,4.527174334331316,2.020162729081567
-29.490475596096715,4.527174334331316,2.020162729081567
-29.496296565106242,4.52243290931669,2.0113255647151282
-29.496296565106242,4.52243290931669,2.0113255647151282
-29.501669481991385,4.524935098318565,1.996586410975303
-29.501669481991385,4.524935098318565,1.996586410975303
-29.743563570788936,4.478298662287347,2.0141661182848862
-29.743563570788936,4.478298662287347,2.0141661182848862
-29.733825979467895,4.4950863997044745,2.0222890398147046
-29.733825979467895,4.4950863997044745,2.0222890398147046
-29.73676841823179,4.490452043212073,2.0194572197180696
-29.73676841823179,4.490452043212073,2.0194572197180696
-29.736199192057363,4.492299257146335,2.019131680475303
-29.736199192057363,4.492299257146335,2.019131680475303
-29.736815883603633,4.49298746854477,2.0170073210845034
-29.736815883603633,4.49298746854477,2.0170073210845034
-29.608817287662443,4.53708592635532,2.00603977157022
-29.608817287662443,4.53708592635532,2.00603977157022
-29.616953495860052,4.522823609229857,2.0003309267535374
-29.616953495860052,4.522823609229857,2.0003309267535374
-29.625717897366194,4.53247059563404,1.9700842707111614
-29.625717897366194,4.53247059563404,1.9700842707111614
-29.625717897366194,4.53247059563404,1.9700842707111614
-29.633548493817774,4.527539254969078,1.9558393686834508
-29.633477689920174,4.527700355835509,1.9558553567327674
-29.633477689920174,4.527700355835509,1.9558553567327674
-29.63935474206349,4.595862590372764,1.8716787832636619
-29.63935474206349,4.595862590372764,1.8716787832636619
-29.63497181163555,4.578826888157232,1.9007483628017463
-29.63497181163555,4.578826888157232,1.9007483628017463
-29.63497181163555,4.578826888157232,1.9007483628017463
-29.634367647321696,4.5780579448958285,1.9030687955050325
-29.634367647321696,4.5780579448958285,1.9030687955050325
-29.635725361415975,4.569705838986763,1.9082621161207414
-29.635725361415975,4.569705838986763,1.9082621161207414
-29.63261461399312,4.567144287570114,1.918674345854008
-29.63261461399312,4.567144287570114,1.918674345854008
-29.63261461399312,4.567144287570114,1.918674345854008
-29.498831050919897,4.613267933896876,1.915106120617212
-28.701169706653403,4.856111796202572,1.7966052883130492
-28.701169706653403,4.856111796202572,1.7966052883130492
-28.70005109086658,4.857346341787614,1.797372594887539
-28.70005109086658,4.857346341787614,1.797372594887539
-28.711186214145446,4.839393818634664,1.796856537065174
-28.711186214145446,4.839393818634664,1.796856537065174
-28.711186214145446,4.839393818634664,1.796856537065174
-28.694060976254573,4.8565740399488035,1.8108616633338643
-28.694060976254573,4.8565740399488035,1.8108616633338643
-28.42044366542653,5.247072310393895,1.8122379896949874
-28.405932057906895,5.308391295171527,1.7444290269907126
-28.405932057906895,5.308391295171527,1.7444290269907126
-28.441219633451787,5.399226440866101,1.8011549940126022
-28.441219633451787,5.399226440866101,1.8011549940126022
-28.390975101347387,5.3166885709431675,1.7604048324498154
-28.390975101347387,5.3166885709431675,1.7604048324498154
-28.381041237696216,5.331318357148145,1.7561234929483278
-28.381041237696216,5.331318357148145,1.7561234929483278
-28.381333168302735,5.331144414304474,1.7558370952058608
-28.381333168302735,5.331144414304474,1.7558370952058608
-28.39408871191793,5.310688883271347,1.7639689259702724
-28.39408871191793,5.310688883271347,1.7639689259702724
-28.39408871191793,5.310688883271347,1.7639689259702724
-28.400509140041088,5.29919988093436,1.7697995313632584
-28.400509140041088,5.29919988093436,1.7697995313632584
-28.42349837831479,5.276616497513411,1.7606229402002642
-28.42349837831479,5.276616497513411,1.7606229402002642
-28.36458923709189,5.200806298185629,1.7247279771161277
-28.36458923709189,5.200806298185629,1.7247279771161277
-28.37750162102242,5.198134266699935,1.703181952854157
-28.37750162102242,5.198134266699935,1.703181952854157
-28.37750162102242,5.198134266699935,1.703181952854157
-28.37750162102242,5.198134266699935,1.703181952854157
-28.393533040634946,5.149261499035131,1.7470887520976963
-28.393533040634946,5.149261499035131,1.7470887520976963
-28.395285626884494,5.15124643066277,1.7406218219481924
-28.395285626884494,5.15124643066277,1.7406218219481924
-28.39445072121177,5.153940255959974,1.7381706720724315
-28.39445072121177,5.153940255959974,1.7381706720724315
-28.40938068979843,5.136666886965673,1.7347885098987257
-28.40938068979843,5.136666886965673,1.7347885098987257
-28.40938068979843,5.136666886965673,1.7347885098987257
-28.40938068979843,5.136666886965673,1.7347885098987257
-28.407813836477054,5.142008790265432,1.729789486298964
-28.407813836477054,5.142008790265432,1.729789486298964
-28.405667943694773,5.145340070867588,1.7289915280835004
-28.405667943694773,5.145340070867588,1.7289915280835004
-28.422729337070727,5.317735913939278,1.6951420541479163
-28.422729337070727,5.317735913939278,1.6951420541479163
-28.392762689669013,5.160344003530756,1.7317176108856376
-28.392762689669013,5.160344003530756,1.7317176108856376
-28.393733465186767,5.1630536322279,1.7256127696182992
-28.393733465186767,5.1630536322279,1.7256127696182992
-28.393733465186767,5.1630536322279,1.7256127696182992
-28.393733465186767,5.1630536322279,1.7256127696182992
-28.40672462875563,5.141512008742125,1.7327214115864882
-28.40672462875563,5.141512008742125,1.7327214115864882
-28.40672462875563,5.141512008742125,1.7327214115864882
-28.40672462875563,5.141512008742125,1.7327214115864882
-28.427286491171245,5.109966748760111,1.7392535073058817
-28.427286491171245,5.109966748760111,1.7392535073058817
-28.492317851287673,5.085839532029693,1.6405299071804273
-28.492317851287673,5.085839532029693,1.6405299071804273
-28.492317851287673,5.085839532029693,1.6405299071804273
-28.490779338714276,5.087160406885216,1.6417978744545108
-28.490779338714276,5.087160406885216,1.6417978744545108
-28.478557229396685,5.077100231658045,1.683653070561945
-28.478557229396685,5.077100231658045,1.683653070561945
-28.478557229396685,5.077100231658045,1.683653070561945
-28.478557229396685,5.077100231658045,1.683653070561945
-28.46382004056217,5.093747780511701,1.6891098170816303
-28.46382004056217,5.093747780511701,1.6891098170816303
-28.474692780815246,5.070642295212259,1.7015549101425294
-28.474692780815246,5.070642295212259,1.7015549101425294
-28.47397496684401,5.063521052577973,1.7137111748656964
-28.47397496684401,5.063521052577973,1.7137111748656964
-28.384969755443016,5.202617754722576,1.6808133120893967
-28.384969755443016,5.202617754722576,1.6808133120893967
-28.384969755443016,5.202617754722576,1.6808133120893967
-28.4221878279947,5.451186468741141,1.7520341276200178
-28.447227234338996,5.4190981631439294,1.7566239633766478
-28.447227234338996,5.4190981631439294,1.7566239633766478
-28.447227234338996,5.4190981631439294,1.7566239633766478
-28.448825636542487,5.421749275490276,1.7489707836188315
-28.448825636542487,5.421749275490276,1.7489707836188315
-28.386477909585896,5.357618959516355,1.7016706621009703
-28.386477909585896,5.357618959516355,1.7016706621009703
-28.386477909585896,5.357618959516355,1.7016706621009703
-28.414953902832462,5.311311295221957,1.7216491742933815
-28.415400049578707,5.310615540953792,1.7218954951097631
-28.415400049578707,5.310615540953792,1.7218954951097631
-28.415400049578707,5.310615540953792,1.7218954951097631
-28.426107308693673,5.3097745515672035,1.7015335486227647
-28.426107308693673,5.3097745515672035,1.7015335486227647
-28.426107308693673,5.3097745515672035,1.7015335486227647
-28.426107308693673,5.3097745515672035,1.7015335486227647
-28.45303005562277,5.172071579664518,1.585714013784381
-28.45303005562277,5.172071579664518,1.585714013784381
-28.44309339356672,5.165736450186697,1.6183726386047363
-28.44309339356672,5.165736450186697,1.6183726386047363
-28.441719667128265,5.166143168778127,1.6206919738874646
-28.441719667128265,5.166143168778127,1.6206919738874646
-28.436340247305054,5.197768771620552,1.5788870066740703
-28.436340247305054,5.197768771620552,1.5788870066740703
-28.435444855166086,5.197169324398735,1.5819300041820823
-28.435444855166086,5.197169324398735,1.5819300041820823
-28.491862281897426,5.112467085306671,1.5985401553288359
-28.491862281897426,5.112467085306671,1.5985401553288359
-28.44318657955078,5.185310951743799,1.585073320185102
-28.44318657955078,5.185310951743799,1.585073320185102
-28.476537577713216,5.105499130434103,1.6436626446289502
-28.476537577713216,5.105499130434103,1.6436626446289502
-28.545882539578383,4.947483373935572,1.731777443019955
-28.545882539578383,4.947483373935572,1.731777443019955
-28.57275400834787,4.8945154577220364,1.7483431162651513
-28.57275400834787,4.8945154577220364,1.7483431162651513
-28.66322254487752,4.914084320943241,1.800543022810371
-28.66322254487752,4.914084320943241,1.800543022810371
-28.56558792153342,4.896868525310671,1.7600358217278227
-28.56558792153342,4.896868525310671,1.7600358217278227
-28.56558792153342,4.896868525310671,1.7600358217278227
-28.56197621623152,4.900125537259347,1.763117396974189
-28.54986289850778,4.913224319083989,1.7703898398830888
-28.54986289850778,4.913224319083989,1.7703898398830888
-28.550389794210574,4.912580225098223,1.7701779732431897
-28.550389794210574,4.912580225098223,1.7701779732431897
-28.550389794210574,4.912580225098223,1.7701779732431897
-28.64457286272637,4.928210944565166,1.8203088444500615
-28.64457286272637,4.928210944565166,1.8203088444500615
-28.693717113609175,4.880245659644901,1.7810762381861374
-28.693717113609175,4.880245659644901,1.7810762381861374
-28.688710360564244,4.881312055012309,1.790240387441331
-28.688710360564244,4.881312055012309,1.790240387441331
-28.641927801486894,4.929674616559739,1.8237695297223941
-28.641927801486894,4.929674616559739,1.8237695297223941
-28.641927801486894,4.929674616559739,1.8237695297223941
-28.644358670100633,4.927179888380413,1.8220901395954563
-28.644358670100633,4.927179888380413,1.8220901395954563
-28.557312435847436,4.9072410430414735,1.7631704044045418
-28.557312435847436,4.9072410430414735,1.7631704044045418
-28.559586705298873,4.908370663228592,1.7569731196213296
-28.559586705298873,4.908370663228592,1.7569731196213296
-28.559586705298873,4.908370663228592,1.7569731196213296
-28.559586705298873,4.908370663228592,1.7569731196213296
-28.56548300209988,4.896405538770536,1.7608709298306249
-28.56548300209988,4.896405538770536,1.7608709298306249
-28.685021350054758,4.867283108241139,1.8159727213322094
-28.685021350054758,4.867283108241139,1.8159727213322094
-28.685021350054758,4.867283108241139,1.8159727213322094
-28.85200898621098,4.826538836654964,1.7788087835559738
-28.828170346643134,4.872006092532156,1.77286484200257
-28.828170346643134,4.872006092532156,1.77286484200257
-28.828170346643134,4.872006092532156,1.77286484200257
-28.844313387106283,4.8524002361715635,1.7625772337017276
-28.844313387106283,4.8524002361715635,1.7625772337017276
-28.846712601194188,4.850289082935222,1.75995821367068
-28.846712601194188,4.850289082935222,1.75995821367068
-28.845722466173502,4.851495365478465,1.760602525689173
-28.845722466173502,4.851495365478465,1.760602525689173
-28.68632320894139,4.9122710394313085,1.7542412990916132
-28.68632320894139,4.9122710394313085,1.7542412990916132
-28.705933972121425,4.888466507252925,1.7439579589390646
-28.705933972121425,4.888466507252925,1.7439579589390646
-28.707683968311493,4.885085863285575,1.7446952730331804
-28.707683968311493,4.885085863285575,1.7446952730331804
-28.707683968311493,4.885085863285575,1.7446952730331804
-28.718226562198495,4.8675271363053625,1.745200438345254
-28.718762383539993,4.866422707684849,1.7455007948071446
-28.718762383539993,4.866422707684849,1.7455007948071446
-28.718762383539993,4.866422707684849,1.7455007948071446
-28.733951628361567,4.8598462242503935,1.7208212190654602
-28.733951628361567,4.8598462242503935,1.7208212190654602
-28.733423965406963,4.857712379852549,1.7248645608758568
-28.733423965406963,4.857712379852549,1.7248645608758568
-28.866702023978405,4.756140573438934,1.8334132944839412
-28.866702023978405,4.756140573438934,1.8334132944839412
-28.734050932446994,4.815887670292241,1.7780967008374753
-28.734050932446994,4.815887670292241,1.7780967008374753
-28.734516362906575,4.820949654243602,1.7706438642614015
-28.734516362906575,4.820949654243602,1.7706438642614015
-28.849077010391404,4.797746952509124,1.82121733272273
-28.849077010391404,4.797746952509124,1.82121733272273
-28.702996062878345,4.891906499753209,1.7457124041665648
-28.702996062878345,4.891906499753209,1.7457124041665648
-28.702996062878345,4.891906499753209,1.7457124041665648
-28.702996062878345,4.891906499753209,1.7457124041665648
-28.712253748211154,4.864123028554694,1.7626470226046451
-28.712253748211154,4.864123028554694,1.7626470226046451
-28.710435627575343,4.862638841896374,1.7684988438494358
-28.710435627575343,4.862638841896374,1.7684988438494358
-28.710435627575343,4.862638841896374,1.7684988438494358
-28.712931712824265,4.86391394361813,1.7614612469715811
-28.712931712824265,4.86391394361813,1.7614612469715811
-28.71182722922098,4.868175290270987,1.7582303073303582
-28.71182722922098,4.868175290270987,1.7582303073303582
-28.70599082053612,4.874167265152396,1.762892337674557
-28.70599082053612,4.874167265152396,1.762892337674557
-28.71132007725906,4.868048983441206,1.7594914538866402
-28.71132007725906,4.868048983441206,1.7594914538866402
-28.57766901845592,4.920605962376576,1.7020683912793593
-28.57766901845592,4.920605962376576,1.7020683912793593
-28.58225559131178,4.915101594023677,1.699920927921421
-28.58225559131178,4.915101594023677,1.699920927921421
-28.58225559131178,4.915101594023677,1.699920927921421
-28.581052910680473,4.918338446339321,1.697966462022237
-28.581485228883285,4.918556610959153,1.6967255417541145
-28.593598108164638,4.970082266054453,1.5934128704437334
-28.593598108164638,4.970082266054453,1.5934128704437334
-28.593364307640282,4.964402263042529,1.6027291064299523
-28.593364307640282,4.964402263042529,1.6027291064299523
-28.59459915853781,4.9434842431152255,1.6315692201724945
-28.59459915853781,4.9434842431152255,1.6315692201724945
-28.59459915853781,4.9434842431152255,1.6315692201724945
-28.595180930387098,4.940862182301273,1.6341541797451264
-28.595180930387098,4.940862182301273,1.6341541797451264
-28.5969282270978,4.941719497092335,1.628909737225874
-28.5969282270978,4.941719497092335,1.628909737225874
-28.62458625116629,4.93811276011027,1.5698542564241746
-28.62458625116629,4.93811276011027,1.5698542564241746
-28.62472073823806,4.935390675305741,1.5737572060494385
-28.62472073823806,4.935390675305741,1.5737572060494385
-28.625509215869126,4.937020955453444,1.5693409631444497
-28.625509215869126,4.937020955453444,1.5693409631444497
-26.43666841462589,3.5295401510051994,0.5035238977404839
-26.43666841462589,3.5295401510051994,0.5035238977404839
-26.43666841462589,3.5295401510051994,0.5035238977404839
-26.43666841462589,3.5295401510051994,0.5035238977404839
-25.71008329953679,3.0542920388338515,0.19185393664334915
-25.71008329953679,3.0542920388338515,0.19185393664334915
-25.69692716455604,3.052508060362703,0.11549785456601644
-25.69692716455604,3.052508060362703,0.11549785456601644
-25.69692716455604,3.052508060362703,0.11549785456601644
-25.69692716455604,3.052508060362703,0.11549785456601644
-25.68704122162236,3.0479633553329437,0.08047272467355795
-25.68704122162236,3.0479633553329437,0.08047272467355795
-25.686525034404074,3.0439944541568673,0.07312698768541234
-25.686525034404074,3.0439944541568673,0.07312698768541234
-25.686525034404074,3.0439944541568673,0.07312698768541234
-25.69352166422699,3.0356080330257527,0.07612769278024367
-25.69352166422699,3.0356080330257527,0.07612769278024367
-25.76912763202142,3.083790003793366,0.030619946789097546
-25.76912763202142,3.083790003793366,0.030619946789097546
-25.76912763202142,3.083790003793366,0.030619946789097546
-25.768360281432614,3.0784793141481503,0.021975302460670226
-25.768360281432614,3.0784793141481503,0.021975302460670226
-25.774839126773625,3.076125966318658,0.03243467642063219
-25.774839126773625,3.076125966318658,0.03243467642063219
-25.774243662403283,3.0762007159345512,0.031248087760044507
-25.774243662403283,3.0762007159345512,0.031248087760044507
-25.772778123474033,3.0771209459338573,0.029342791743778157
-25.772778123474033,3.0771209459338573,0.029342791743778157
-25.772491338546125,3.0773552974526837,0.029046205499166006
-25.772491338546125,3.0773552974526837,0.029046205499166006
-25.772784985731878,3.0780432843420162,0.030589927784668736
-25.772784985731878,3.0780432843420162,0.030589927784668736
-25.77265192427535,3.078157027346917,0.030458502268990967
-25.77265192427535,3.078157027346917,0.030458502268990967
-25.77259792432816,3.078034903047279,0.030179474737278777
-25.77259792432816,3.078034903047279,0.030179474737278777
-25.771620170503777,3.0792847428451626,0.029778083873540556
-25.771620170503777,3.0792847428451626,0.029778083873540556
-25.7715089403323,3.0794638139416124,0.02978294839134865
-25.7715089403323,3.0794638139416124,0.02978294839134865
-25.771734897675596,3.080319553082222,0.031422630841940524
-25.771734897675596,3.080319553082222,0.031422630841940524
-25.771438159130096,3.0805232671461367,0.031065454065428988
-25.771438159130096,3.0805232671461367,0.031065454065428988
-25.771207939753996,3.0796654487442394,0.029416544881105983
-25.771207939753996,3.0796654487442394,0.029416544881105983
-25.771759910541075,3.079934377667062,0.03095264118090263
-25.771759910541075,3.079934377667062,0.03095264118090263
-25.77165308399956,3.0800684197107797,0.030906382909351326
-25.77165308399956,3.0800684197107797,0.030906382909351326
-25.77146645574755,3.0806028948993682,0.03123428778114673
-25.77146645574755,3.0806028948993682,0.03123428778114673
-25.77154084355135,3.082272690620885,0.03369159075869835
-25.77154084355135,3.082272690620885,0.03369159075869835
-25.771658514757682,3.082485451350804,0.034243228291132854
-25.771658514757682,3.082485451350804,0.034243228291132854
-25.694383119864224,3.03404246540004,0.07577805419327524
-25.694383119864224,3.03404246540004,0.07577805419327524
-25.700724817540028,3.0389182059122186,0.09955973357648448
-25.700724817540028,3.0389182059122186,0.09955973357648448
-25.700035302545462,3.0391526011947048,0.0980710650243796
-25.69883903354877,3.0430439104860025,0.10186832680844514
-25.69883903354877,3.0430439104860025,0.10186832680844514
-25.70292498675591,3.0518153436232325,0.13530791364950495
-25.70292498675591,3.0518153436232325,0.13530791364950495
-25.70502221367918,3.0510151490063446,0.14193329970237323
-25.70502221367918,3.0510151490063446,0.14193329970237323
-25.70504409181277,3.0510921134630204,0.14226488853463937
-25.70504409181277,3.0510921134630204,0.14226488853463937
-25.712406556784288,3.042382866268619,0.15020348231219594
-25.712406556784288,3.042382866268619,0.15020348231219594
-25.712406556784288,3.042382866268619,0.15020348231219594
-25.715343338429804,3.042408211694593,0.16795196858486328
-25.715343338429804,3.042408211694593,0.16795196858486328
-25.715007262416748,3.0429495748676896,0.16799218236282584
-25.715007262416748,3.0429495748676896,0.16799218236282584
-25.714950423216248,3.0445032378394377,0.1752227834772014
-25.714950423216248,3.0445032378394377,0.1752227834772014
-25.713295502501484,3.047439269548765,0.17724698858045168
-25.713295502501484,3.047439269548765,0.17724698858045168
-25.713471878421586,3.047453429425323,0.1789383932389967
-25.713471878421586,3.047453429425323,0.1789383932389967
-25.713419073072252,3.047577486442133,0.17919775809399258
-25.713419073072252,3.047577486442133,0.17919775809399258
-25.71345990186783,3.0474987056507055,0.17910110293575496
-25.71345990186783,3.0474987056507055,0.17910110293575496
-25.713411812505324,3.0475495621565205,0.17895994845443716
-25.713411812505324,3.0475495621565205,0.17895994845443716
-25.714165819007505,3.045615975433127,0.17460731405951405
-25.714165819007505,3.045615975433127,0.17460731405951405
-25.71413843137516,3.0456974463731092,0.17481570160664786
-25.71413843137516,3.0456974463731092,0.17481570160664786
-25.715019993751532,3.0442370894923236,0.1743836570066128
-25.715019993751532,3.0442370894923236,0.1743836570066128
-25.715132288209844,3.0439850444900918,0.17398707915653164
-25.715132288209844,3.0439850444900918,0.17398707915653164
-25.71518929525718,3.0438739864097664,0.17387596125957655
-25.71518929525718,3.0438739864097664,0.17387596125957655
-25.715261839063412,3.0437119387162452,0.17362804095566908
-25.715261839063412,3.0437119387162452,0.17362804095566908
-25.715713003122655,3.043168155123218,0.1745128486603032
-25.715713003122655,3.043168155123218,0.1745128486603032
-25.715813955042233,3.043079096279011,0.17488863983771435
-25.715813955042233,3.043079096279011,0.17488863983771435
-25.71582498289739,3.0430630560241965,0.17489628106324595
-25.71582498289739,3.0430630560241965,0.17489628106324595
-25.71798397007544,3.0405583945138215,0.1802819676837326
-25.71798397007544,3.0405583945138215,0.1802819676837326
-25.717620481996445,3.0410293769006684,0.17958996302517394
-25.717620481996445,3.0410293769006684,0.17958996302517394
-25.717548661891744,3.0411149213118756,0.17941124128164365
-25.717548661891744,3.0411149213118756,0.17941124128164365
-25.717548661891744,3.0411149213118756,0.17941124128164365
-25.71721052441887,3.041865497734628,0.1806763526482435
-25.71721052441887,3.041865497734628,0.1806763526482435
-25.71683148690815,3.0426533689466884,0.18183117984358202
-25.71683148690815,3.0426533689466884,0.18183117984358202
-25.716515622135017,3.0431179922840172,0.18158975605111433
-25.716515622135017,3.0431179922840172,0.18158975605111433
-25.71647317406944,3.0431841680883744,0.18158210304575553
-25.71647317406944,3.0431841680883744,0.18158210304575553
-25.716530723633667,3.0431176377889075,0.18174142722062986
-25.716530723633667,3.0431176377889075,0.18174142722062986
-25.71636640205544,3.0433742855931936,0.18171568452885595
-25.71636640205544,3.0433742855931936,0.18171568452885595
-25.716311276984495,3.0435493080001863,0.18228553452240098
-25.716311276984495,3.0435493080001863,0.18228553452240098
-25.716311276984495,3.0435493080001863,0.18228553452240098
-25.716236810320364,3.0437129749288756,0.1825875332784141
-25.716236810320364,3.0437129749288756,0.1825875332784141
-25.71621735264074,3.043745953822462,0.18260214659093374
-25.71621735264074,3.043745953822462,0.18260214659093374
-25.716216103691533,3.0437435173924174,0.182572920009103
-25.716216103691533,3.0437435173924174,0.182572920009103
-25.71615060422751,3.0437737209589835,0.18209070649031406
-25.71618088035611,3.043892516714526,0.18319715362672445
-25.71618088035611,3.043892516714526,0.18319715362672445
-25.71618088035611,3.043892516714526,0.18319715362672445
-25.71618088035611,3.043892516714526,0.18319715362672445
-25.71618088035611,3.043892516714526,0.18319715362672445
-25.716028169887867,3.0441014209802737,0.18298002004014063
-25.716028169887867,3.0441014209802737,0.18298002004014063
-25.716154898795327,3.044004570409706,0.1836808661510033
-25.716154898795327,3.044004570409706,0.1836808661510033
-26.331334147801023,3.3803837274023993,0.17867658029486236
-26.331334147801023,3.3803837274023993,0.17867658029486236
-26.331334147801023,3.3803837274023993,0.17867658029486236
-26.332457720033766,3.3784179471057185,0.17844632155624623
-26.332457720033766,3.3784179471057185,0.17844632155624623
-26.333885766312,3.3757245388393855,0.17554711988741845
-26.333885766312,3.3757245388393855,0.17554711988741845
-26.333885766312,3.3757245388393855,0.17554711988741845
-26.333903798548054,3.3758210044600743,0.17736988324295405
-26.333903798548054,3.3758210044600743,0.17736988324295405
-26.3334956754913,3.3764606947913065,0.17629923683354035
-26.3334956754913,3.3764606947913065,0.17629923683354035
-26.333400283036575,3.376627169893398,0.176295399456201
-26.33354880999671,3.376267849150709,0.17490630001628463
-26.33354880999671,3.376267849150709,0.17490630001628463
-26.334200585272402,3.375122194837982,0.17485066060333343
-26.334200585272402,3.375122194837982,0.17485066060333343
-26.33472396631136,3.373153511763422,0.16248232413775887
-26.33472396631136,3.373153511763422,0.16248232413775887
-26.33472396631136,3.373153511763422,0.16248232413775887
-26.334845175765384,3.3729687258030165,0.16278148625378233
-26.334845175765384,3.3729687258030165,0.16278148625378233
-26.33426263196033,3.3739280219945407,0.16209687097330747
-26.335999077661278,3.37133215430672,0.16714277541084818
-26.335999077661278,3.37133215430672,0.16714277541084818
-26.336092911931782,3.371288237464309,0.1685506724364493
-26.336092911931782,3.371288237464309,0.1685506724364493
-26.336802436522714,3.3704286890639126,0.17346162738091864
-26.336802436522714,3.3704286890639126,0.17346162738091864
-26.33680879268664,3.370150408565467,0.17010827073951898
-26.33680879268664,3.370150408565467,0.17010827073951898
-26.33680879268664,3.370150408565467,0.17010827073951898
-26.33680879268664,3.370150408565467,0.17010827073951898
-26.33680879268664,3.370150408565467,0.17010827073951898
-26.33667441626312,3.3703278988220564,0.16937741584423693
-26.336698458392,3.3702753917021857,0.1692604041857454
-26.336698458392,3.3702753917021857,0.1692604041857454
-26.337124763083725,3.368655769638765,0.15999521174599296
-26.337124763083725,3.368655769638765,0.15999521174599296
-26.335363279799918,3.3745386722922346,0.2170270350580581
-26.335363279799918,3.3745386722922346,0.2170270350580581
-26.335363279799918,3.3745386722922346,0.2170270350580581
-26.335363279799918,3.3745386722922346,0.2170270350580581
-26.335363279799918,3.3745386722922346,0.2170270350580581
-26.33340113901393,3.373735567218051,0.2827696154376488
-26.33340113901393,3.373735567218051,0.2827696154376488
-26.42806920743062,3.356931062460307,0.4657024106930148
-26.42806920743062,3.356931062460307,0.4657024106930148
-26.42806920743062,3.356931062460307,0.4657024106930148
-26.506301605170997,3.3827513783630554,0.5537298665090118
-29.715706417273374,4.793959857630729,1.7445994293233915
-29.715706417273374,4.793959857630729,1.7445994293233915
-29.715706417273374,4.793959857630729,1.7445994293233915
-29.481275922388512,4.725115560625374,1.8347099233288542
-29.481275922388512,4.725115560625374,1.8347099233288542
-29.15533948175951,4.576402501008435,1.930381933976034
-29.15533948175951,4.576402501008435,1.930381933976034
-29.15533948175951,4.576402501008435,1.930381933976034
-29.581231868048683,4.511468354787597,2.0930687091905926
-29.581231868048683,4.511468354787597,2.0930687091905926
-29.578075608700008,4.5224254381675815,2.0902879667321925
-30.97629817537849,4.728541467592026,2.670539446273786
-30.97629817537849,4.728541467592026,2.670539446273786
-30.9718586898414,4.734712020108766,2.6758713239091128
-30.9718586898414,4.734712020108766,2.6758713239091128
-30.9718586898414,4.734712020108766,2.6758713239091128
-30.9718586898414,4.734712020108766,2.6758713239091128
-29.539816925896574,4.522070245108789,2.1740011979548033
-29.54161632023098,4.518156081483827,2.1735543816126017
-29.54161632023098,4.518156081483827,2.1735543816126017
-29.54161632023098,4.518156081483827,2.1735543816126017
-29.565579700500813,4.479040119737005,2.1557129937820774
-29.565579700500813,4.479040119737005,2.1557129937820774
-29.56534514397345,4.5059103200404484,2.1330810650856096
-29.56534514397345,4.5059103200404484,2.1330810650856096
-29.572615798732375,4.5005553915951015,2.121837496931121
-29.477210707480893,4.491545259371249,2.0823771785903826
-29.5723892081141,4.522431501208644,2.102961443762492
-29.5723892081141,4.522431501208644,2.102961443762492
-29.5723892081141,4.522431501208644,2.102961443762492
-29.487065370702638,4.489482340172701,2.0624550741040335
-29.487065370702638,4.489482340172701,2.0624550741040335
-29.490723690503465,4.51398965514238,2.0319009290473127
-29.490723690503465,4.51398965514238,2.0319009290473127
-29.490723690503465,4.51398965514238,2.0319009290473127
-29.490723690503465,4.51398965514238,2.0319009290473127
-29.491987909650618,4.516250835750848,2.0269372043225724
-29.491987909650618,4.516250835750848,2.0269372043225724
-29.485567997744816,4.597633175810347,1.9628372831765208
-29.485567997744816,4.597633175810347,1.9628372831765208
-29.485567997744816,4.597633175810347,1.9628372831765208
-29.488640927063265,4.598300989826063,1.954923052473962
-29.488640927063265,4.598300989826063,1.954923052473962
-29.48246489192409,4.623114347713976,1.9440809347348789
-29.48246489192409,4.623114347713976,1.9440809347348789
-29.48246489192409,4.623114347713976,1.9440809347348789
-29.48246489192409,4.623114347713976,1.9440809347348789
-29.446886851680652,4.651122284850851,1.9980332064082635
-29.446886851680652,4.651122284850851,1.9980332064082635
-29.446886851680652,4.651122284850851,1.9980332064082635
-29.449211519314655,4.645942054800951,1.9980098724887796
-29.449211519314655,4.645942054800951,1.9980098724887796
-29.44780211205685,4.652350207069174,1.9946881795611031
-29.44780211205685,4.652350207069174,1.9946881795611031
-29.442027083387114,4.666423354911631,1.993419918867791
-29.442027083387114,4.666423354911631,1.993419918867791
-29.443593982129514,4.66304984704641,1.9933187630422449
-29.443593982129514,4.66304984704641,1.9933187630422449
-29.444289384161706,4.664789227170463,1.989933405907249
-29.441626905638522,4.680339749427734,1.9798646902295234
-29.441626905638522,4.680339749427734,1.9798646902295234
-29.441626905638522,4.680339749427734,1.9798646902295234
-29.440840660451478,4.683260649143149,1.9786103373141168
-29.440840660451478,4.683260649143149,1.9786103373141168
-29.44129715399608,4.684890787683882,1.9758440361164102
-29.44129715399608,4.684890787683882,1.9758440361164102
-29.44129715399608,4.684890787683882,1.9758440361164102
-29.441378232943606,4.6854161443316595,1.9751036436189553
-29.44138556062381,4.696234469818675,1.9636174831034732
-29.44138556062381,4.696234469818675,1.9636174831034732
-29.44138556062381,4.696234469818675,1.9636174831034732
-29.46035599001669,4.65666306254236,1.961214296786356
-29.46035599001669,4.65666306254236,1.961214296786356
-29.465535417892042,4.649000396657595,1.9570933750473969
-29.465535417892042,4.649000396657595,1.9570933750473969
-29.48968624457331,4.589381235743705,1.9614796083809103
-29.48968624457331,4.589381235743705,1.9614796083809103
-29.49085087974024,4.588835387987292,1.9592867015197089
-29.49085087974024,4.588835387987292,1.9592867015197089
-29.49085087974024,4.588835387987292,1.9592867015197089
-29.492731476398014,4.593793751899144,1.949823526093297
-29.4834776596284,4.651126267925146,1.912120864793404
-29.4834776596284,4.651126267925146,1.912120864793404
-29.490153576473986,4.6456961471000415,1.90174892054495
-29.490153576473986,4.6456961471000415,1.90174892054495
-29.519973818745974,4.610186025116301,1.8662773452405703
-29.519973818745974,4.610186025116301,1.8662773452405703
-29.519973818745974,4.610186025116301,1.8662773452405703
-29.51577610255556,4.615511164564726,1.8710432685188787
-29.51577610255556,4.615511164564726,1.8710432685188787
-29.62931787125828,4.59512912121684,1.8980259245071869
-29.62931787125828,4.59512912121684,1.8980259245071869
-29.533052592046594,4.591004476848899,1.8539450277804241
-29.533052592046594,4.591004476848899,1.8539450277804241
-29.531640929840478,4.599141287918737,1.8487550185122215
-29.531640929840478,4.599141287918737,1.8487550185122215
-29.532289751860116,4.603092411460495,1.8428141777571039
-29.531677575685926,4.61598005588482,1.8302456255740325
-29.531677575685926,4.61598005588482,1.8302456255740325
-29.531677575685926,4.61598005588482,1.8302456255740325
-29.624857300472833,4.645752681050068,1.8549031937422498
-29.624857300472833,4.645752681050068,1.8549031937422498
-29.643512949751837,4.668950645739806,1.778908898898214
-29.643512949751837,4.668950645739806,1.778908898898214
-29.642686539843012,4.665101126360544,1.7856665464341754
-29.642686539843012,4.665101126360544,1.7856665464341754
-28.88710288592243,4.740465994931634,1.8076958796039266
-28.88710288592243,4.740465994931634,1.8076958796039266
-28.59033615011273,4.8962617748029125,1.7087678536637487
-28.59033615011273,4.8962617748029125,1.7087678536637487
-28.47647546380353,5.031479468563671,1.755355183874985
-28.47647546380353,5.031479468563671,1.755355183874985
-28.390515066824584,5.318837176788287,1.757841705417093
-28.390515066824584,5.318837176788287,1.757841705417093
-25.72878729324558,3.144873373630177,0.3852748781626677
-25.72878729324558,3.144873373630177,0.3852748781626677
-25.72878729324558,3.144873373630177,0.3852748781626677
-28.41024961926073,5.2958256500518335,1.7561371307294842
-28.41024961926073,5.2958256500518335,1.7561371307294842
-28.423868109269474,5.422096300567132,1.7973526320669229
-28.4295215846851,5.420516003330334,1.789031287387317
-28.4295215846851,5.420516003330334,1.789031287387317
-28.407150220102963,5.28100159783927,1.7855846177873083
-28.407150220102963,5.28100159783927,1.7855846177873083
-28.407150220102963,5.28100159783927,1.7855846177873083
-28.407150220102963,5.28100159783927,1.7855846177873083
-28.407150220102963,5.28100159783927,1.7855846177873083
-28.37992276347023,5.177494830761026,1.7307336510016698
-28.37992276347023,5.177494830761026,1.7307336510016698
-28.386471588770398,5.1778662989024955,1.717120734412987
-28.386471588770398,5.1778662989024955,1.717120734412987
-28.386052414485576,5.182965545323756,1.7099672726022224
-28.386052414485576,5.182965545323756,1.7099672726022224
-28.41574240548065,5.193761377949571,1.6308506891844499
-28.41574240548065,5.193761377949571,1.6308506891844499
-28.399518697511848,5.206017284698364,1.644970466163545
-28.399518697511848,5.206017284698364,1.644970466163545
-28.40010586209931,5.206001227749866,1.6437565450250449
-28.40010586209931,5.206001227749866,1.6437565450250449
-28.397485305445414,5.209708824776133,1.6431260545724782
-28.397485305445414,5.209708824776133,1.6431260545724782
-28.397485305445414,5.209708824776133,1.6431260545724782
-28.39506062620326,5.212101692028806,1.6442595683317531
-28.40360862660368,5.202210531521923,1.642643099712266
-28.40360862660368,5.202210531521923,1.642643099712266
-28.403080518061863,5.203424686506214,1.6417442070283412
-28.403080518061863,5.203424686506214,1.6417442070283412
-28.410145586961182,5.201132132728406,1.6305216257949735
-28.410145586961182,5.201132132728406,1.6305216257949735
-28.410145586961182,5.201132132728406,1.6305216257949735
-28.410145586961182,5.201132132728406,1.6305216257949735
-28.56990923957705,5.269402576746565,1.444423507951784
-28.56990923957705,5.269402576746565,1.444423507951784
-28.511136896123027,5.1532271514194825,1.4823613879481465
-28.511136896123027,5.1532271514194825,1.4823613879481465
-28.51155555988028,5.1528259325227594,1.4820619529980188
-28.51155555988028,5.1528259325227594,1.4820619529980188
-28.50323992691114,5.156332746543585,1.4960797040402518
-28.50323992691114,5.156332746543585,1.4960797040402518
-28.512058634715995,5.299025465478539,1.531014580104752
-28.512058634715995,5.299025465478539,1.531014580104752
-28.52472374136362,5.298601521831701,1.5012683739980064
-28.52472374136362,5.298601521831701,1.5012683739980064
-25.749366796563557,3.13280357702069,0.3620840797182524
-25.749366796563557,3.13280357702069,0.3620840797182524
-28.519833722865794,5.305702374407408,1.4995726003099465
-28.519833722865794,5.305702374407408,1.4995726003099465
-28.52229445927889,5.316457401873343,1.4725069144983316
-28.52229445927889,5.316457401873343,1.4725069144983316
-25.75586773829385,3.128194341135933,0.35480976484661114
-25.75586773829385,3.128194341135933,0.35480976484661114
-25.75586773829385,3.128194341135933,0.35480976484661114
-25.75611228816544,3.1279914003638223,0.3545827247301899
-25.75611228816544,3.1279914003638223,0.3545827247301899
-28.68671448709029,5.327863799129868,1.361273282936415
-28.68671448709029,5.327863799129868,1.361273282936415
-28.68606613201049,5.3281808541252005,1.362452252057016
-28.68606613201049,5.3281808541252005,1.362452252057016
-28.68606613201049,5.3281808541252005,1.362452252057016
-28.77160532814364,5.37748598418519,1.3832803576598958
-28.774101155445855,5.376590655459318,1.377971004052675
-28.774101155445855,5.376590655459318,1.377971004052675
-28.898704123718694,5.409554421141081,1.3159320526199363
-28.898704123718694,5.409554421141081,1.3159320526199363
-28.88989177686787,5.419103382157669,1.3216425062493653
-28.88989177686787,5.419103382157669,1.3216425062493653
-28.88989177686787,5.419103382157669,1.3216425062493653
-28.88989177686787,5.419103382157669,1.3216425062493653
-25.77354259077212,3.1174452611298005,0.3255262488097337
-25.77354259077212,3.1174452611298005,0.3255262488097337
-25.772719979324766,3.1186601860424594,0.3252990255716275
-25.772719979324766,3.1186601860424594,0.3252990255716275
-25.772795440993274,3.118890567499026,0.3244265040815929
-25.772795440993274,3.118890567499026,0.3244265040815929
-25.77234465995635,3.122265423212743,0.3168607834452872
-25.77234465995635,3.122265423212743,0.3168607834452872
-25.772331728927952,3.122281358616065,0.31686505480978905
-25.772331728927952,3.122281358616065,0.31686505480978905
-25.77234142630024,3.122143913057716,0.3172195509240826
-25.77234142630024,3.122143913057716,0.3172195509240826
-25.76981819493069,3.12400999201215,0.32145561712673304
-25.76981819493069,3.12400999201215,0.32145561712673304
-25.771162118775813,3.1235881956359717,0.31761754753933563
-25.771162118775813,3.1235881956359717,0.31761754753933563
-25.775136206462573,3.1195298228987394,0.3138056425882295
-25.775136206462573,3.1195298228987394,0.3138056425882295
-26.422220309477606,3.560572005339722,0.47818662924634237
-26.422220309477606,3.560572005339722,0.47818662924634237
-25.773599845230546,3.118975583418345,0.3212680457704369
-25.773599845230546,3.118975583418345,0.3212680457704369
-25.773599845230546,3.118975583418345,0.3212680457704369
-26.36390336543417,3.475869362451094,0.44739354057444297
-25.76072065572892,3.1278162258857645,0.34188165303944695
-25.76072065572892,3.1278162258857645,0.34188165303944695
-25.77919356566852,3.1165010185120487,0.30598388117639486
-25.77919356566852,3.1165010185120487,0.30598388117639486
-25.77213551645886,3.1210050888354384,0.32116658017220834
-25.77213551645886,3.1210050888354384,0.32116658017220834
-25.781512896821976,3.113704630448513,0.3044930924389363
-25.781512896821976,3.113704630448513,0.3044930924389363
-26.43578493757917,3.5288926496432693,0.5082848056054757
-26.43578493757917,3.5288926496432693,0.5082848056054757
-25.778805470984906,3.1137140709431224,0.31584141433944213
-25.778805470984906,3.1137140709431224,0.31584141433944213
-26.36170017904336,3.4813253341326056,0.4414361869879114
-26.36170017904336,3.4813253341326056,0.4414361869879114
-26.36170017904336,3.4813253341326056,0.4414361869879114
-26.36222861995469,3.4804197527655636,0.4417426256668649
-26.36222861995469,3.4804197527655636,0.4417426256668649
-26.36222861995469,3.4804197527655636,0.4417426256668649
-26.360817530548637,3.4823810074171364,0.4422259037862697
-26.360817530548637,3.4823810074171364,0.4422259037862697
-26.45192612588163,3.5130755738036554,0.4861023894132843
-26.45192612588163,3.5130755738036554,0.4861023894132843
-26.377295080158333,3.456849629337825,0.4422423551342934
-26.377295080158333,3.456849629337825,0.4422423551342934
-26.385272611575417,3.448807489040501,0.42869437471452515
-26.380873398338043,3.4515481134275676,0.44104334720260996
-26.380873398338043,3.4515481134275676,0.44104334720260996
-26.380873398338043,3.4515481134275676,0.44104334720260996
-26.380126137302895,3.4510994109470836,0.44553583961648147
-26.380126137302895,3.4510994109470836,0.44553583961648147
-26.396422030318433,3.431425830017333,0.42546630347718006
-26.396422030318433,3.431425830017333,0.42546630347718006
-26.440683830679653,3.525815310507895,0.497724823782539
-26.440683830679653,3.525815310507895,0.497724823782539
-26.373246075945836,3.456872665649975,0.45926973601742205
-26.373246075945836,3.456872665649975,0.45926973601742205
-26.377815390096437,3.4556032521006834,0.44338355895973997
-26.377815390096437,3.4556032521006834,0.44338355895973997
-26.377815390096437,3.4556032521006834,0.44338355895973997
-26.37705961861512,3.456041927243642,0.44547418037371656
-26.45207197476466,3.5155696076607104,0.4791530598568153
-26.45207197476466,3.5155696076607104,0.4791530598568153
-26.406856013205516,3.5715274836703914,0.506467610520886
-26.406856013205516,3.5715274836703914,0.506467610520886
-26.382570134315294,3.4460017158113647,0.44855225561693945
-26.381168819138118,3.447671919443717,0.45015436032627093
-26.381168819138118,3.447671919443717,0.45015436032627093
-26.376832331892917,3.45409909734252,0.45163283905806534
-26.376832331892917,3.45409909734252,0.45163283905806534
-26.376832331892917,3.45409909734252,0.45163283905806534
-26.378712124707693,3.451322122978505,0.45100042435852467
-26.40467711053393,3.4016863040910357,0.46452668381997764
-26.40467711053393,3.4016863040910357,0.46452668381997764
-26.40467711053393,3.4016863040910357,0.46452668381997764
-26.37072330444903,3.462785584818702,0.45424595477466173
-26.37072330444903,3.462785584818702,0.45424595477466173
-26.37155226308548,3.4615154310419753,0.45416181150910284
-26.37155226308548,3.4615154310419753,0.45416181150910284
-26.36731832254868,3.4688415769624243,0.452248761595173
-26.36731832254868,3.4688415769624243,0.452248761595173
-26.377183329635653,3.448113663937176,0.4654300085488424
-26.377183329635653,3.448113663937176,0.4654300085488424
-26.43509153684601,3.5399725897354832,0.4831371365164764
-28.934976853852923,5.353508458856185,1.3291545713329314
-28.934976853852923,5.353508458856185,1.3291545713329314
-26.437769718125843,3.5344245581224527,0.4871629532116947
-26.437769718125843,3.5344245581224527,0.4871629532116947
-26.437750820811097,3.5342415047831546,0.48770869253011007
-26.437750820811097,3.5342415047831546,0.48770869253011007
-26.494829957413,3.6059864005488476,0.5528404171295023
-26.494829957413,3.6059864005488476,0.5528404171295023
-26.494829957413,3.6059864005488476,0.5528404171295023
-26.40629010849557,3.5701636853552667,0.5118709934139565
-26.40629010849557,3.5701636853552667,0.5118709934139565
-26.40794019726054,3.5666211577709555,0.5149426568582475
-26.40794019726054,3.5666211577709555,0.5149426568582475
-26.42586689411911,3.5388958430792106,0.5196317470724011
-26.42586689411911,3.5388958430792106,0.5196317470724011
-26.424501245859435,3.54110656548804,0.519172952003573
-26.424501245859435,3.54110656548804,0.519172952003573
-26.49384939681197,3.6059080380403765,0.5562372019966739
-26.49384939681197,3.6059080380403765,0.5562372019966739
-26.421652436900004,3.545470548978492,0.5187251469773806
-26.421652436900004,3.545470548978492,0.5187251469773806
-26.42199454102536,3.5460235999250465,0.5162405716629752
-26.42199454102536,3.5460235999250465,0.5162405716629752
-26.442765170490613,3.511510694097998,0.5235144487894005
-26.442765170490613,3.511510694097998,0.5235144487894005
-26.445800343081068,3.511772714607092,0.5122619497163692
-26.445800343081068,3.511772714607092,0.5122619497163692
-26.444137590674295,3.511179327585548,0.5194883779267622
-26.444137590674295,3.511179327585548,0.5194883779267622
-26.44172450420873,3.513013820758343,0.5237789223874867
-26.44172450420873,3.513013820758343,0.5237789223874867
-26.518483119061244,3.56227943567721,0.5708898993261496
-26.518483119061244,3.56227943567721,0.5708898993261496
-26.521237289642034,3.558716241823047,0.5693678518071246
-26.521237289642034,3.558716241823047,0.5693678518071246
-26.545618748785373,3.522340044681464,0.5627687381329622
-26.545618748785373,3.522340044681464,0.5627687381329622
-26.4649990980696,3.470434504840048,0.5338033718486686
-26.4649990980696,3.470434504840048,0.5338033718486686
-26.4649990980696,3.470434504840048,0.5338033718486686
-26.45160781875975,3.499989460022702,0.5180721215265995
-26.45160781875975,3.499989460022702,0.5180721215265995
-28.953380825009262,5.310672085792131,1.3658296721763783
-28.953380825009262,5.310672085792131,1.3658296721763783
-26.451700461800897,3.504644341920886,0.5072436397573592
-26.451700461800897,3.504644341920886,0.5072436397573592
-26.49161669681735,3.607687001240105,0.5594589722795817
-26.49161669681735,3.607687001240105,0.5594589722795817
-26.49161669681735,3.607687001240105,0.5594589722795817
-26.49161669681735,3.607687001240105,0.5594589722795817
-26.49390394867668,3.6048005427014704,0.5585637037658873
-26.49390394867668,3.6048005427014704,0.5585637037658873
-26.439367482117106,3.514918241732484,0.5276386872384452
-26.439367482117106,3.514918241732484,0.5276386872384452
-26.43896487522281,3.5153502982770553,0.5280570938487981
-26.43896487522281,3.5153502982770553,0.5280570938487981
-26.516479326952414,3.5729702562553407,0.554808109179706
-26.516479326952414,3.5729702562553407,0.554808109179706
-26.514812024938188,3.574609592145653,0.556791673547548
-26.514812024938188,3.574609592145653,0.556791673547548
-26.515051527472558,3.572852724200168,0.559799987508006
-26.515069565608435,3.572771161420275,0.5599160224431885
-26.515069565608435,3.572771161420275,0.5599160224431885
-26.515069565608435,3.572771161420275,0.5599160224431885
-26.528115767973652,3.5516441911954786,0.5615118382688854
-26.528115767973652,3.5516441911954786,0.5615118382688854
-26.53391681735997,3.5441254154807402,0.5577748908421791
-26.50958066349658,3.581249791202122,0.5596010646054224
-26.50958066349658,3.581249791202122,0.5596010646054224
-26.50958066349658,3.581249791202122,0.5596010646054224
-26.51335688881126,3.576443143447537,0.5576256429224438
-26.51335688881126,3.576443143447537,0.5576256429224438
-28.496373320469157,5.338707267201154,1.4926824556818312
-28.496373320469157,5.338707267201154,1.4926824556818312
-29.001768706331337,5.224993679778507,1.3955885723429915
-29.001768706331337,5.224993679778507,1.3955885723429915
-26.514940698999453,3.571493972512779,0.5630693083469867
-26.514940698999453,3.571493972512779,0.5630693083469867
-28.994786388407938,5.253339608936746,1.358592251764313
-28.994786388407938,5.253339608936746,1.358592251764313
-28.987441528664185,5.259182205740499,1.369344710420666
-28.987441528664185,5.259182205740499,1.369344710420666
-28.546349611483162,5.136810642567603,1.42347679544629
-28.546349611483162,5.136810642567603,1.42347679544629
-28.931939542950158,5.354766883003636,1.3359711715804445
-28.931939542950158,5.354766883003636,1.3359711715804445
-28.96842426689369,5.294226757112493,1.3542771516760146
-28.96842426689369,5.294226757112493,1.3542771516760146
-26.498918978631995,3.594206926363052,0.5658801107536608
-26.498918978631995,3.594206926363052,0.5658801107536608
-26.50130200839416,3.592102210385363,0.5628302735849461
-26.50130200839416,3.592102210385363,0.5628302735849461
-28.854974177395146,5.270364066007893,1.3667242798920947
-28.854974177395146,5.270364066007893,1.3667242798920947
-26.380263512019088,3.4413914948119873,0.46958215328178654
-26.380263512019088,3.4413914948119873,0.46958215328178654
-26.448357311184648,3.510173640817256,0.5066887126362929
-26.448357311184648,3.510173640817256,0.5066887126362929
-26.428348636209726,3.5323961244352495,0.5260638491133696
-26.428348636209726,3.5323961244352495,0.5260638491133696
-26.431577251464564,3.530323364210971,0.5197684955242174
-26.431577251464564,3.530323364210971,0.5197684955242174
-26.431577251464564,3.530323364210971,0.5197684955242174
-28.973808975178482,5.282034759529205,1.3635593018866683
-28.973808975178482,5.282034759529205,1.3635593018866683
-26.461127227759047,3.489939836635738,0.506038647081448
-26.461127227759047,3.489939836635738,0.506038647081448
-26.510054787092518,3.5783012840868036,0.5644181132874078
-26.45989128354861,3.4983802166352977,0.4910131077908246
-26.45989128354861,3.4983802166352977,0.4910131077908246
-26.37189193922631,3.4605885816539126,0.4551919689264009
-26.37189193922631,3.4605885816539126,0.4551919689264009
-26.470270126863696,3.4731633776640427,0.5094053293079837
-26.470270126863696,3.4731633776640427,0.5094053293079837
-28.921642946758205,5.370408268353786,1.333225080050045
-28.921642946758205,5.370408268353786,1.333225080050045
-26.394305599759726,3.4190646914368448,0.4665482047801
-26.394305599759726,3.4190646914368448,0.4665482047801
-26.394305599759726,3.4190646914368448,0.4665482047801
-26.440390017375712,3.532457658648987,0.4819937031189116
-26.399620333169796,3.4275327729801077,0.42101946638166915
-26.399620333169796,3.4275327729801077,0.42101946638166915
-26.438368907322285,3.535430860466602,0.48218688083556127
-26.438368907322285,3.535430860466602,0.48218688083556127
-26.36803853421598,3.4692382723456014,0.44814960722255254
-26.36803853421598,3.4692382723456014,0.44814960722255254
-26.36811278774918,3.469105255183159,0.4481989125759683
-26.36811278774918,3.469105255183159,0.4481989125759683
-26.36943379133989,3.4673779083446625,0.4473154630029446
-26.36943379133989,3.4673779083446625,0.4473154630029446
-26.398902584620632,3.4285350077323855,0.42166522424545755
-26.398902584620632,3.4285350077323855,0.42166522424545755
-26.398907765036213,3.4284926071615796,0.4217621857536633
-26.398907765036213,3.4284926071615796,0.4217621857536633
-26.391903795678147,3.4459302218724703,0.4043141933985782
-26.391903795678147,3.4459302218724703,0.4043141933985782
-26.3765444728711,3.467001359850834,0.4158305558352223
-26.3765444728711,3.467001359850834,0.4158305558352223
-26.39606609969847,3.4334391702787235,0.42139496248242625
-26.39606609969847,3.4334391702787235,0.42139496248242625
-26.38020815242758,3.4690465256650214,0.3894072391452098
-26.38020815242758,3.4690465256650214,0.3894072391452098
-26.375297529244918,3.461984311414988,0.43673898370667597
-26.375297529244918,3.461984311414988,0.43673898370667597
-26.372901683974256,3.469215706796339,0.4265589954325726
-26.372901683974256,3.469215706796339,0.4265589954325726
-26.372901683974256,3.469215706796339,0.4265589954325726
-26.412031336646507,3.5635121208574168,0.5084306856276442
-26.412031336646507,3.5635121208574168,0.5084306856276442
-28.846565206704096,5.448345114189895,1.387484833310284
-28.846565206704096,5.448345114189895,1.387484833310284
-26.373848645036354,3.459582648452919,0.44967582845530796
-26.373848645036354,3.459582648452919,0.44967582845530796
-26.34497504040517,3.344105541266824,0.3318448296001987
-26.34497504040517,3.344105541266824,0.3318448296001987
-25.807118823133127,3.0879880064619014,0.1884219300877182
-25.80665384587687,3.0882338224503783,0.18369728608441585
-25.80665384587687,3.0882338224503783,0.18369728608441585
-26.363313699865994,3.3772896821999656,-0.20091070218179619
-26.363313699865994,3.3772896821999656,-0.20091070218179619
-26.36418622668118,3.38607546259478,-0.18696307216052566
-26.36418622668118,3.38607546259478,-0.18696307216052566
-26.82108653890959,3.5764874157728306,-0.2900175318546571
-26.82108653890959,3.5764874157728306,-0.2900175318546571
-26.82108653890959,3.5764874157728306,-0.2900175318546571
-26.824009698287796,3.572048346092837,-0.2881954350554902
-26.824009698287796,3.572048346092837,-0.2881954350554902
-26.827826343685558,3.5680599126063397,-0.28305445541813584
-26.827826343685558,3.5680599126063397,-0.28305445541813584
-26.416351766514744,3.354950176063237,-0.0844121849412876
-26.416351766514744,3.354950176063237,-0.0844121849412876
-26.41505282411969,3.355731145423576,-0.08752652189304422
-26.41505282411969,3.355731145423576,-0.08752652189304422
-26.413371139040088,3.3597156190778112,-0.08633457019619739
-26.413371139040088,3.3597156190778112,-0.08633457019619739
-26.398572558063236,3.402721229400432,-0.05670120951541607
-26.398572558063236,3.402721229400432,-0.05670120951541607
-26.39791367247425,3.4059103877108257,-0.052400882769161716
-26.39791367247425,3.4059103877108257,-0.052400882769161716
-25.80413632278214,3.0761999239756155,0.11901943385630209
-25.80413632278214,3.0761999239756155,0.11901943385630209
-25.80362836154385,3.0804568389478066,0.1282218437726721
-25.80362836154385,3.0804568389478066,0.1282218437726721
-25.804968187597364,3.0798966898236464,0.13333956486931675
-25.804968187597364,3.0798966898236464,0.13333956486931675
-25.804968187597364,3.0798966898236464,0.13333956486931675
-25.80412521201848,3.084480043407867,0.14376404338560445
-25.80412521201848,3.084480043407867,0.14376404338560445
-25.806350925397787,3.0839540851289127,0.1563594293145234
-25.806350925397787,3.0839540851289127,0.1563594293145234
-25.806350925397787,3.0839540851289127,0.1563594293145234
-25.806350925397787,3.0839540851289127,0.1563594293145234
-25.806153250037177,3.0870553544244057,0.1700553939396378
-25.805839954250942,3.0875809687409306,0.1700823383009864
-25.805839954250942,3.0875809687409306,0.1700823383009864
-25.803860650841134,3.093080819700967,0.18604926768341065
-25.803860650841134,3.093080819700967,0.18604926768341065
-25.80409235165836,3.0926842843733287,0.1858558577694766
-25.80409235165836,3.0926842843733287,0.1858558577694766
-25.80409235165836,3.0926842843733287,0.1858558577694766
-25.80438458565661,3.092309683149195,0.1867741573525886
-25.80438458565661,3.092309683149195,0.1867741573525886
-25.804527733302223,3.092219738765214,0.18814219756574685
-25.804527733302223,3.092219738765214,0.18814219756574685
-25.80436429953835,3.092572475061664,0.1890145370742266
-25.80436429953835,3.092572475061664,0.1890145370742266
-25.8043460513159,3.0926021776818007,0.18901540858198917
-25.8043460513159,3.0926021776818007,0.18901540858198917
-25.803455941585987,3.0943043582965304,0.19186738627350367
-25.803455941585987,3.0943043582965304,0.19186738627350367
-25.803837499362878,3.0938721573228727,0.19407487382068248
-25.803837499362878,3.0938721573228727,0.19407487382068248
-25.80388977900642,3.093804029846281,0.1942823921069862
-25.80388977900642,3.093804029846281,0.1942823921069862
-25.80456180882437,3.092761754770736,0.194870960962945
-25.80456180882437,3.092761754770736,0.194870960962945
-25.804528023570956,3.0928064859429583,0.19473842153983476
-25.804528023570956,3.0928064859429583,0.19473842153983476
-25.804302666096085,3.09329965905161,0.1964938075286069
-25.804302666096085,3.09329965905161,0.1964938075286069
-25.804302666096085,3.09329965905161,0.1964938075286069
-25.804980958056284,3.092325435607293,0.19840990254688373
-25.804980958056284,3.092325435607293,0.19840990254688373
-25.805346020861776,3.0917420477965827,0.19859480971929458
-25.805346020861776,3.0917420477965827,0.19859480971929458
-25.80489854350238,3.092455988311076,0.19835408195221016
-25.80489854350238,3.092455988311076,0.19835408195221016
-25.804887649877156,3.0924738632562074,0.1983566985380204
-25.804887649877156,3.0924738632562074,0.1983566985380204
-25.804267335871753,3.0933936729170375,0.19703189297912818
-25.804267335871753,3.0933936729170375,0.19703189297912818
-25.804215199449352,3.093434236558215,0.19639439047356277
-25.804215199449352,3.093434236558215,0.19639439047356277
-25.804609596204337,3.092720527779762,0.19535578807063897
-25.804609596204337,3.092720527779762,0.19535578807063897
-25.80471197602227,3.0925326756827642,0.1950662847657196
-25.80471197602227,3.0925326756827642,0.1950662847657196
-25.804948947375323,3.091870890621546,0.19168693549854485
-25.804948947375323,3.091870890621546,0.19168693549854485
-25.806398343020106,3.08724719265474,0.17364185103330326
-25.806398343020106,3.08724719265474,0.17364185103330326
-25.805854512597186,3.0911368643255432,0.20278978208921428
-25.805854512597186,3.0911368643255432,0.20278978208921428
-25.805854512597186,3.0911368643255432,0.20278978208921428
-25.805854512597186,3.0911368643255432,0.20278978208921428
-25.805385226018885,3.0919021494017755,0.2027513958714348
-25.805385226018885,3.0919021494017755,0.2027513958714348
-25.805460153880563,3.091871328517106,0.20494126124529943
-25.805460153880563,3.091871328517106,0.20494126124529943
-25.805460153880563,3.091871328517106,0.20494126124529943
-25.805494726816782,3.091886376639168,0.207076343459507
-25.805494726816782,3.091886376639168,0.207076343459507
-25.806050707952938,3.091072614771561,0.2117317260971274
-25.806050707952938,3.091072614771561,0.2117317260971274
-25.806050707952938,3.091072614771561,0.2117317260971274
-25.80575164459163,3.0915679034413714,0.21227975118827405
-25.80575164459163,3.0915679034413714,0.21227975118827405
-25.80575164459163,3.0915679034413714,0.21227975118827405
-25.806584172661577,3.09020512088785,0.2126244500620634
-25.806584172661577,3.09020512088785,0.2126244500620634
-25.806584172661577,3.09020512088785,0.2126244500620634
-25.806520160698508,3.090309182841089,0.21247086258111694
-25.806459198604855,3.0903997794319755,0.21155196066301005
-25.806459198604855,3.0903997794319755,0.21155196066301005
-25.806459198604855,3.0903997794319755,0.21155196066301005
-25.80648830037835,3.090352111274378,0.21156854095307737
-25.80648830037835,3.090352111274378,0.21156854095307737
-25.80665669337194,3.0900704943745274,0.2112299546969782
-25.80665669337194,3.0900704943745274,0.2112299546969782
-25.80665669337194,3.0900704943745274,0.2112299546969782
-25.80665669337194,3.0900704943745274,0.2112299546969782
-25.80665669337194,3.0900704943745274,0.2112299546969782
-25.80665669337194,3.0900704943745274,0.2112299546969782
-25.806871349767707,3.089721001179913,0.21157901271703
-25.806871349767707,3.089721001179913,0.21157901271703
-25.806871349767707,3.089721001179913,0.21157901271703
-25.806871349767707,3.089721001179913,0.21157901271703
-25.80679564546175,3.089838383931458,0.21101353957580157
-25.80679564546175,3.089838383931458,0.21101353957580157
-25.80679564546175,3.089838383931458,0.21101353957580157
-25.806611916880925,3.0901464184446614,0.2113931391180423
-25.806611916880925,3.0901464184446614,0.2113931391180423
-25.806772819047907,3.08988373362244,0.21159210242392754
-25.806772819047907,3.08988373362244,0.21159210242392754
-25.80632597933865,3.090612909445916,0.21110691214535734
-25.80632597933865,3.090612909445916,0.21110691214535734
-25.806293631460097,3.0906657523643215,0.2110859687540953
-25.806293631460097,3.0906657523643215,0.2110859687540953
-25.806293631460097,3.0906657523643215,0.2110859687540953
-25.806237070612642,3.090756979331992,0.21097078021811858
-25.806237070612642,3.090756979331992,0.21097078021811858
-25.806122464591695,3.0908976466993203,0.20850999207844806
-25.806122464591695,3.0908976466993203,0.20850999207844806
-25.805968437850005,3.0911829084279687,0.21007371320318743
-25.805968437850005,3.0911829084279687,0.21007371320318743
-25.805968437850005,3.0911829084279687,0.21007371320318743
-25.80592234121756,3.0911189866441107,0.20502938355597808
-25.80592234121756,3.0911189866441107,0.20502938355597808
-25.80588677396056,3.0911810970916043,0.20513321122039122
-25.80588677396056,3.0911810970916043,0.20513321122039122
-25.8058052007846,3.091236575070827,0.20321029022674852
-25.8058052007846,3.091236575070827,0.20321029022674852
-25.805777000430748,3.0912827329911625,0.20321029022674852
-25.805777000430748,3.0912827329911625,0.20321029022674852
-25.805777000430748,3.0912827329911625,0.20321029022674852
-25.806197658315323,3.090602212563411,0.2034188024962196
-25.806197658315323,3.090602212563411,0.2034188024962196
-25.806224847395573,3.0905595238153323,0.2034641694449179
-25.806224847395573,3.0905595238153323,0.2034641694449179
-25.806224847395573,3.0905595238153323,0.2034641694449179
-25.806197280814764,3.090574405272757,0.20278454760081252
-25.806197280814764,3.090574405272757,0.20278454760081252
-25.806319831690836,3.090378348914737,0.20290145148669234
-25.80626588240072,3.090436413418859,0.20224801960399483
-25.80626588240072,3.090436413418859,0.20224801960399483
-25.80626588240072,3.090436413418859,0.20224801960399483
-25.806057199800215,3.0907832731113336,0.20233438656871158
-25.806057199800215,3.0907832731113336,0.20233438656871158
-25.80601463572381,3.0908543888649036,0.2023614308461257
-25.80601463572381,3.0908543888649036,0.2023614308461257
-25.806120960151066,3.090777175151006,0.2046062247713538
-25.806120960151066,3.090777175151006,0.2046062247713538
-25.80344493928548,3.0953126589769715,0.21533843049422077
-25.80344493928548,3.0953126589769715,0.21533843049422077
-25.80433776494522,3.0938619416772504,0.21195163385579033
-25.80433776494522,3.0938619416772504,0.21195163385579033
-25.80441317101506,3.09373927760965,0.21187396795632257
-25.80441317101506,3.09373927760965,0.21187396795632257
-25.80441317101506,3.09373927760965,0.21187396795632257
-25.80441317101506,3.09373927760965,0.21187396795632257
-25.805147757715268,3.092549845658919,0.21201097413922051
-25.805147757715268,3.092549845658919,0.21201097413922051
-25.805147757715268,3.092549845658919,0.21201097413922051
-25.80494484912605,3.0928553259842175,0.21025609243347412
-25.80494484912605,3.0928553259842175,0.21025609243347412
-25.80494484912605,3.0928553259842175,0.21025609243347412
-25.80494667963323,3.092852353955436,0.21025609243347412
-25.80501614994617,3.0927393620994037,0.21024649351149044
-25.80501614994617,3.0927393620994037,0.21024649351149044
-25.80501614994617,3.0927393620994037,0.21024649351149044
-25.804676012333154,3.0933098014891347,0.21151181892271909
-25.804676012333154,3.0933098014891347,0.21151181892271909
-25.804676012333154,3.0933098014891347,0.21151181892271909
-25.804694257692354,3.0932769670045426,0.21125613399105206
-25.804694257692354,3.0932769670045426,0.21125613399105206
-25.804768784000743,3.093153762235714,0.2110781149840284
-25.804768784000743,3.093153762235714,0.2110781149840284
-25.804768784000743,3.093153762235714,0.2110781149840284
-25.806429954217098,3.090317667640443,0.20592720086791813
-25.806429954217098,3.090317667640443,0.20592720086791813
-25.806028384255313,3.0910109529390275,0.20698734227875804
-25.806028384255313,3.0910109529390275,0.20698734227875804
-25.80606503504109,3.0909157737158,0.20588880963142986
-25.80606503504109,3.0909157737158,0.20588880963142986
-25.80606503504109,3.0909157737158,0.20588880963142986
-25.80594764494712,3.091158968203466,0.20753356898509562
-25.80594764494712,3.091158968203466,0.20753356898509562
-25.80594764494712,3.091158968203466,0.20753356898509562
-25.805903792858285,3.0912405646701058,0.2078956889239494
-25.805903792858285,3.0912405646701058,0.2078956889239494
-25.805903792858285,3.0912405646701058,0.2078956889239494
-25.805964669981556,3.091142781022727,0.20796898593375113
-25.805964669981556,3.091142781022727,0.20796898593375113
-25.805964669981556,3.091142781022727,0.20796898593375113
-25.805964669981556,3.091142781022727,0.20796898593375113
-25.8059196871725,3.0912359574082218,0.20876479109126977
-25.8059196871725,3.0912359574082218,0.20876479109126977
-25.8059196871725,3.0912359574082218,0.20876479109126977
-25.80617074034393,3.0908800637941174,0.21212616421063998
-25.80617074034393,3.0908800637941174,0.21212616421063998
-25.80617074034393,3.0908800637941174,0.21212616421063998
-25.80638752252283,3.0904940701592802,0.21001001151221543
-25.80638752252283,3.0904940701592802,0.21001001151221543
-25.806408366438774,3.0904587441105553,0.20995241826879993
-25.806408366438774,3.0904587441105553,0.20995241826879993
-25.80612114453166,3.0909438544130645,0.210747384847057
-25.80612114453166,3.0909438544130645,0.210747384847057
-25.80612114453166,3.0909438544130645,0.210747384847057
-25.80708984133341,3.0891505377567796,0.2038707312063226
-25.80708984133341,3.0891505377567796,0.2038707312063226
-25.80708984133341,3.0891505377567796,0.2038707312063226
-25.807017040647096,3.089291056077478,0.20435844030236175
-25.807017040647096,3.089291056077478,0.20435844030236175
-25.807017040647096,3.089291056077478,0.20435844030236175
-25.806547648767562,3.090170687222054,0.207429732873663
-25.806547648767562,3.090170687222054,0.207429732873663
-25.806547648767562,3.090170687222054,0.207429732873663
-25.798431737572475,3.0990360617343904,0.2621206498455653
-25.798431737572475,3.0990360617343904,0.2621206498455653
-25.798431737572475,3.0990360617343904,0.2621206498455653
-25.79758042281839,3.0762043451206798,0.09354635894115974
-25.79758042281839,3.0762043451206798,0.09354635894115974
-25.79758042281839,3.0762043451206798,0.09354635894115974
-25.712410114708717,3.0418597763618367,0.14852984202818675
-25.712410114708717,3.0418597763618367,0.14852984202818675
-25.712410114708717,3.0418597763618367,0.14852984202818675
-25.712410114708717,3.0418597763618367,0.14852984202818675
-25.71387351659732,3.0378844810478887,0.14353748466632132
-25.71387351659732,3.0378844810478887,0.14353748466632132
-25.713570486385844,3.038214666092267,0.1430772580041561
-25.713570486385844,3.038214666092267,0.1430772580041561
-25.713570486385844,3.038214666092267,0.1430772580041561
-25.71468543354924,3.0368877303128645,0.144469913074951
-25.71468543354924,3.0368877303128645,0.144469913074951
-25.7148855480763,3.03630185614707,0.14371267117866568
-25.7148855480763,3.03630185614707,0.14371267117866568
-25.807179847208534,3.078496067324589,0.1410216410146342
-25.807179847208534,3.078496067324589,0.1410216410146342
-25.806834817784242,3.0790382902355624,0.14084470519873227
-25.806834817784242,3.0790382902355624,0.14084470519873227
-25.80936885234924,3.077406464602114,0.15074624634182987
-25.80936885234924,3.077406464602114,0.15074624634182987
-25.80936885234924,3.077406464602114,0.15074624634182987
-26.34001919907179,3.3578079880317135,0.11988672796715862
-26.34001919907179,3.3578079880317135,0.11988672796715862
-26.341419321581306,3.355721947598523,0.1225456704924074
-26.341419321581306,3.355721947598523,0.1225456704924074
-26.347062294283436,3.3472688973938225,0.1346495197363197
-26.347062294283436,3.3472688973938225,0.1346495197363197
-26.336551528120953,3.36276276900663,0.1127601175774376
-26.336551528120953,3.36276276900663,0.1127601175774376
-25.8031302931478,3.085289135326442,0.1407765227013144
-25.8031302931478,3.085289135326442,0.1407765227013144
-25.8031302931478,3.085289135326442,0.1407765227013144
-25.710988629379504,3.0432466860021576,0.1458840788952925
-25.710988629379504,3.0432466860021576,0.1458840788952925
-25.71229303816742,3.041698375909339,0.14743538687753466
-25.71229303816742,3.041698375909339,0.14743538687753466
-25.71229303816742,3.041698375909339,0.14743538687753466
-25.712324326527476,3.0416041507564437,0.14729500356262992
-25.71606914550071,3.0376979304523597,0.15413449815859268
-25.71606914550071,3.0376979304523597,0.15413449815859268
-25.71606914550071,3.0376979304523597,0.15413449815859268
-25.71606914550071,3.0376979304523597,0.15413449815859268
-25.71606914550071,3.0376979304523597,0.15413449815859268
-25.806802647478893,3.08415742520184,0.16070981188593472
-25.806802647478893,3.08415742520184,0.16070981188593472
-25.807489759482404,3.083192874389173,0.16164252519888417
-25.807489759482404,3.083192874389173,0.16164252519888417
-26.329036873604267,3.3743504957359542,0.10399309776848938
-26.329036873604267,3.3743504957359542,0.10399309776848938
-26.32949139278334,3.3736928375739024,0.10466738586923859
-26.32949139278334,3.3736928375739024,0.10466738586923859
-26.33186933722371,3.3705679467469043,0.10997717214543797
-26.33186933722371,3.3705679467469043,0.10997717214543797
-26.338173990441632,3.362044597653198,0.12499084651263676
-26.338173990441632,3.362044597653198,0.12499084651263676
-26.33391209511144,3.362928264061032,0.09116891870181425
-26.33391209511144,3.362928264061032,0.09116891870181425
-26.33391209511144,3.362928264061032,0.09116891870181425
-25.80397884933651,3.0790925780743597,0.12604129597652775
-25.80397884933651,3.0790925780743597,0.12604129597652775
-25.798591892708497,3.080690079319454,0.10695396296551969
-25.800850856922477,3.078405014241174,0.11054947892564082
-25.800850856922477,3.078405014241174,0.11054947892564082
-25.800850856922477,3.078405014241174,0.11054947892564082
-25.802980750579273,3.0763328896611406,0.11435238252265716
-25.80320173186616,3.075646014050197,0.11360959839284024
-25.80320173186616,3.075646014050197,0.11360959839284024
-25.80320173186616,3.075646014050197,0.11360959839284024
-25.80320173186616,3.075646014050197,0.11360959839284024
-25.80320173186616,3.075646014050197,0.11360959839284024
-25.806021012382516,3.074816135526764,0.12399292711279508
-25.806021012382516,3.074816135526764,0.12399292711279508
-25.80681424914916,3.075970733909641,0.1311198293538875
-25.80681424914916,3.075970733909641,0.1311198293538875
-25.80681424914916,3.075970733909641,0.1311198293538875
-25.806936983875993,3.075718789842146,0.13100884366697674
-25.806936983875993,3.075718789842146,0.13100884366697674
-25.806936983875993,3.075718789842146,0.13100884366697674
-25.806966335163985,3.0758635438915634,0.13158446655352857
-25.806966335163985,3.0758635438915634,0.13158446655352857
-25.80709667564062,3.080477452864939,0.14751158399604958
-25.80709667564062,3.080477452864939,0.14751158399604958
-25.807100681530986,3.080256538969698,0.14672129980175957
-25.807100681530986,3.080256538969698,0.14672129980175957
-25.807100681530986,3.080256538969698,0.14672129980175957
-25.807100681530986,3.080256538969698,0.14672129980175957
-26.340984517392318,3.3571720296134395,0.1263571259940414
-26.340984517392318,3.3571720296134395,0.1263571259940414
-26.356266719550312,3.334460031457219,0.2545708395409198
-26.356266719550312,3.334460031457219,0.2545708395409198
-26.358740072726288,3.307254132473922,0.3677853754999313
-26.358740072726288,3.307254132473922,0.3677853754999313
-31.472269723418673,5.46729450318354,2.0943895333648648
-31.472269723418673,5.46729450318354,2.0943895333648648
-31.472269723418673,5.46729450318354,2.0943895333648648
-31.472269723418673,5.46729450318354,2.0943895333648648
-31.472269723418673,5.46729450318354,2.0943895333648648
-29.46089815071217,4.6336647397943835,1.9836970039373047
-29.46089815071217,4.6336647397943835,1.9836970039373047
-29.460842201063617,4.633027065122498,1.984475770079398
-29.460842201063617,4.633027065122498,1.984475770079398
-29.452059696306424,4.525047675276533,2.107136086780654
-29.452059696306424,4.525047675276533,2.107136086780654
-29.445065394961812,4.555867958832575,2.0942860948126505
-29.445065394961812,4.555867958832575,2.0942860948126505
-29.441214624988014,4.560972603060327,2.097916218406656
-29.441214624988014,4.560972603060327,2.097916218406656
-29.441214624988014,4.560972603060327,2.097916218406656
-29.425571343691765,4.592461124013715,2.10239238821084
-29.425571343691765,4.592461124013715,2.10239238821084
-29.41985025147634,4.606361739972005,2.101622101276805
-29.41985025147634,4.606361739972005,2.101622101276805
-29.41985025147634,4.606361739972005,2.101622101276805
-29.408513035372565,4.635628187210292,2.0980934530196937
-29.408513035372565,4.635628187210292,2.0980934530196937
-29.051352875099138,4.583580156414751,1.8889053237563258
-29.051352875099138,4.583580156414751,1.8889053237563258
-29.051352875099138,4.583580156414751,1.8889053237563258
-29.051352875099138,4.583580156414751,1.8889053237563258
-29.05316479591019,4.580384169963666,1.88827323969799
-29.05316479591019,4.580384169963666,1.88827323969799
-29.429494350700196,4.648771400957417,2.039535979446878
-29.44985010641037,4.640310134589763,2.002271389953814
-29.44985010641037,4.640310134589763,2.002271389953814
-29.44985010641037,4.640310134589763,2.002271389953814
-29.454157150889902,4.635704208338582,1.9971075901157747
-29.454157150889902,4.635704208338582,1.9971075901157747
-29.471590591284404,4.6303441419821745,1.9622442956173507
-29.471590591284404,4.6303441419821745,1.9622442956173507
-29.477870456341215,4.629154637165177,1.9486986715746868
-29.477870456341215,4.629154637165177,1.9486986715746868
-29.477870456341215,4.629154637165177,1.9486986715746868
-32.02404491830801,5.2202206644301405,3.0248150307956774
-29.68270827482197,4.482438264935432,2.151686331485646
-29.68270827482197,4.482438264935432,2.151686331485646
-29.595845693177033,4.455374853769532,2.1096041649053365
-29.595845693177033,4.455374853769532,2.1096041649053365
-29.595845693177033,4.455374853769532,2.1096041649053365
-29.59193127991176,4.4544408022491595,2.1190877900042038
-29.559528167620392,4.516004076524273,2.1369206765259277
-29.559528167620392,4.516004076524273,2.1369206765259277
-29.559528167620392,4.516004076524273,2.1369206765259277
-29.43768852216156,4.556257903545018,2.109807304841465
-29.43768852216156,4.556257903545018,2.109807304841465
-29.43768852216156,4.556257903545018,2.109807304841465
-32.05822049389801,5.182878870115768,2.9748557788978274
-32.039603251529016,5.215895707649592,2.9914584408920426
-32.039603251529016,5.215895707649592,2.9914584408920426
-32.039603251529016,5.215895707649592,2.9914584408920426
-32.039603251529016,5.215895707649592,2.9914584408920426
-32.039603251529016,5.215895707649592,2.9914584408920426
-29.63131776968685,4.500854374444673,1.9868160463507039
-29.63131776968685,4.500854374444673,1.9868160463507039
-29.635838357842577,4.60282018188103,1.8732883487905423
-29.635838357842577,4.60282018188103,1.8732883487905423
-29.48541509197544,4.59485006878145,1.9660045638543238
-29.48541509197544,4.59485006878145,1.9660045638543238
-29.475488458270625,4.631640252028324,1.9517448989864994
-29.475488458270625,4.631640252028324,1.9517448989864994
-29.457922214879645,4.715522061835683,1.9034115469592348
-29.457922214879645,4.715522061835683,1.9034115469592348
-29.457922214879645,4.715522061835683,1.9034115469592348
-29.643574732362413,4.558824572658122,1.8996321541270424
-29.643574732362413,4.558824572658122,1.8996321541270424
-32.39233540254489,4.9212293796007245,2.9139924707025413
-32.39233540254489,4.9212293796007245,2.9139924707025413
-32.39233540254489,4.9212293796007245,2.9139924707025413
-32.39233540254489,4.9212293796007245,2.9139924707025413
-26.119444862856927,2.97554524073641,0.4813868009600138
-26.119444862856927,2.97554524073641,0.4813868009600138
-26.12694552055588,2.9648696092661018,0.46557740506321815
-26.12694552055588,2.9648696092661018,0.46557740506321815
-26.128493220486643,2.9695565095090157,0.4583016572812747
-26.128493220486643,2.9695565095090157,0.4583016572812747
-26.04219905565539,2.9594026768462696,0.3988738501205824
-26.04219905565539,2.9594026768462696,0.3988738501205824
-26.03959554589816,2.965463634860613,0.4038253228868407
-26.03959554589816,2.965463634860613,0.4038253228868407
-26.03959554589816,2.965463634860613,0.4038253228868407
-26.035514805135822,2.9817668653754374,0.4056972919073194
-26.035840458330505,2.981768239442411,0.40457334570941805
-26.035840458330505,2.981768239442411,0.40457334570941805
-26.122353435050357,3.037758238208782,0.4266031872917407
-26.122353435050357,3.037758238208782,0.4266031872917407
-26.122389555820533,3.037727769456928,0.4265062436586183
-26.122389555820533,3.037727769456928,0.4265062436586183
-26.122847502939063,3.0454448930962843,0.41699789218772676
-26.122847502939063,3.0454448930962843,0.41699789218772676
-26.12211367905836,3.0471489194807497,0.4178758520960446
-26.12211367905836,3.0471489194807497,0.4178758520960446
-26.11808092321181,3.0737535661040445,0.401854482133017
-26.11808092321181,3.0737535661040445,0.401854482133017
-26.11808092321181,3.0737535661040445,0.401854482133017
-26.11808092321181,3.0737535661040445,0.401854482133017
-26.11931044682974,3.074481676352868,0.39595473021087346
-26.11931044682974,3.074481676352868,0.39595473021087346
-26.11536693684101,3.087201871019446,0.3944489005756092
-26.11536693684101,3.087201871019446,0.3944489005756092
-26.11536693684101,3.087201871019446,0.3944489005756092
-26.11593354747283,3.091595662766284,0.3855814573595833
-26.11593354747283,3.091595662766284,0.3855814573595833
-26.11580784186698,3.0917189841103716,0.38593473107354653
-26.11580784186698,3.0917189841103716,0.38593473107354653
-26.115867835908855,3.0912627767501903,0.3863711599339223
-26.115867835908855,3.0912627767501903,0.3863711599339223
-26.527293508854548,3.349636989692874,0.5350877341464204
-26.527293508854548,3.349636989692874,0.5350877341464204
-28.546293160708757,5.025534700992223,1.615548413195095
-28.546293160708757,5.025534700992223,1.615548413195095
-28.546293160708757,5.025534700992223,1.615548413195095
-28.437683216145583,5.0663708817127,1.7823788515334085
-28.437683216145583,5.0663708817127,1.7823788515334085
-28.386166502220476,5.120641704332872,1.8035593077368313
-28.386166502220476,5.120641704332872,1.8035593077368313
-28.423862971968823,5.214447994912032,1.8541896612974473
-28.423862971968823,5.214447994912032,1.8541896612974473
-28.42447845727656,5.213712747693833,1.8541154235116437
-28.42918416027268,5.209277590054791,1.8518070019591144
-28.42918416027268,5.209277590054791,1.8518070019591144
-28.42918416027268,5.209277590054791,1.8518070019591144
-28.427617533810263,5.211317500830718,1.851759747470639
-28.427617533810263,5.211317500830718,1.851759747470639
-28.425567204196774,5.2113772765013575,1.8554853507567046
-28.425567204196774,5.2113772765013575,1.8554853507567046
-28.425567204196774,5.2113772765013575,1.8554853507567046
-28.426058063183373,5.210818821240689,1.8553841316506088
-28.426058063183373,5.210818821240689,1.8553841316506088
-28.437342648023776,5.189150701161616,1.865648753433595
-28.437342648023776,5.189150701161616,1.865648753433595
-28.440111303903784,5.185608380268176,1.8655746093050347
-28.440111303903784,5.185608380268176,1.8655746093050347
-28.421497980911262,5.04421760113058,1.8440959253489684
-28.421497980911262,5.04421760113058,1.8440959253489684
-28.430438531149687,5.03737707170413,1.8366397212844228
-28.430438531149687,5.03737707170413,1.8366397212844228
-28.430438531149687,5.03737707170413,1.8366397212844228
-28.43373929739221,5.033623595137197,1.8355289572534623
-28.43373929739221,5.033623595137197,1.8355289572534623
-28.440446213971825,5.023550874702497,1.8365345662384593
-28.440446213971825,5.023550874702497,1.8365345662384593
-28.44628342919989,5.012128980364567,1.8409040057906925
-28.510590091732027,4.92408098341625,1.8340630587600275
-28.510590091732027,4.92408098341625,1.8340630587600275
-28.510590091732027,4.92408098341625,1.8340630587600275
-28.50618981414457,4.929298548586139,1.835811591065999
-28.50618981414457,4.929298548586139,1.835811591065999
-28.50955503851801,4.924234982645855,1.8358641730935792
-28.50955503851801,4.924234982645855,1.8358641730935792
-28.60534762750234,4.944127672287664,1.877705899554124
-28.60534762750234,4.944127672287664,1.877705899554124
-28.609385965023627,4.9356155397873325,1.8806604575528385
-28.609385965023627,4.9356155397873325,1.8806604575528385
-28.612979022597543,4.923817540425805,1.8885367339277697
-28.617621466625277,4.914564846563442,1.891104597682502
-28.617621466625277,4.914564846563442,1.891104597682502
-28.617621466625277,4.914564846563442,1.891104597682502
-28.65583226462024,4.839412522668459,1.908501979299314
-28.65583226462024,4.839412522668459,1.908501979299314
-28.65582381293006,4.839273586208364,1.9086830902344698
-28.68305658587776,4.796845518888307,1.9055634323340884
-28.68305658587776,4.796845518888307,1.9055634323340884
-28.81085114429972,4.77297510662356,1.9297996987739126
-28.81085114429972,4.77297510662356,1.9297996987739126
-28.841353625070944,4.724003870378635,1.9232455420817653
-28.841353625070944,4.724003870378635,1.9232455420817653
-28.840577807392044,4.7252044395268635,1.9234865873527127
-28.840577807392044,4.7252044395268635,1.9234865873527127
-28.423763114867633,4.840460948816633,1.8553355783637486
-28.423763114867633,4.840460948816633,1.8553355783637486
-28.67190414957443,5.845335214701738,1.9782753002323894
-28.67190414957443,5.845335214701738,1.9782753002323894
-28.664072896606573,5.852656517917276,1.980347695802447
-28.664072896606573,5.852656517917276,1.980347695802447
-28.664072896606573,5.852656517917276,1.980347695802447
-25.6369036309864,3.1041523090229415,0.35188146157302047
-25.6369036309864,3.1041523090229415,0.35188146157302047
-25.638139919282096,3.1025405006785673,0.3527553040744097
-25.638139919282096,3.1025405006785673,0.3527553040744097
-25.636996311917876,3.1038864251131737,0.35223685718679876
-25.640545846196098,3.0982506747606537,0.3565532817300271
-25.640545846196098,3.0982506747606537,0.3565532817300271
-25.640437337928457,3.0985396007451684,0.35620724167110385
-25.640437337928457,3.0985396007451684,0.35620724167110385
-25.640437337928457,3.0985396007451684,0.35620724167110385
-25.640437337928457,3.0985396007451684,0.35620724167110385
-25.640437337928457,3.0985396007451684,0.35620724167110385
-28.616989995733334,5.8875691202499105,2.007013126579798
-28.616989995733334,5.8875691202499105,2.007013126579798
-28.616989995733334,5.8875691202499105,2.007013126579798
-28.63481718736083,5.695669325819821,2.0266183203888435
-28.63481718736083,5.695669325819821,2.0266183203888435
-28.390818574729067,5.223696360821209,1.9010799107230305
-28.390818574729067,5.223696360821209,1.9010799107230305
-28.391445720795335,5.222334091059987,1.901892215799902
-28.391445720795335,5.222334091059987,1.901892215799902
-28.3837822409377,5.232614332180066,1.9009523518532334
-28.3837822409377,5.232614332180066,1.9009523518532334
-28.386253056270977,5.219460697926547,1.9151737646072657
-28.386253056270977,5.219460697926547,1.9151737646072657
-28.385979058875808,5.219996364639986,1.9149056509318212
-28.385979058875808,5.219996364639986,1.9149056509318212
-28.38227176412237,5.228573056780334,1.9093739603632998
-28.38227176412237,5.228573056780334,1.9093739603632998
-28.374191560328942,5.241838071841015,1.904845417879488
-28.374490108148912,5.2411566451957805,1.9052883122673532
-28.374490108148912,5.2411566451957805,1.9052883122673532
-28.374490108148912,5.2411566451957805,1.9052883122673532
-28.420471289901048,5.343732547096284,1.9251048689956625
-28.420471289901048,5.343732547096284,1.9251048689956625
-28.36870618367879,5.238238952389461,1.9196232399673274
-28.36870618367879,5.238238952389461,1.9196232399673274
-28.46767877288437,5.452459065901286,1.9316217788843637
-28.46767877288437,5.452459065901286,1.9316217788843637
-28.471299524329858,5.446149623676321,1.93472531513849
-28.471299524329858,5.446149623676321,1.93472531513849
-28.470844529872004,5.447709253394251,1.9331701383338036
-28.470844529872004,5.447709253394251,1.9331701383338036
-28.46108073263925,5.461189860809851,1.9301226714414377
-28.46108073263925,5.461189860809851,1.9301226714414377
-28.46042842943749,5.464269814517343,1.9265648876413233
-28.46042842943749,5.464269814517343,1.9265648876413233
-28.46013060128328,5.462201178801314,1.9302782501193751
-28.46013060128328,5.462201178801314,1.9302782501193751
-28.46013060128328,5.462201178801314,1.9302782501193751
-28.456103520619603,5.464060148125337,1.934647562318969
-28.456103520619603,5.464060148125337,1.934647562318969
-28.51752159868494,5.531302482950581,1.9776029063954024
-28.396301762856293,5.351586898782984,1.9560717271897452
-28.396301762856293,5.351586898782984,1.9560717271897452
-28.631416818841195,5.6958309593344705,2.0324599452371084
-28.631416818841195,5.6958309593344705,2.0324599452371084
-28.62876176451902,5.6965858793015585,2.036014759449696
-28.62876176451902,5.6965858793015585,2.036014759449696
-28.568387778645423,5.58923156687575,2.053105194172809
-28.568387778645423,5.58923156687575,2.053105194172809
-28.59693587747668,5.707751996302777,2.0745089715305816
-28.59693587747668,5.707751996302777,2.0745089715305816
-28.59693587747668,5.707751996302777,2.0745089715305816
-28.59693587747668,5.707751996302777,2.0745089715305816
-28.59693587747668,5.707751996302777,2.0745089715305816
-28.613370942324543,5.681717594815684,2.086058739815829
-28.613370942324543,5.681717594815684,2.086058739815829
-28.614309432338217,5.679856867708357,2.087270162079461
-28.614309432338217,5.679856867708357,2.087270162079461
-28.602104449240702,5.688944561573189,2.094452884835284
-28.602104449240702,5.688944561573189,2.094452884835284
-28.589289584250338,5.721669655987027,2.066120639906388
-28.589289584250338,5.721669655987027,2.066120639906388
-28.63389996780602,5.667099338706178,2.072632944960049
-28.288658286451618,5.16833553527904,1.9119528383384856
-28.288658286451618,5.16833553527904,1.9119528383384856
-28.42654756620026,5.32532989767096,1.941154967293175
-28.42654756620026,5.32532989767096,1.941154967293175
-28.42654756620026,5.32532989767096,1.941154967293175
-28.42654756620026,5.32532989767096,1.941154967293175
-28.42654756620026,5.32532989767096,1.941154967293175
-28.474323094405822,5.422185968748174,1.9652891660097498
-28.474323094405822,5.422185968748174,1.9652891660097498
-28.467878372174095,5.430897418418391,1.9637531168439255
-28.467878372174095,5.430897418418391,1.9637531168439255
-28.615536206655346,5.706017563760232,2.0446773134130023
-28.618859002230323,5.701844687876315,2.045349753848218
-28.618859002230323,5.701844687876315,2.045349753848218
-28.618859002230323,5.701844687876315,2.045349753848218
-28.618859002230323,5.701844687876315,2.045349753848218
-28.618859002230323,5.701844687876315,2.045349753848218
-28.601607324853145,5.729861507181379,2.0315899639257955
-28.601607324853145,5.729861507181379,2.0315899639257955
-28.59936152113128,5.735344628028837,2.0268075437712527
-28.59936152113128,5.735344628028837,2.0268075437712527
-28.59936152113128,5.735344628028837,2.0268075437712527
-28.59936152113128,5.735344628028837,2.0268075437712527
-28.626669391182112,5.6938337406863635,2.0440577224697507
-28.626669391182112,5.6938337406863635,2.0440577224697507
-28.584057380464113,5.750971813412083,2.0288206668541626
-28.584057380464113,5.750971813412083,2.0288206668541626
-28.584057380464113,5.750971813412083,2.0288206668541626
-28.60156480231827,5.724698308637473,2.0398782838456846
-28.42473970013466,4.829160567163897,1.8672841583666546
-28.42473970013466,4.829160567163897,1.8672841583666546
-28.42473970013466,4.829160567163897,1.8672841583666546
-28.42473970013466,4.829160567163897,1.8672841583666546
-30.706494805535645,4.830598430752301,2.6765624280827023
-30.706494805535645,4.830598430752301,2.6765624280827023
-30.706494805535645,4.830598430752301,2.6765624280827023
-29.75867848102851,4.481848231855641,2.240590183045759
-29.66317147699134,4.4715262431331055,2.2035744388313088
-29.66317147699134,4.4715262431331055,2.2035744388313088
-29.66317147699134,4.4715262431331055,2.2035744388313088
-29.663266028256928,4.471133772646127,2.203694536989749
-29.663266028256928,4.471133772646127,2.203694536989749
-29.663266028256928,4.471133772646127,2.203694536989749
-29.663266028256928,4.471133772646127,2.203694536989749
-29.422529410004213,4.555564917365637,2.142559330821437
-29.422529410004213,4.555564917365637,2.142559330821437
-29.419284866346903,4.5622794389899415,2.143341866488122
-29.417177372642676,4.566634233378493,2.1438405092936517
-29.417177372642676,4.566634233378493,2.1438405092936517
-29.385450868781646,4.630950164326119,2.1510258753618317
-29.385450868781646,4.630950164326119,2.1510258753618317
-29.39751036366479,4.60676228298233,2.148373183199257
-29.39751036366479,4.60676228298233,2.148373183199257
-29.397029946133138,4.607731980414034,2.1484805312594313
-29.397029946133138,4.607731980414034,2.1484805312594313
-29.397029946133138,4.607731980414034,2.1484805312594313
-29.397147739502216,4.607499016458897,2.1484498605029025
-29.397147739502216,4.607499016458897,2.1484498605029025
-29.393862592628157,4.614111052068235,2.149185932644239
-29.393862592628157,4.614111052068235,2.149185932644239
-29.394649170243216,4.61253082909423,2.1490095869731225
-29.394649170243216,4.61253082909423,2.1490095869731225
-29.009539949221733,4.562741240449259,1.9982174586906614
-29.009539949221733,4.562741240449259,1.9982174586906614
-29.212825021262606,4.5685902570344314,2.070325758250092
-29.212825021262606,4.5685902570344314,2.070325758250092
-29.212825021262606,4.5685902570344314,2.070325758250092
-29.211819195135046,4.570368455839468,2.0707371439989894
-29.211819195135046,4.570368455839468,2.0707371439989894
-29.10745082218762,4.5865766903962175,2.022272766205082
-29.10745082218762,4.5865766903962175,2.022272766205082
-29.10745082218762,4.5865766903962175,2.022272766205082
-29.11027075517082,4.582632618350218,2.020280218680015
-29.113372708200167,4.5752520218689225,2.021013985653023
-29.113372708200167,4.5752520218689225,2.021013985653023
-29.113372708200167,4.5752520218689225,2.021013985653023
-29.113885106078328,4.576841568544598,2.0184167690056256
-29.113885106078328,4.576841568544598,2.0184167690056256
-29.020651989599052,4.6419932442908625,1.8937759856645051
-29.020651989599052,4.6419932442908625,1.8937759856645051
-29.159932798206796,4.577284833675138,1.9193322518011033
-29.159932798206796,4.577284833675138,1.9193322518011033
-29.15990231315465,4.577350819051162,1.9193322518011033
-29.15990231315465,4.577350819051162,1.9193322518011033
-29.15774176716262,4.5763926423315375,1.925094700947366
-29.15774176716262,4.5763926423315375,1.925094700947366
-29.130023107541668,4.579650775565121,1.9818365627233157
-29.130023107541668,4.579650775565121,1.9818365627233157
-29.03650990920779,4.58653768682776,1.918043487236441
-29.03650990920779,4.58653768682776,1.918043487236441
-29.0379727309114,4.582551338380794,1.9190064149590684
-29.0379727309114,4.582551338380794,1.9190064149590684
-29.0379727309114,4.582551338380794,1.9190064149590684
-29.03467747154649,4.600960102553917,1.907012555876461
-29.03467747154649,4.600960102553917,1.907012555876461
-29.03467747154649,4.600960102553917,1.907012555876461
-29.039860383425356,4.6363348601401455,1.8577150248216254
-29.039860383425356,4.6363348601401455,1.8577150248216254
-29.039860383425356,4.6363348601401455,1.8577150248216254
-29.05188162482732,4.674213681557209,1.787311517877326
-29.05188162482732,4.674213681557209,1.787311517877326
-29.000303828229203,4.830027992253572,1.7148696418665208
-29.000303828229203,4.830027992253572,1.7148696418665208
-28.99538057862933,4.640616056827546,1.9489716097342675
-28.99538057862933,4.640616056827546,1.9489716097342675
-28.996981649849907,4.640335806236338,1.9459221484308398
-28.996981649849907,4.640335806236338,1.9459221484308398
-29.147067618361657,4.617794043283387,1.9057743877156965
-29.147067618361657,4.617794043283387,1.9057743877156965
-29.01018145920023,4.685760876205908,1.8684736561943607
-29.01018145920023,4.685760876205908,1.8684736561943607
-29.444318137588446,4.763636375033242,1.8816851798761243
-29.444318137588446,4.763636375033242,1.8816851798761243
-29.450179842248655,4.677453010523714,1.9631025571274947
-29.450179842248655,4.677453010523714,1.9631025571274947
-29.162090876987506,4.613053392375252,1.8769922622632205
-29.162090876987506,4.613053392375252,1.8769922622632205
-29.162090876987506,4.613053392375252,1.8769922622632205
-29.05891425379119,4.652357796794258,1.7963160559888849
-29.05891425379119,4.652357796794258,1.7963160559888849
-29.148814253669,4.720952184568225,1.7854313765659109
-29.148814253669,4.720952184568225,1.7854313765659109
-29.150253872606175,4.722160089662896,1.780513811440145
-29.150253872606175,4.722160089662896,1.780513811440145
-29.4125154371848,4.927768722692843,1.7557732503710002
-29.4125154371848,4.927768722692843,1.7557732503710002
-29.422678277862733,4.912976138559177,1.749186331745806
-29.422678277862733,4.912976138559177,1.749186331745806
-29.422678277862733,4.912976138559177,1.749186331745806
-29.422678277862733,4.912976138559177,1.749186331745806
-29.417289115063358,4.911663371274594,1.7650767151349422
-29.417289115063358,4.911663371274594,1.7650767151349422
-29.415933284225023,4.911562086861254,1.7687392138970348
-29.415933284225023,4.911562086861254,1.7687392138970348
-29.479917026858843,4.800803503146244,1.745407319849773
-29.479917026858843,4.800803503146244,1.745407319849773
-29.478727852751135,4.8100253562696205,1.7366702719487002
-29.478727852751135,4.8100253562696205,1.7366702719487002
-29.47403726900412,4.813430351919051,1.7448435531006865
-29.47403726900412,4.813430351919051,1.7448435531006865
-29.47403726900412,4.813430351919051,1.7448435531006865
-29.464869692999002,4.833865553896004,1.7427312040489333
-29.464869692999002,4.833865553896004,1.7427312040489333
-29.483373429788607,4.816200550901016,1.715964997534137
-29.483373429788607,4.816200550901016,1.715964997534137
-29.483373429788607,4.816200550901016,1.715964997534137
-29.483373429788607,4.816200550901016,1.715964997534137
-29.574671377777616,4.854409103186592,1.735513797245553
-29.574671377777616,4.854409103186592,1.735513797245553
-29.574671377777616,4.854409103186592,1.735513797245553
-29.574671377777616,4.854409103186592,1.735513797245553
-29.58688446432118,4.8469283310313624,1.7115189690276296
-29.58688446432118,4.8469283310313624,1.7115189690276296
-29.59083659955762,4.845975778920664,1.7016540277620888
-29.59083659955762,4.845975778920664,1.7016540277620888
-29.59083659955762,4.845975778920664,1.7016540277620888
-29.59515016332851,4.874828370427851,1.649115258983445
-29.59515016332851,4.874828370427851,1.649115258983445
-29.605052249448338,4.856813303598365,1.6455330967270931
-29.605052249448338,4.856813303598365,1.6455330967270931
-29.702201221556198,4.89269520942551,1.6499998280416506
-29.702201221556198,4.89269520942551,1.6499998280416506
-29.702201221556198,4.89269520942551,1.6499998280416506
-29.704137918127604,4.892711030030615,1.6441304592440122
-29.704137918127604,4.892711030030615,1.6441304592440122
-29.705441541100797,4.893119440946931,1.639589005165971
-29.705441541100797,4.893119440946931,1.639589005165971
-29.705441541100797,4.893119440946931,1.639589005165971
-29.69954591229576,4.900182446940329,1.6472159083489033
-29.69954591229576,4.900182446940329,1.6472159083489033
-29.271232761454463,4.670134763309219,1.836063963592986
-29.271232761454463,4.670134763309219,1.836063963592986
-29.157368316800053,4.6851082530719905,1.8074531014535993
-29.157368316800053,4.6851082530719905,1.8074531014535993
-29.157368316800053,4.6851082530719905,1.8074531014535993
-29.035173974074763,4.707542908548572,1.78681662244743
-29.035173974074763,4.707542908548572,1.78681662244743
-29.0346719475765,4.7000115760746,1.7969251654512663
-29.0346719475765,4.7000115760746,1.7969251654512663
-29.0346719475765,4.7000115760746,1.7969251654512663
-29.026262870199695,4.704480436837743,1.8109822956917139
-28.997569393922724,4.772592836566721,1.7947895464656876
-28.997569393922724,4.772592836566721,1.7947895464656876
-28.997569393922724,4.772592836566721,1.7947895464656876
-29.01559066219865,4.760394903784127,1.7681374673142487
-29.01559066219865,4.760394903784127,1.7681374673142487
-29.01559066219865,4.760394903784127,1.7681374673142487
-29.01559066219865,4.760394903784127,1.7681374673142487
-29.01559066219865,4.760394903784127,1.7681374673142487
-29.02081068068518,4.773514093085518,1.7392880119277125
-29.02081068068518,4.773514093085518,1.7392880119277125
-29.02081068068518,4.773514093085518,1.7392880119277125
-29.031396194542264,4.765385445893326,1.7242292828909629
-29.031396194542264,4.765385445893326,1.7242292828909629
-29.031396194542264,4.765385445893326,1.7242292828909629
-29.031396194542264,4.765385445893326,1.7242292828909629
-29.118498642101386,4.846548940891466,1.6993608682975494
-29.118498642101386,4.846548940891466,1.6993608682975494
-29.11680982858019,4.889388573582808,1.643784807068397
-29.11680982858019,4.889388573582808,1.643784807068397
-29.11680982858019,4.889388573582808,1.643784807068397
-29.120313404341335,4.886130073876023,1.6393006615708048
-29.120313404341335,4.886130073876023,1.6393006615708048
-29.120313404341335,4.886130073876023,1.6393006615708048
-29.14722345941047,4.742263157198927,1.7633003656203656
-29.14722345941047,4.742263157198927,1.7633003656203656
-29.14722345941047,4.742263157198927,1.7633003656203656
-29.14722345941047,4.742263157198927,1.7633003656203656
-29.14722345941047,4.742263157198927,1.7633003656203656
-29.456101666763903,4.870861459624512,1.7169834964650552
-29.456101666763903,4.870861459624512,1.7169834964650552
-29.456101666763903,4.870861459624512,1.7169834964650552
-29.456101666763903,4.870861459624512,1.7169834964650552
-29.455273760661946,4.866756793710405,1.7247788907344055
-29.455273760661946,4.866756793710405,1.7247788907344055
-29.455273760661946,4.866756793710405,1.7247788907344055
-29.45801527398191,4.876877727894481,1.7035460361136852
-29.45801527398191,4.876877727894481,1.7035460361136852
-29.45801527398191,4.876877727894481,1.7035460361136852
-29.45801527398191,4.876877727894481,1.7035460361136852
-29.5720415822603,4.9121266981035925,1.66314138902614
-29.5720415822603,4.9121266981035925,1.66314138902614
-29.574124351513234,4.9165839738994075,1.6506443744167818
-29.574124351513234,4.9165839738994075,1.6506443744167818
-29.574124351513234,4.9165839738994075,1.6506443744167818
-29.565161402442193,4.931453391235882,1.6551163628147507
-29.553963974512193,4.958867274319896,1.647348817841806
-29.553963974512193,4.958867274319896,1.647348817841806
-29.553963974512193,4.958867274319896,1.647348817841806
-29.545153590868587,4.97935298095439,1.6424082451318387
-29.545153590868587,4.97935298095439,1.6424082451318387
-29.55389462487697,4.987469481758874,1.604122840026203
-31.02047715432231,5.773395302070317,1.9687883215787658
-31.02047715432231,5.773395302070317,1.9687883215787658
-31.02047715432231,5.773395302070317,1.9687883215787658
-31.020350311546014,5.769597769358821,1.9755502287212652
-31.020350311546014,5.769597769358821,1.9755502287212652
-31.020350311546014,5.769597769358821,1.9755502287212652
-31.020350311546014,5.769597769358821,1.9755502287212652
-26.40631639105768,3.3885407228509705,0.4865295757331738
-26.40631639105768,3.3885407228509705,0.4865295757331738
-26.40631639105768,3.3885407228509705,0.4865295757331738
-26.40631639105768,3.3885407228509705,0.4865295757331738
-26.40631639105768,3.3885407228509705,0.4865295757331738
-26.408550075810695,3.3873576903439293,0.48043659463571353
-26.408550075810695,3.3873576903439293,0.48043659463571353
-26.408550075810695,3.3873576903439293,0.48043659463571353
-26.42816212669028,3.369751975876694,0.43638701358475257
-26.42816212669028,3.369751975876694,0.43638701358475257
-26.42816212669028,3.369751975876694,0.43638701358475257
-26.338098711752462,3.3347131233700082,0.4058065905862533
-26.338098711752462,3.3347131233700082,0.4058065905862533
-26.338098711752462,3.3347131233700082,0.4058065905862533
-26.42557163041186,3.3788678506969623,0.42602916549453407
-26.42557163041186,3.3788678506969623,0.42602916549453407
-26.42557163041186,3.3788678506969623,0.42602916549453407
-26.425741595774177,3.3782238267294122,0.4268558465040675
-26.425741595774177,3.3782238267294122,0.4268558465040675
-26.425741595774177,3.3782238267294122,0.4268558465040675
-26.427658132703545,3.374020880734534,0.428195632256585
-26.427658132703545,3.374020880734534,0.428195632256585
-26.4278845021891,3.3735903613548897,0.4281791442519274
-26.4278845021891,3.3735903613548897,0.4281791442519274
-26.4278845021891,3.3735903613548897,0.4281791442519274
-26.344008356250875,3.3279855415197277,0.39327590502742066
-26.344008356250875,3.3279855415197277,0.39327590502742066
-26.34337102225214,3.328765064014646,0.3945412488605812
-26.34337102225214,3.328765064014646,0.3945412488605812
-26.34337102225214,3.328765064014646,0.3945412488605812
-26.34366972334984,3.327761977616207,0.3957116637376499
-26.34366972334984,3.327761977616207,0.3957116637376499
-26.34366972334984,3.327761977616207,0.3957116637376499
-26.3443381060329,3.326919592717731,0.3944560162900325
-26.3443381060329,3.326919592717731,0.3944560162900325
-26.3443381060329,3.326919592717731,0.3944560162900325
-26.347226120397565,3.324561445435708,0.3851799976280541
-26.347226120397565,3.324561445435708,0.3851799976280541
-26.348119215036583,3.3244929597492656,0.38023170944608786
-26.348119215036583,3.3244929597492656,0.38023170944608786
-26.348119215036583,3.3244929597492656,0.38023170944608786
-26.347883915160754,3.3252678876963384,0.37929213105684223
-26.347883915160754,3.3252678876963384,0.37929213105684223
-26.347883915160754,3.3252678876963384,0.37929213105684223
-26.349444081746746,3.3243088500688347,0.3728541788900834
-26.108251574342916,3.1251981792829095,0.3623206743871158
-26.108251574342916,3.1251981792829095,0.3623206743871158
-26.108251574342916,3.1251981792829095,0.3623206743871158
-26.116057062024264,3.1132258418665706,0.34606979890265754
-26.116057062024264,3.1132258418665706,0.34606979890265754
-26.116512583044994,3.1140679102777944,0.34162311418837377
-26.116512583044994,3.1140679102777944,0.34162311418837377
-26.116512583044994,3.1140679102777944,0.34162311418837377
-26.116512583044994,3.1140679102777944,0.34162311418837377
-26.116818194107744,3.1134778681853623,0.34116264250434414
-26.116818194107744,3.1134778681853623,0.34116264250434414
-26.116818194107744,3.1134778681853623,0.34116264250434414
-26.11622525522413,3.1149973128561688,0.34121227625114997
-26.11622525522413,3.1149973128561688,0.34121227625114997
-26.025327495689822,3.080483274231026,0.3154894255426292
-26.025327495689822,3.080483274231026,0.3154894255426292
-26.025327495689822,3.080483274231026,0.3154894255426292
-26.025090416776287,3.0801609805720167,0.3177823670757725
-26.025090416776287,3.0801609805720167,0.3177823670757725
-26.025090416776287,3.0801609805720167,0.3177823670757725
-26.116681660143403,3.118674592533453,0.32970638566454596
-26.116681660143403,3.118674592533453,0.32970638566454596
-26.116681660143403,3.118674592533453,0.32970638566454596
-26.027237993197012,3.080090312714794,0.3034754570243286
-26.027237993197012,3.080090312714794,0.3034754570243286
-26.027237993197012,3.080090312714794,0.3034754570243286
-26.026692938443887,3.0812152243904403,0.3042812954156944
-26.026692938443887,3.0812152243904403,0.3042812954156944
-26.11437331074177,3.1254842955930777,0.3272006591339554
-26.11437331074177,3.1254842955930777,0.3272006591339554
-26.467974804332755,3.281408277324424,0.44160688962119654
-26.467974804332755,3.281408277324424,0.44160688962119654
-26.467974804332755,3.281408277324424,0.44160688962119654
-26.50922574345691,3.385690971606738,0.5388685065125431
-26.50922574345691,3.385690971606738,0.5388685065125431
-26.50922574345691,3.385690971606738,0.5388685065125431
-29.51392668796275,5.085484910421835,1.5675451962612732
-28.44242965670174,5.048982133127667,1.7977391211986073
-28.44242965670174,5.048982133127667,1.7977391211986073
-28.44242965670174,5.048982133127667,1.7977391211986073
-28.44242965670174,5.048982133127667,1.7977391211986073
-28.41745603420396,5.082382509548643,1.7987094131602812
-28.41745603420396,5.082382509548643,1.7987094131602812
-28.41858234190365,5.226492810777975,1.8464116635508585
-28.41858234190365,5.226492810777975,1.8464116635508585
-28.414038430763373,5.23516430133844,1.84210797481152
-28.414038430763373,5.23516430133844,1.84210797481152
-28.414038430763373,5.23516430133844,1.84210797481152
-28.414038430763373,5.23516430133844,1.84210797481152
-28.408070941409928,5.273010751921124,1.7962182165159795
-28.408070941409928,5.273010751921124,1.7962182165159795
-28.408070941409928,5.273010751921124,1.7962182165159795
-28.411759333711707,5.275172774106821,1.7857749706778514
-28.411759333711707,5.275172774106821,1.7857749706778514
-28.37003330681227,5.235618197522944,1.657409930721859
-28.37003330681227,5.235618197522944,1.657409930721859
-28.372064181570234,5.230652784578611,1.6614615556140193
-28.372064181570234,5.230652784578611,1.6614615556140193
-28.415154513315237,5.366673678338294,1.6260584004220913
-28.415154513315237,5.366673678338294,1.6260584004220913
-28.415154513315237,5.366673678338294,1.6260584004220913
-28.41634492022899,5.3651672023384345,1.6262033864708882
-28.41634492022899,5.3651672023384345,1.6262033864708882
-28.427967511751586,5.200397435538943,1.5929882948910734
-28.457237147726378,5.332568950238846,1.5954450145861443
-28.457237147726378,5.332568950238846,1.5954450145861443
-28.457237147726378,5.332568950238846,1.5954450145861443
-28.505031341036783,5.1536582321381115,1.4965623113278272
-28.505031341036783,5.1536582321381115,1.4965623113278272
-28.505031341036783,5.1536582321381115,1.4965623113278272
-28.463369464223316,5.332381921519364,1.5820342830540917
-28.463369464223316,5.332381921519364,1.5820342830540917
-28.81303504911839,5.884901702869827,1.9149211727858821
-28.544050122506547,5.6208726370016215,1.779556552656076
-28.544050122506547,5.6208726370016215,1.779556552656076
-28.544050122506547,5.6208726370016215,1.779556552656076
-28.47738466509961,5.553978143208607,1.746079078292121
-28.47738466509961,5.553978143208607,1.746079078292121
-28.47738466509961,5.553978143208607,1.746079078292121
-28.44866584408196,5.466775625603169,1.6705836033520718
-28.44866584408196,5.466775625603169,1.6705836033520718
-28.44866584408196,5.466775625603169,1.6705836033520718
-28.44672560978384,5.468460066508754,1.671621624840278
-28.44672560978384,5.468460066508754,1.671621624840278
-28.47715010037738,5.349886528151561,1.517202868808366
-28.47715010037738,5.349886528151561,1.517202868808366
-28.47715010037738,5.349886528151561,1.517202868808366
-28.48046785721108,5.203904527622273,1.4637619076973911
-28.48046785721108,5.203904527622273,1.4637619076973911
-28.48041403602192,5.204258151120031,1.4632234537207267
-28.476189261928106,5.209238162783899,1.4642321835163783
-28.476189261928106,5.209238162783899,1.4642321835163783
-28.476189261928106,5.209238162783899,1.4642321835163783
-28.52439012971761,5.153149947838872,1.4492562920050478
-28.52439012971761,5.153149947838872,1.4492562920050478
-28.699077503174376,5.111030254964637,1.4057678225107093
-28.699077503174376,5.111030254964637,1.4057678225107093
-28.699077503174376,5.111030254964637,1.4057678225107093
-28.681344860592134,5.128595642875997,1.4212027757930221
-28.681344860592134,5.128595642875997,1.4212027757930221
-28.696866072711053,5.304287430623024,1.3828487998223815
-28.696866072711053,5.304287430623024,1.3828487998223815
-28.720319776622674,5.275062760376031,1.3775102537346593
-28.720319776622674,5.275062760376031,1.3775102537346593
-28.720319776622674,5.275062760376031,1.3775102537346593
-25.76538036034408,3.128195402360468,0.3259253204981432
-25.76538036034408,3.128195402360468,0.3259253204981432
-25.76538036034408,3.128195402360468,0.3259253204981432
-25.76614025033853,3.1270080283622828,0.32645361419320884
-25.76614025033853,3.1270080283622828,0.32645361419320884
-25.766341222171214,3.127431131942294,0.32461891469104676
-25.766341222171214,3.127431131942294,0.32461891469104676
-25.766341222171214,3.127431131942294,0.32461891469104676
-25.69187125586012,3.066862044251874,0.29514623898432646
-25.69187125586012,3.066862044251874,0.29514623898432646
-25.69187125586012,3.066862044251874,0.29514623898432646
-25.69187125586012,3.066862044251874,0.29514623898432646
-26.372638691052604,3.47806008972966,0.3991732025838062
-26.372638691052604,3.47806008972966,0.3991732025838062
-26.480456292057948,3.44342687696656,0.5338407637978094
-26.480456292057948,3.44342687696656,0.5338407637978094
-26.480456292057948,3.44342687696656,0.5338407637978094
-26.05401982566944,2.955765888249561,0.3526318559234349
-26.05401982566944,2.955765888249561,0.3526318559234349
-26.053799543180542,2.958719610641768,0.35098808623367994
-26.053799543180542,2.958719610641768,0.35098808623367994
-26.053799543180542,2.958719610641768,0.35098808623367994
-26.050780771860403,2.978271415741199,0.3460293268235191
-26.04987053639502,2.9812599210917705,0.34728196405096146
-26.04987053639502,2.9812599210917705,0.34728196405096146
-26.043865464501504,2.9999036120980214,0.35482072134431564
-26.043865464501504,2.9999036120980214,0.35482072134431564
-26.044968253708724,3.006724099835421,0.3404376047510417
-26.044968253708724,3.006724099835421,0.3404376047510417
-26.044968253708724,3.006724099835421,0.3404376047510417
-26.04571745584628,3.0051001373247583,0.3387197351668398
-26.04571745584628,3.0051001373247583,0.3387197351668398
-26.046222482795304,3.004271153995199,0.33715747545644414
-26.046222482795304,3.004271153995199,0.33715747545644414
-26.046222482795304,3.004271153995199,0.33715747545644414
-26.048531081309324,2.992995953424099,0.33999649059483744
-26.048531081309324,2.992995953424099,0.33999649059483744
-26.048531081309324,2.992995953424099,0.33999649059483744
-26.04223280869441,3.019622024525798,0.33609155430756465
-26.04223280869441,3.019622024525798,0.33609155430756465
-26.041812488930315,3.0208007718992906,0.33654514778983474
-26.041812488930315,3.0208007718992906,0.33654514778983474
-26.118506779694396,3.084943831723124,0.3844927732528697
-26.118506779694396,3.084943831723124,0.3844927732528697
-26.118291869277,3.1011975354800274,0.35827593591884
-26.118291869277,3.1011975354800274,0.35827593591884
-26.454264741506844,3.29636387616058,0.47441001478288786
-26.454264741506844,3.29636387616058,0.47441001478288786
-26.374487827701163,3.2561526135496126,0.4107619418787612
-26.374487827701163,3.2561526135496126,0.4107619418787612
-26.374487827701163,3.2561526135496126,0.4107619418787612
-26.374337608686034,3.2564890245708473,0.41079405711461564
-26.374506248000174,3.2574184680554397,0.4078954379835372
-26.374506248000174,3.2574184680554397,0.4078954379835372
-26.374506248000174,3.2574184680554397,0.4078954379835372
-26.35500920712921,3.306325843409649,0.39251051933036774
-26.106963795330387,3.1493151112351416,0.3088997766681506
-26.106963795330387,3.1493151112351416,0.3088997766681506
-26.105560020536192,3.150449902663941,0.31565023060198644
-26.105560020536192,3.150449902663941,0.31565023060198644
-26.372697099836806,3.283398124468197,0.3491131608052122
-26.372697099836806,3.283398124468197,0.3491131608052122
-26.372697099836806,3.283398124468197,0.3491131608052122
-26.358484900418766,3.313332401101054,0.34924463839245823
-26.34951635580964,3.3340917047842367,0.33764065093923057
-26.34951635580964,3.3340917047842367,0.33764065093923057
-26.34951635580964,3.3340917047842367,0.33764065093923057
-26.315979843191457,3.389684015413991,0.3561434745263307
-26.370989252438918,3.4743569958459433,0.41985364551214444
-26.370989252438918,3.4743569958459433,0.41985364551214444
-26.37086499720176,3.474731511076165,0.4192778833462228
-26.37086499720176,3.474731511076165,0.4192778833462228
-26.37086499720176,3.474731511076165,0.4192778833462228
-26.346009165604293,3.5027794564015524,0.4462510405506784
-26.346009165604293,3.5027794564015524,0.4462510405506784
-26.346009165604293,3.5027794564015524,0.4462510405506784
-26.34815253571971,3.5007512056732883,0.44314916699691725
-26.372354400209783,3.47937483754532,0.39605795185758563
-26.372354400209783,3.47937483754532,0.39605795185758563
-26.371188528934397,3.4805020071640134,0.3983888166095448
-26.371188528934397,3.4805020071640134,0.3983888166095448
-26.371188528934397,3.4805020071640134,0.3983888166095448
-26.358491578861667,3.492653699959295,0.4216569721379068
-26.358491578861667,3.492653699959295,0.4216569721379068
-26.386574897948343,3.455072617862529,0.40280639678200675
-26.386574897948343,3.455072617862529,0.40280639678200675
-26.361311686657267,3.4904424981043896,0.41525445774321534
-26.361311686657267,3.4904424981043896,0.41525445774321534
-26.373411808309022,3.473367591501945,0.4110386254648056
-26.373411808309022,3.473367591501945,0.4110386254648056
-26.373411808309022,3.473367591501945,0.4110386254648056
-26.367893085500445,3.4777661829978914,0.42403109844932235
-26.367893085500445,3.4777661829978914,0.42403109844932235
-26.429532440539518,3.5515966207583887,0.4738146979864913
-26.429532440539518,3.5515966207583887,0.4738146979864913
-25.78795371269079,3.1071523911845174,0.29535152315335766
-25.78795371269079,3.1071523911845174,0.29535152315335766
-25.791897001264015,3.104961662384515,0.28156521073406143
-25.788305461298165,3.1063726669061955,0.2962333158492264
-25.788305461298165,3.1063726669061955,0.2962333158492264
-26.317849071708547,3.3840670379793893,0.3655321370502961
-26.317849071708547,3.3840670379793893,0.3655321370502961
-26.317849071708547,3.3840670379793893,0.3655321370502961
-26.37481719560228,3.4623035753039213,0.43798204133086527
-25.77775543764155,3.117781885078098,0.30822748926815674
-25.77775543764155,3.117781885078098,0.30822748926815674
-25.77775543764155,3.117781885078098,0.30822748926815674
-25.77775543764155,3.117781885078098,0.30822748926815674
-26.378192599280165,3.4681486551797365,0.40364616759437644
-26.378192599280165,3.4681486551797365,0.40364616759437644
-26.36555172134695,3.4723873789045503,0.45002702946329
-26.36555172134695,3.4723873789045503,0.45002702946329
-26.44294377674837,3.5192876515248983,0.5051032141684884
-26.44294377674837,3.5192876515248983,0.5051032141684884
-26.44294377674837,3.5192876515248983,0.5051032141684884
-26.36897515832933,3.4652167069982003,0.4550462805595206
-26.435133652433198,3.5244182802060884,0.5209637894073001
-26.435133652433198,3.5244182802060884,0.5209637894073001
-26.435133652433198,3.5244182802060884,0.5209637894073001
-26.435133652433198,3.5244182802060884,0.5209637894073001
-26.36538902455786,3.4840284226694376,0.4162435000460909
-26.36538902455786,3.4840284226694376,0.4162435000460909
-26.375051594701564,3.4616262407408267,0.4388503881062381
-26.375051594701564,3.4616262407408267,0.4388503881062381
-26.104928595585015,3.1516942540402213,0.31624026110926584
-26.104928595585015,3.1516942540402213,0.31624026110926584
-26.369220975433258,3.287892026300303,0.3591758944927909
-26.36924092727149,3.2877838438736084,0.3593814421404755
-26.36924092727149,3.2877838438736084,0.3593814421404755
-26.36924092727149,3.2877838438736084,0.3593814421404755
-26.369050021165407,3.2884693053802065,0.3585173462149476
-26.369050021165407,3.2884693053802065,0.3585173462149476
-26.45754639348882,3.3068210631534325,0.4394881957521023
-26.45754639348882,3.3068210631534325,0.4394881957521023
-26.45755790880026,3.3068396423608504,0.43939355747952014
-26.45755790880026,3.3068396423608504,0.43939355747952014
-26.365823087221376,3.2780256452318,0.4058009185365708
-26.365823087221376,3.2780256452318,0.4058009185365708
-26.365823087221376,3.2780256452318,0.4058009185365708
-26.441454329335002,3.339923396551212,0.4435130874777753
-26.441454329335002,3.339923396551212,0.4435130874777753
-26.45656970850507,3.3086654755837728,0.44025553515222515
-26.45656970850507,3.3086654755837728,0.44025553515222515
-26.42688036506756,3.360568918946546,0.4629982741065058
-26.42688036506756,3.360568918946546,0.4629982741065058
-26.42688036506756,3.360568918946546,0.4629982741065058
-26.43942063745079,3.331776025746711,0.4694675410202746
-26.43942063745079,3.331776025746711,0.4694675410202746
-26.43942063745079,3.331776025746711,0.4694675410202746
-26.42436772892602,3.3469678532513942,0.49955800585870136
-26.42436772892602,3.3469678532513942,0.49955800585870136
-26.42436772892602,3.3469678532513942,0.49955800585870136
-26.42264134241062,3.3579239956835063,0.48546663742201157
-26.480816248029413,3.440739798933378,0.5377235910009576
-26.480816248029413,3.440739798933378,0.5377235910009576
-26.480816248029413,3.440739798933378,0.5377235910009576
-26.481586477196537,3.4408848247727,0.5348084576027803
-26.481586477196537,3.4408848247727,0.5348084576027803
-26.483032308484244,3.4385780760149665,0.534214667833848
-26.483032308484244,3.4385780760149665,0.534214667833848
-26.483032308484244,3.4385780760149665,0.534214667833848
-26.40382710849505,3.3897479936500767,0.4933588019626712
-26.40382710849505,3.3897479936500767,0.4933588019626712
-26.40382710849505,3.3897479936500767,0.4933588019626712
-26.404228344498918,3.3889551258709902,0.49347288187498656
-26.405766288227305,3.3891378617093437,0.4873801725506484
-26.405766288227305,3.3891378617093437,0.4873801725506484
-26.405766288227305,3.3891378617093437,0.4873801725506484
-26.397854301065383,3.410389724749226,0.47227483827752653
-26.397854301065383,3.410389724749226,0.47227483827752653
-26.483335364872723,3.4424950917957373,0.5255725765280101
-26.483335364872723,3.4424950917957373,0.5255725765280101
-26.480501836114165,3.452287571233145,0.5160485532298815
-26.480501836114165,3.452287571233145,0.5160485532298815
-26.48035911042583,3.4494704755862564,0.5223043095324664
-26.48035911042583,3.4494704755862564,0.5223043095324664
-26.48035911042583,3.4494704755862564,0.5223043095324664
-26.403866425953186,3.3919180957295225,0.4888138251435549
-26.403866425953186,3.3919180957295225,0.4888138251435549
-26.411783198095367,3.377627340013276,0.4879940627935179
-26.411783198095367,3.377627340013276,0.4879940627935179
-26.410940706999085,3.3790318022569394,0.4883611372164813
-26.410940706999085,3.3790318022569394,0.4883611372164813
-26.410940706999085,3.3790318022569394,0.4883611372164813
-26.49707897980921,3.417405324681524,0.524823460467064
-26.418729834632344,3.366336170649645,0.4839952923301013
-26.418729834632344,3.366336170649645,0.4839952923301013
-26.41860067158456,3.3665313550076554,0.4841055049586732
-26.41860067158456,3.3665313550076554,0.4841055049586732
-26.416875250065903,3.365444624757515,0.49277817547793734
-26.416875250065903,3.365444624757515,0.49277817547793734
-26.416875250065903,3.365444624757515,0.49277817547793734
-26.415777043246553,3.3661041763184647,0.49559102377758957
-26.415777043246553,3.3661041763184647,0.49559102377758957
-26.42814118739705,3.3558424811936947,0.4676743617442988
-26.42814118739705,3.3558424811936947,0.4676743617442988
-26.42223425051118,3.365435681900386,0.4719638981949356
-26.42223425051118,3.365435681900386,0.4719638981949356
-26.42429035858765,3.358695480853412,0.4774844604796591
-26.42429035858765,3.358695480853412,0.4774844604796591
-26.42368917767677,3.3581926499060284,0.48086344207119236
-26.42368917767677,3.3581926499060284,0.48086344207119236
-26.431653089630036,3.338757531215862,0.4872292378386818
-26.431653089630036,3.338757531215862,0.4872292378386818
-26.426907371281356,3.3467651429543883,0.4904488679600619
-26.426907371281356,3.3467651429543883,0.4904488679600619
-26.424827477558395,3.363407187963705,0.4655651872419717
-26.424827477558395,3.363407187963705,0.4655651872419717
-26.421092642940504,3.371806740560225,0.4631130219173928
-26.421092642940504,3.371806740560225,0.4631130219173928
-26.421092642940504,3.371806740560225,0.4631130219173928
-26.417931849286738,3.3680995051917693,0.4835605414272776
-26.43673613461224,3.347816525749776,0.44762776714767644
-26.43673613461224,3.347816525749776,0.44762776714767644
-26.43673613461224,3.347816525749776,0.44762776714767644
-26.42215020033094,3.3495482021232172,0.502976857187553
-26.42215020033094,3.3495482021232172,0.502976857187553
-26.434591832782452,3.335987776261041,0.4809410468932409
-26.434591832782452,3.335987776261041,0.4809410468932409
-26.434606075050652,3.3363682555656053,0.4801608609890356
-26.434606075050652,3.3363682555656053,0.4801608609890356
-26.43186003660226,3.339809254633159,0.4844524550143611
-26.43186003660226,3.339809254633159,0.4844524550143611
-26.431559002398128,3.340130597393164,0.4850197692257633
-26.431559002398128,3.340130597393164,0.4850197692257633
-26.50797176303714,3.3923783464285573,0.5316363597807154
-26.50797176303714,3.3923783464285573,0.5316363597807154
-26.43149063414253,3.3331173750161653,0.49809900941186097
-26.43149063414253,3.3331173750161653,0.49809900941186097
-26.42982354514284,3.3359424434128164,0.4992589173361671
-26.42982354514284,3.3359424434128164,0.4992589173361671
-26.429824600281368,3.3360513287971045,0.49906154934636177
-26.429824600281368,3.3360513287971045,0.49906154934636177
-26.51402188537651,3.361569706454367,0.5617158396293748
-26.51402188537651,3.361569706454367,0.5617158396293748
-26.51984685124169,3.356451347255785,0.5502194672831697
-26.51984685124169,3.356451347255785,0.5502194672831697
-26.436683503586064,3.3175711301291506,0.5058040261347149
-26.436683503586064,3.3175711301291506,0.5058040261347149
-26.436432986941433,3.3179545794360146,0.5060722236185742
-26.436432986941433,3.3179545794360146,0.5060722236185742
-26.437050775235043,3.318996157754726,0.5020578132121133
-26.437050775235043,3.318996157754726,0.5020578132121133
-26.437050775235043,3.318996157754726,0.5020578132121133
-26.443895786598397,3.3232521442550502,0.4674204848498242
-26.443895786598397,3.3232521442550502,0.4674204848498242
-26.444294474937745,3.322601836042939,0.46700688586225975
-26.44367236927321,3.3020671362016913,0.5058527904630429
-26.44367236927321,3.3020671362016913,0.5058527904630429
-26.44367236927321,3.3020671362016913,0.5058527904630429
-26.43386616598085,3.3245688261052737,0.5042311032203994
-26.43386616598085,3.3245688261052737,0.5042311032203994
-26.43460996147468,3.3229129644155533,0.5043408592038574
-26.43460996147468,3.3229129644155533,0.5043408592038574
-26.433706976051198,3.3263670996265646,0.5017263441653831
-26.433706976051198,3.3263670996265646,0.5017263441653831
-26.43462579617984,3.3247808459913117,0.5010836754609489
-26.43462579617984,3.3247808459913117,0.5010836754609489
-26.443239001057,3.3200833704730424,0.47619275846032305
-26.4446836664685,3.315530573150898,0.47877992897240895
-26.4446836664685,3.315530573150898,0.47877992897240895
-26.4446836664685,3.315530573150898,0.47877992897240895
-26.445300929225866,3.3143770230102967,0.47840399027064284
-26.448787340004397,3.308077333440263,0.4757532619213981
-26.448787340004397,3.308077333440263,0.4757532619213981
-26.448787340004397,3.308077333440263,0.4757532619213981
-26.448787340004397,3.308077333440263,0.4757532619213981
-26.44938359251394,3.3069867353819395,0.47530146205920804
-26.447157577675316,3.304850762928009,0.48802057462800735
-26.447157577675316,3.304850762928009,0.48802057462800735
-26.447157577675316,3.304850762928009,0.48802057462800735
-26.440313340302048,3.3144876006642923,0.4976207200526076
-26.440313340302048,3.3144876006642923,0.4976207200526076
-26.440313340302048,3.3144876006642923,0.4976207200526076
-26.443071233914736,3.314413558739094,0.4871966027086687
-26.443071233914736,3.314413558739094,0.4871966027086687
-26.445157650529975,3.3126685406555763,0.4820866027123358
-26.445157650529975,3.3126685406555763,0.4820866027123358
-26.44647215021745,3.311603682473921,0.4787390673883601
-26.44647215021745,3.311603682473921,0.4787390673883601
-26.44647215021745,3.311603682473921,0.4787390673883601
-26.448467007577147,3.3077754549774796,0.47761116088999483
-26.448467007577147,3.3077754549774796,0.47761116088999483
-26.44838020572539,3.307486135225322,0.4784877615762365
-26.44838020572539,3.307486135225322,0.4784877615762365
-26.527133165823567,3.3495283134337703,0.5358375247602469
-26.527133165823567,3.3495283134337703,0.5358375247602469
-26.431338995611902,3.3329141839568366,0.4990208539020019
-26.431338995611902,3.3329141839568366,0.4990208539020019
-26.43204101788253,3.332507215069672,0.49713424079092017
-26.43204101788253,3.332507215069672,0.49713424079092017
-26.43225514557489,3.3326228188445723,0.49612855897621555
-26.43225514557489,3.3326228188445723,0.49612855897621555
-26.43225514557489,3.3326228188445723,0.49612855897621555
-26.43225514557489,3.3326228188445723,0.49612855897621555
-26.43453317932886,3.3300293037540984,0.49218117899299585
-26.43453317932886,3.3300293037540984,0.49218117899299585
-26.4392150105124,3.320392578195539,0.49151074494218383
-26.4392150105124,3.320392578195539,0.49151074494218383
-26.4392150105124,3.320392578195539,0.49151074494218383
-26.438044721840402,3.32501688712199,0.4877432130919995
-26.438044721840402,3.32501688712199,0.4877432130919995
-26.428114174687497,3.336398995297049,0.5047026292259551
-26.428114174687497,3.336398995297049,0.5047026292259551
-26.428114174687497,3.336398995297049,0.5047026292259551
-26.428114174687497,3.336398995297049,0.5047026292259551
-26.441313270202368,3.3215554904166282,0.48121469665594585
-26.424471572116286,3.346284038664956,0.5004144753126527
-26.424471572116286,3.346284038664956,0.5004144753126527
-26.446519707069584,3.319589751357182,0.4634326640196684
-26.446519707069584,3.319589751357182,0.4634326640196684
-26.446519707069584,3.319589751357182,0.4634326640196684
-26.446519707069584,3.319589751357182,0.4634326640196684
-26.332307549232652,3.355079773297809,0.37793094840182123
-26.332307549232652,3.355079773297809,0.37793094840182123
-26.346274719743032,3.3484110200544412,0.29696440191225676
-26.346274719743032,3.3484110200544412,0.29696440191225676
-26.33984668741236,3.3621763056475817,0.2833540432339221
-26.33984668741236,3.3621763056475817,0.2833540432339221
-26.33984668741236,3.3621763056475817,0.2833540432339221
-26.33984668741236,3.3621763056475817,0.2833540432339221
-26.34109999467609,3.3607054123160305,0.2768668008427782
-26.34109999467609,3.3607054123160305,0.2768668008427782
-26.341675309592134,3.359849276646063,0.275233620138047
-26.341675309592134,3.359849276646063,0.275233620138047
-26.34321110897017,3.3578422649049977,0.26785202213219445
-26.34321110897017,3.3578422649049977,0.26785202213219445
-26.348302821789098,3.3462914183958343,0.285622587062149
-26.348302821789098,3.3462914183958343,0.285622587062149
-26.348302821789098,3.3462914183958343,0.285622587062149
-26.348302821789098,3.3462914183958343,0.285622587062149
-26.34916594719262,3.3452246641302805,0.2814454801111015
-26.34916594719262,3.3452246641302805,0.2814454801111015
-26.337228673241952,3.365198301874543,0.2954212400106687
-26.337228673241952,3.365198301874543,0.2954212400106687
-26.337228673241952,3.365198301874543,0.2954212400106687
-26.337228673241952,3.365198301874543,0.2954212400106687
-26.338675151564164,3.3632156772608597,0.29123514503195125
-26.338675151564164,3.3632156772608597,0.29123514503195125
-26.338580593029466,3.363445769773733,0.29081762245580894
-26.338580593029466,3.363445769773733,0.29081762245580894
-26.33480649816733,3.3692332652127264,0.2972898620369832
-26.33480649816733,3.3692332652127264,0.2972898620369832
-26.33875548574253,3.360402869851819,0.3079378025153332
-26.33875548574253,3.360402869851819,0.3079378025153332
-26.338276854451458,3.361417011180233,0.307090333109677
-26.338276854451458,3.361417011180233,0.307090333109677
-26.338276854451458,3.361417011180233,0.307090333109677
-26.33650085153226,3.363874565863417,0.3112659194918641
-26.33650085153226,3.363874565863417,0.3112659194918641
-26.335625389773426,3.363417532121299,0.3218849215546166
-26.335625389773426,3.363417532121299,0.3218849215546166
-26.3306830506954,3.371663187068542,0.32453670484948544
-26.3306830506954,3.371663187068542,0.32453670484948544
-26.323303568968164,3.390587797177978,0.2869023420471655
-26.323303568968164,3.390587797177978,0.2869023420471655
-26.323303568968164,3.390587797177978,0.2869023420471655
-26.323303568968164,3.390587797177978,0.2869023420471655
-26.32648336853405,3.384573459913331,0.29150327296174416
-26.32648336853405,3.384573459913331,0.29150327296174416
-26.340180646215053,3.35913665600643,0.3001133991340311
-26.340180646215053,3.35913665600643,0.3001133991340311
-26.359389289422946,3.3165518880062552,0.3296340231825049
-26.359389289422946,3.3165518880062552,0.3296340231825049
-26.024451546897158,3.0880452033848202,0.3010281311877195
-26.024451546897158,3.0880452033848202,0.3010281311877195
-26.024451546897158,3.0880452033848202,0.3010281311877195
-26.11240237832545,3.132998899416366,0.31987614627355465
-26.105448941797672,3.1466538742010557,0.32769139000177905
-26.105448941797672,3.1466538742010557,0.32769139000177905
-26.025694788429885,3.086758953702866,0.2953633484601104
-26.025694788429885,3.086758953702866,0.2953633484601104
-26.025694788429885,3.086758953702866,0.2953633484601104
-26.025928441159223,3.086023978414416,0.2958196455648297
-26.025928441159223,3.086023978414416,0.2958196455648297
-26.02621968998413,3.0786202328333476,0.31436007395353094
-26.02621968998413,3.0786202328333476,0.31436007395353094
-26.115356005798777,3.127339518204164,0.3152582311236425
-26.115356005798777,3.127339518204164,0.3152582311236425
-26.112543685731623,3.13326085483321,0.3181221649676134
-26.112543685731623,3.13326085483321,0.3181221649676134
-26.111947990994818,3.1345621724881645,0.31852782704081406
-26.11084453981281,3.136531794753965,0.32050728806952977
-26.11084453981281,3.136531794753965,0.32050728806952977
-26.10944948201242,3.13826138940208,0.32503540128428654
-26.10944948201242,3.13826138940208,0.32503540128428654
-26.10807063197045,3.1455701337171447,0.3128558367718047
-26.10807063197045,3.1455701337171447,0.3128558367718047
-26.10807063197045,3.1455701337171447,0.3128558367718047
-26.109617533385997,3.1407907418804815,0.3165089418755472
-26.109617533385997,3.1407907418804815,0.3165089418755472
-26.46417155130365,3.2921540997423397,0.43819605274665163
-26.45364644744953,3.2945534403352856,0.4801465632868902
-26.45364644744953,3.2945534403352856,0.4801465632868902
-26.45364644744953,3.2945534403352856,0.4801465632868902
-26.454136198782862,3.3113944372680453,0.4459941534781737
-26.44930958645177,3.310617022555703,0.46886373985483276
-26.44930958645177,3.310617022555703,0.46886373985483276
-26.44930958645177,3.310617022555703,0.46886373985483276
-26.44837193788433,3.3127786405807056,0.4687184081548819
-26.44837193788433,3.3127786405807056,0.4687184081548819
-26.450891819247538,3.2888927347074683,0.5003493809068373
-26.450891819247538,3.2888927347074683,0.5003493809068373
-26.452061309001067,3.296299136555201,0.48348093512375556
-26.452540555207808,3.302554771879855,0.4703332126205718
-26.452540555207808,3.302554771879855,0.4703332126205718
-26.452540555207808,3.302554771879855,0.4703332126205718
-26.45310767014849,3.302533515054028,0.4679794078257662
-26.45310767014849,3.302533515054028,0.4679794078257662
-26.452695028504092,3.3034188227345207,0.46807767405829237
-26.452695028504092,3.3034188227345207,0.46807767405829237
-26.452695028504092,3.3034188227345207,0.46807767405829237
-26.44959022791839,3.3078376745463016,0.4728843918737431
-26.44959022791839,3.3078376745463016,0.4728843918737431
-26.448283099814734,3.3077873626427117,0.47833656360501087
-26.441075507222788,3.3203394321629953,0.48438102606046207
-26.441075507222788,3.3203394321629953,0.48438102606046207
-26.441075507222788,3.3203394321629953,0.48438102606046207
-26.44155148856937,3.319859857468105,0.48337479144899376
-26.440448871433567,3.32288563707728,0.4822029817596267
-26.440448871433567,3.32288563707728,0.4822029817596267
-26.440448871433567,3.32288563707728,0.4822029817596267
-26.438378040961055,3.3276672242219343,0.48156796919554373
-26.438378040961055,3.3276672242219343,0.48156796919554373
-26.43609155408066,3.344166020442721,0.4583838702847275
-26.43609155408066,3.344166020442721,0.4583838702847275
-26.43609155408066,3.344166020442721,0.4583838702847275
-26.444575083848505,3.321930774028327,0.4671297403224418
-26.441506624701248,3.324893293214762,0.47418099485854126
-26.441506624701248,3.324893293214762,0.47418099485854126
-26.441506624701248,3.324893293214762,0.47418099485854126
-26.44434725000295,3.316502155964417,0.4783508663041277
-26.44434725000295,3.316502155964417,0.4783508663041277
-26.430097283057883,3.352120906353184,0.4672546395197458
-26.430097283057883,3.352120906353184,0.4672546395197458
-26.434960670313483,3.33979787448229,0.47207027447195027
-26.434960670313483,3.33979787448229,0.47207027447195027
-26.51657680746135,3.371554728096529,0.5370510208767671
-26.51657680746135,3.371554728096529,0.5370510208767671
-26.431185368830743,3.3297468033706323,0.5051029825231578
-26.431185368830743,3.3297468033706323,0.5051029825231578
-26.418992806896938,3.3562807519394187,0.5021838873600661
-26.418992806896938,3.3562807519394187,0.5021838873600661
-26.418992806896938,3.3562807519394187,0.5021838873600661
-26.506170649049924,3.3888660125029615,0.5440118088143994
-26.506170649049924,3.3888660125029615,0.5440118088143994
-26.429685785768143,3.3384408778798775,0.4952916885554139
-26.429685785768143,3.3384408778798775,0.4952916885554139
-26.429685785768143,3.3384408778798775,0.4952916885554139
-26.428926773446122,3.339261085081917,0.49664364082017876
-26.428926773446122,3.339261085081917,0.49664364082017876
-26.52319415974707,3.352171357792538,0.5454690322146011
-26.524729597642327,3.356710883622543,0.5327188832765801
-26.524729597642327,3.356710883622543,0.5327188832765801
-26.524729597642327,3.356710883622543,0.5327188832765801
-26.52252475112073,3.3593125517938045,0.5363190018813682
-26.52252475112073,3.3593125517938045,0.5363190018813682
-26.522216002226944,3.3595839050508216,0.5369696908045332
-26.522216002226944,3.3595839050508216,0.5369696908045332
-26.521874310824114,3.3601329866589724,0.5372796171235465
-26.521874310824114,3.3601329866589724,0.5372796171235465
-26.426437219491593,3.342449293414712,0.5001113719039301
-26.426437219491593,3.342449293414712,0.5001113719039301
-26.426437219491593,3.342449293414712,0.5001113719039301
-26.504276965116592,3.3856971569014007,0.5556395335521642
-26.504276965116592,3.3856971569014007,0.5556395335521642
-26.504276965116592,3.3856971569014007,0.5556395335521642
-26.504782038611296,3.385235719531977,0.554722028053626
-26.51253607722976,3.3798724766160433,0.5372180730252231
-26.51253607722976,3.3798724766160433,0.5372180730252231
-26.514487299328255,3.3764816244470293,0.5361101477083978
-26.514487299328255,3.3764816244470293,0.5361101477083978
-26.51227585470384,3.380120036884324,0.5377104042362819
-26.51227585470384,3.380120036884324,0.5377104042362819
-26.51227585470384,3.380120036884324,0.5377104042362819
-26.433896449087495,3.323310985116682,0.5062571083352383
-26.433896449087495,3.323310985116682,0.5062571083352383
-26.520903417191384,3.3639904263185842,0.5343488265451852
-26.520903417191384,3.3639904263185842,0.5343488265451852
-26.51794140547691,3.3648164327547283,0.5434081604773716
-26.51794140547691,3.3648164327547283,0.5434081604773716
-26.517746781423213,3.362409277532667,0.5479545027525754
-26.517746781423213,3.362409277532667,0.5479545027525754
-26.517746781423213,3.362409277532667,0.5479545027525754
-26.512448819548514,3.3762517129676857,0.543607921588213
-26.512448819548514,3.3762517129676857,0.543607921588213
-26.512448819548514,3.3762517129676857,0.543607921588213
-29.695305283104535,4.941572805590674,1.5987846056583415
-29.695305283104535,4.941572805590674,1.5987846056583415
-29.698156443372294,4.939932265574759,1.5923767340809152
-29.698156443372294,4.939932265574759,1.5923767340809152
-29.698156443372294,4.939932265574759,1.5923767340809152
-29.6941158642206,4.909185700574991,1.6505431792668974
-29.6941158642206,4.909185700574991,1.6505431792668974
-29.69392188341533,4.909519061751796,1.6506434882418997
-29.69392188341533,4.909519061751796,1.6506434882418997
-29.66694929636183,4.9912857560436565,1.610160051738262
-29.66694929636183,4.9912857560436565,1.610160051738262
-29.66694929636183,4.9912857560436565,1.610160051738262
-29.667172191895606,4.990957035556144,1.6099840726111816
-26.352239414595477,3.3214587206676827,0.36431873335926174
-26.352239414595477,3.3214587206676827,0.36431873335926174
-26.352239414595477,3.3214587206676827,0.36431873335926174
-26.351217027440025,3.3450504534163943,0.24013416474711013
-26.351217027440025,3.3450504534163943,0.24013416474711013
-26.34210692585576,3.3622400365716003,0.19769470821632834
-26.34210692585576,3.3622400365716003,0.19769470821632834
-26.33096022988855,3.3754250221213864,0.12849292942826007
-26.33096022988855,3.3754250221213864,0.12849292942826007
-25.710107456156344,3.048897595996139,0.16097419482314984
-25.710107456156344,3.048897595996139,0.16097419482314984
-25.804067888937013,3.090824304865744,0.17200789005358771
-25.804067888937013,3.090824304865744,0.17200789005358771
-25.80410240737585,3.0908117971883584,0.1722756929640068
-25.80410240737585,3.0908117971883584,0.1722756929640068
-25.80410240737585,3.0908117971883584,0.1722756929640068
-25.718693155121404,3.039986545575642,0.1839794684012799
-25.718693155121404,3.039986545575642,0.1839794684012799
-25.71864765589117,3.040385547097868,0.18628045486403003
-25.71864765589117,3.040385547097868,0.18628045486403003
-25.718651355491218,3.0404181222453044,0.1865659701135163
-25.718651355491218,3.0404181222453044,0.1865659701135163
-25.807892252440542,3.088040736415512,0.21666400353564824
-25.807892252440542,3.088040736415512,0.21666400353564824
-25.807892252440542,3.088040736415512,0.21666400353564824
-25.807892252440542,3.088040736415512,0.21666400353564824
-26.331607117213466,3.380942568054736,0.2018354641159884
-26.331607117213466,3.380942568054736,0.2018354641159884
-26.341004415107523,3.3636284212983587,0.2453276261708529
-26.341004415107523,3.3636284212983587,0.2453276261708529
-26.34101055831754,3.3636208551266265,0.24526621427126363
-26.34101055831754,3.3636208551266265,0.24526621427126363
-26.33413012579937,3.3711558716050605,0.2924052981916544
-26.33413012579937,3.3711558716050605,0.2924052981916544
-26.334370818501736,3.370724363934378,0.29244742972688986
-26.334370818501736,3.370724363934378,0.29244742972688986
-26.337392083065474,3.366467720669901,0.2842910032264664
-26.34089293062256,3.36042283478107,0.28225032079328316
-26.34089293062256,3.36042283478107,0.28225032079328316
-26.34089293062256,3.36042283478107,0.28225032079328316
-26.34089293062256,3.36042283478107,0.28225032079328316
-26.34089293062256,3.36042283478107,0.28225032079328316
-26.33804384115997,3.3595166034459125,0.31957078383666915
-26.33804384115997,3.3595166034459125,0.31957078383666915
-26.338748279278047,3.357125922955896,0.32501808388714304
-26.338748279278047,3.357125922955896,0.32501808388714304
-26.337388319591806,3.352951567075362,0.3531156754303235
-26.34892239642592,3.3167788055429015,0.3974706772669872
-26.34892239642592,3.3167788055429015,0.3974706772669872
-26.34892239642592,3.3167788055429015,0.3974706772669872
-26.34734434091111,3.3219691355641268,0.39187010397389754
-26.34734434091111,3.3219691355641268,0.39187010397389754
-26.099786501485468,3.174735732343456,0.26385562416459535
-26.099786501485468,3.174735732343456,0.26385562416459535
-26.099996157326636,3.174335460858571,0.2635810760106186
-26.099996157326636,3.174335460858571,0.2635810760106186
-26.02925029652701,3.087965415108739,0.2503769249854584
-26.02925029652701,3.087965415108739,0.2503769249854584
-26.025325397654967,3.099514190260536,0.23147223468559797
-26.025325397654967,3.099514190260536,0.23147223468559797
-26.026304587113593,3.097068271540084,0.23271191043118067
-26.026304587113593,3.097068271540084,0.23271191043118067
-26.024541949621113,3.101413338150264,0.23107650429722448
-26.024541949621113,3.101413338150264,0.23107650429722448
-26.024541949621113,3.101413338150264,0.23107650429722448
-26.024357984136188,3.10188055041274,0.23058427682171084
-26.024357984136188,3.10188055041274,0.23058427682171084
-26.024357984136188,3.10188055041274,0.23058427682171084
-26.018165679049574,3.1164823647406616,0.2065128399188951
-26.018165679049574,3.1164823647406616,0.2065128399188951
-26.017487278311354,3.118055264038125,0.20903436494965835
-26.017487278311354,3.118055264038125,0.20903436494965835
-26.10386436530876,3.1695642866678804,0.22182118960119776
-26.10386436530876,3.1695642866678804,0.22182118960119776
-26.104281851613308,3.1686882838665937,0.22089689480444702
-26.104281851613308,3.1686882838665937,0.22089689480444702
-26.104281851613308,3.1686882838665937,0.22089689480444702
-26.101862343869115,3.171404984375454,0.1735650872585437
-26.101862343869115,3.171404984375454,0.1735650872585437
-26.103648565700393,3.170044459042416,0.22083266856298248
-26.103648565700393,3.170044459042416,0.22083266856298248
-26.103648565700393,3.170044459042416,0.22083266856298248
-26.103648565700393,3.170044459042416,0.22083266856298248
-26.107035221978194,3.139965639807978,0.33571096883681995
-31.439245324939478,5.5542190677459775,2.07712967819205
-31.439245324939478,5.5542190677459775,2.07712967819205
-29.438360498251164,4.908510315885955,1.713418422528538
-29.438360498251164,4.908510315885955,1.713418422528538
-29.136174421295156,4.794976120991599,1.7236699391790757
-29.136174421295156,4.794976120991599,1.7236699391790757
-29.136174421295156,4.794976120991599,1.7236699391790757
-29.136174421295156,4.794976120991599,1.7236699391790757
-29.136174421295156,4.794976120991599,1.7236699391790757
-29.01288006242928,4.735254373907148,1.8050695467507183
-29.01288006242928,4.735254373907148,1.8050695467507183
-29.052417355480742,4.696205158684406,1.7598860331010817
-29.150810228952476,4.72162358327879,1.7798216477712727
-29.150810228952476,4.72162358327879,1.7798216477712727
-29.150810228952476,4.72162358327879,1.7798216477712727
-29.158040580156054,4.7336661705212535,1.7474495248208546
-29.158040580156054,4.7336661705212535,1.7474495248208546
-29.1617862384996,4.7340299318116035,1.7377276460525288
-29.1617862384996,4.7340299318116035,1.7377276460525288
-29.163272745870916,4.735779526663934,1.731835942024668
-29.1407802076477,4.8049729582168625,1.698945663346457
-29.1407802076477,4.8049729582168625,1.698945663346457
-29.424470575421594,4.938731721079478,1.708761757198161
-29.424470575421594,4.938731721079478,1.708761757198161
-29.421838303485792,4.939666267867546,1.7145564810563905
-29.421838303485792,4.939666267867546,1.7145564810563905
-29.22278403763762,4.919693689867373,1.6370853309229316
-29.22278403763762,4.919693689867373,1.6370853309229316
-29.22278403763762,4.919693689867373,1.6370853309229316
-29.151252794051334,4.6982113265167635,1.8066377102133444
-29.151252794051334,4.6982113265167635,1.8066377102133444
-29.151252794051334,4.6982113265167635,1.8066377102133444
-29.15349685692167,4.690767097791513,1.8100311072595308
-29.15349685692167,4.690767097791513,1.8100311072595308
-29.174479419396885,4.650642809871847,1.8065275176247706
-29.17728792060596,4.646082089420511,1.8050361373338073
-29.17728792060596,4.646082089420511,1.8050361373338073
-29.264632020799723,4.69462573550483,1.8238784279913618
-29.264632020799723,4.69462573550483,1.8238784279913618
-29.264632020799723,4.69462573550483,1.8238784279913618
-29.568296987400277,4.873406376078922,1.7276663836024735
-29.568296987400277,4.873406376078922,1.7276663836024735
-29.56883880866949,4.872114039363193,1.7279104093992417
-29.56883880866949,4.872114039363193,1.7279104093992417
-29.48140395224877,4.829261755938964,1.7039681440004122
-29.48140395224877,4.829261755938964,1.7039681440004122
-29.480131685424624,4.83243381010896,1.70321152647645
-29.480131685424624,4.83243381010896,1.70321152647645
-29.672945264071245,4.965741878819573,1.630887254955795
-29.672945264071245,4.965741878819573,1.630887254955795
-29.586420493963058,4.920033826955203,1.6090509510742839
-29.586420493963058,4.920033826955203,1.6090509510742839
-29.671991099201914,4.96793135751062,1.630477153328953
-29.671991099201914,4.96793135751062,1.630477153328953
-29.29595437707498,5.051330773463667,1.5630441472181342
-29.29595437707498,5.051330773463667,1.5630441472181342
-29.073343320706268,5.044001972853671,1.5203716425600702
-29.073343320706268,5.044001972853671,1.5203716425600702
-29.072402104299957,5.045935312905341,1.5197553055552913
-29.072402104299957,5.045935312905341,1.5197553055552913
-29.073032813203632,5.045910393867114,1.5180113780566238
-29.073032813203632,5.045910393867114,1.5180113780566238
-29.073485951620267,5.050085157570079,1.5095969389381358
-29.073485951620267,5.050085157570079,1.5095969389381358
-29.069461920102952,5.074408495800455,1.4787849001880886
-29.069461920102952,5.074408495800455,1.4787849001880886
-29.15045365733632,5.144059297556241,1.474138199125301
-29.15045365733632,5.144059297556241,1.474138199125301
-29.150490012184598,5.141075094131505,1.4794961786822023
-29.150490012184598,5.141075094131505,1.4794961786822023
-29.328006066086278,5.252568691895629,1.4723383991974663
-29.244960573476565,5.201921923153478,1.448948804891223
-29.244960573476565,5.201921923153478,1.448948804891223
-29.153140749169633,5.170556083630409,1.4157854748826972
-29.153140749169633,5.170556083630409,1.4157854748826972
-29.153140749169633,5.170556083630409,1.4157854748826972
-29.15164763689761,5.174391151412106,1.4129952264629373
-29.15164763689761,5.174391151412106,1.4129952264629373
-29.146736038867537,5.186952980775327,1.40377630073029
-29.146736038867537,5.186952980775327,1.40377630073029
-29.140258265631296,5.196896795518736,1.404536339072286
-26.525478763837455,3.5510689077090847,0.5712963328604592
-26.525478763837455,3.5510689077090847,0.5712963328604592
-26.526165986631085,3.552450632750701,0.56625618973031
-26.526165986631085,3.552450632750701,0.56625618973031
-26.526165986631085,3.552450632750701,0.56625618973031
-26.525879397506586,3.552443506762232,0.5672045453516972
-26.525879397506586,3.552443506762232,0.5672045453516972
-29.142010354383885,5.196605998962277,1.399564438148316
-29.142010354383885,5.196605998962277,1.399564438148316
-26.530089412836375,3.5461226355213062,0.5663697176881528
-26.530089412836375,3.5461226355213062,0.5663697176881528
-26.530217125850083,3.546408157664512,0.5653691676986484
-26.530217125850083,3.546408157664512,0.5653691676986484
-26.530217125850083,3.546408157664512,0.5653691676986484
-26.52899129039856,3.5474726255727083,0.5672116396314912
-26.528896497456277,3.5476002336482573,0.5672612993194782
-26.528896497456277,3.5476002336482573,0.5672612993194782
-26.52873466273412,3.5477306099956527,0.5675237783734182
-26.52873466273412,3.5477306099956527,0.5675237783734182
-26.451201466733387,3.5008386612653286,0.5176330487626393
-26.451201466733387,3.5008386612653286,0.5176330487626393
-26.451201466733387,3.5008386612653286,0.5176330487626393
-26.429800102647956,3.351274384824931,0.47022066271630625
-26.430885003482608,3.3476826636138695,0.4730357467154107
-26.430885003482608,3.3476826636138695,0.4730357467154107
-26.42983629900942,3.349343260188099,0.4739724145165368
-26.42983629900942,3.349343260188099,0.4739724145165368
-26.431774278659226,3.333349825778076,0.4966293902827338
-26.431774278659226,3.333349825778076,0.4966293902827338
-26.431854418308617,3.333349745267137,0.49633011928063286
-26.431854418308617,3.333349745267137,0.49633011928063286
-26.429751458661524,3.336307431843308,0.4988763822774701
-26.429751458661524,3.336307431843308,0.4988763822774701
-26.429751458661524,3.336307431843308,0.4988763822774701
-26.429751458661524,3.336307431843308,0.4988763822774701
-26.429485661202055,3.336856981541928,0.49888045196042574
-26.429485661202055,3.336856981541928,0.49888045196042574
-26.432647182411124,3.333554498232701,0.4929798745880316
-26.433372411951108,3.3325323779339726,0.49207725751147585
-26.433372411951108,3.3325323779339726,0.49207725751147585
-26.433372411951108,3.3325323779339726,0.49207725751147585
-26.43449672955527,3.332193614744298,0.48838968631800506
-26.43449672955527,3.332193614744298,0.48838968631800506
-26.43449672955527,3.332193614744298,0.48838968631800506
-26.43449672955527,3.332193614744298,0.48838968631800506
-26.43523175356101,3.332622034576792,0.48474428285294696
-26.43523175356101,3.332622034576792,0.48474428285294696
-26.435321127022046,3.332547018435379,0.48453408687218413
-26.435321127022046,3.332547018435379,0.48453408687218413
-26.43645649671456,3.331054616199404,0.4828542471850232
-26.43764675190664,3.3343521537280183,0.4717531850850003
-26.43764675190664,3.3343521537280183,0.4717531850850003
-26.43764675190664,3.3343521537280183,0.4717531850850003
-26.43764675190664,3.3343521537280183,0.4717531850850003
-26.43764675190664,3.3343521537280183,0.4717531850850003
-26.43893766876319,3.333832764181777,0.4674143425202229
-26.437427330271106,3.3359953072241084,0.469420467422179
-26.437427330271106,3.3359953072241084,0.469420467422179
-26.42833964024327,3.3525637529563674,0.4735695449197304
-26.42833964024327,3.3525637529563674,0.4735695449197304
-26.415213717239972,3.365066653425354,0.49961700750347515
-26.415213717239972,3.365066653425354,0.49961700750347515
-26.50980994126368,3.580651633284792,0.5601504526698002
-26.50980994126368,3.580651633284792,0.5601504526698002
-26.50973557935557,3.5805454766267837,0.5606240176208359
-26.50973557935557,3.5805454766267837,0.5606240176208359
-26.50819418889921,3.582187400142703,0.5620918008907217
-26.50819418889921,3.582187400142703,0.5620918008907217
-26.50819418889921,3.582187400142703,0.5620918008907217
-26.50819418889921,3.582187400142703,0.5620918008907217
-26.508086566452803,3.581905371031014,0.563050375295096
-26.508086566452803,3.581905371031014,0.563050375295096
-26.507741075069195,3.582676219307099,0.562506021028888
-26.507741075069195,3.582676219307099,0.562506021028888
-26.44338965101484,3.5142904877863717,0.5151060172967971
-26.44338965101484,3.5142904877863717,0.5151060172967971
-26.4337173106166,3.523408645977046,0.5280482856434487
-26.4337173106166,3.523408645977046,0.5280482856434487
-26.4337173106166,3.523408645977046,0.5280482856434487
-26.4337173106166,3.523408645977046,0.5280482856434487
-26.51288990151787,3.5778831622128315,0.5560310377874046
-26.51288990151787,3.5778831622128315,0.5560310377874046
-26.512840983350493,3.578066632872851,0.5557916878587688
-26.512840983350493,3.578066632872851,0.5557916878587688
-26.512686388178135,3.5781236544585164,0.5561803298975654
-26.512686388178135,3.5781236544585164,0.5561803298975654
-26.512501146149983,3.578344953024881,0.5563106609045513
-26.512673042894075,3.5778849535126946,0.556746654480109
-26.512673042894075,3.5778849535126946,0.556746654480109
-26.512673042894075,3.5778849535126946,0.556746654480109
-26.513363438922482,3.577147990328147,0.556066583902241
-26.513363438922482,3.577147990328147,0.556066583902241
-26.43631478561155,3.5199892986455525,0.5268348096203341
-26.43631478561155,3.5199892986455525,0.5268348096203341
-26.43631478561155,3.5199892986455525,0.5268348096203341
-26.43631478561155,3.5199892986455525,0.5268348096203341
-26.436317376616596,3.519454688635378,0.5280042443876659
-26.436317376616596,3.519454688635378,0.5280042443876659
-26.436676916937422,3.518727078885916,0.5283895924282321
-26.43924628816051,3.5178605070180002,0.5215414901179318
-26.43924628816051,3.5178605070180002,0.5215414901179318
-26.43924628816051,3.5178605070180002,0.5215414901179318
-26.441112073564618,3.5154642142807218,0.5204455682641415
-26.441112073564618,3.5154642142807218,0.5204455682641415
-26.441112073564618,3.5154642142807218,0.5204455682641415
-26.441112073564618,3.5154642142807218,0.5204455682641415
-26.44289573543399,3.5124163942561273,0.5210564022307274
-26.44289573543399,3.5124163942561273,0.5210564022307274
-26.44290429157575,3.512385211019695,0.5210960929369459
-26.44290429157575,3.512385211019695,0.5210960929369459
-26.439141980449055,3.5183289948616103,0.5208513287668259
-26.439141980449055,3.5183289948616103,0.5208513287668259
-28.909301071463346,5.397732103915406,1.3096179028443145
-28.909301071463346,5.397732103915406,1.3096179028443145
-25.768938538783537,3.1206846147427183,0.333124441477065
-25.768938538783537,3.1206846147427183,0.333124441477065
-25.768952389374316,3.12066427294821,0.33312868075448476
-25.768952389374316,3.12066427294821,0.33312868075448476
-25.772250496269532,3.117743888143733,0.32928084180355643
-25.772250496269532,3.117743888143733,0.32928084180355643
-25.772250496269532,3.117743888143733,0.32928084180355643
-25.772250496269532,3.117743888143733,0.32928084180355643
-25.77231961502696,3.117554557846377,0.3295178283819697
-26.484842556320206,3.624773972667258,0.5418629918079154
-26.484842556320206,3.624773972667258,0.5418629918079154
-26.485512326634392,3.624292479032832,0.5407652533187985
-26.485512326634392,3.624292479032832,0.5407652533187985
-26.409402886878517,3.564651797117984,0.514748383872928
-26.409402886878517,3.564651797117984,0.514748383872928
-26.409402886878517,3.564651797117984,0.514748383872928
-26.409402886878517,3.564651797117984,0.514748383872928
-26.41591083778054,3.5565068832605005,0.512136051631875
-26.41591083778054,3.5565068832605005,0.512136051631875
-26.41614688444308,3.5568906334733787,0.51037096049293
-26.41614688444308,3.5568906334733787,0.51037096049293
-26.416070827118183,3.5569911215168335,0.5103908458286487
-26.416070827118183,3.5569911215168335,0.5103908458286487
-26.42203344394394,3.5492185357626838,0.5084063725611792
-26.42203344394394,3.5492185357626838,0.5084063725611792
-26.422950629251023,3.5483417055881423,0.507290065379701
-26.422950629251023,3.5483417055881423,0.507290065379701
-26.42295986542449,3.548342690696312,0.5072546935126059
-26.42295986542449,3.548342690696312,0.5072546935126059
-26.42307517320175,3.548494429354626,0.5064698215860377
-26.42307517320175,3.548494429354626,0.5064698215860377
-26.423234480449356,3.5483678303089374,0.5062111209348756
-26.423234480449356,3.5483678303089374,0.5062111209348756
-26.42703515413157,3.546213332140704,0.49774696897866133
-26.42703515413157,3.546213332140704,0.49774696897866133
-26.42703515413157,3.546213332140704,0.49774696897866133
-26.425723403544126,3.5495303208603555,0.49417162318795366
-26.42526690762815,3.5536917681488416,0.4849928109683005
-26.42526690762815,3.5536917681488416,0.4849928109683005
-26.424442456462085,3.554268204212887,0.4866349137185464
-26.424442456462085,3.554268204212887,0.4866349137185464
-26.424442456462085,3.554268204212887,0.4866349137185464
-26.423321556715916,3.556623589702905,0.48465545829093204
-26.423321556715916,3.556623589702905,0.48465545829093204
-26.42279361365759,3.557462209417917,0.48444016408609036
-26.42321487842118,3.558370025144617,0.48033034400720664
-26.42321487842118,3.558370025144617,0.48033034400720664
-26.42327848099413,3.557499568919329,0.48245554303948995
-26.42327848099413,3.557499568919329,0.48245554303948995
-26.42327848099413,3.557499568919329,0.48245554303948995
-26.423176544312586,3.5576287981494676,0.4825021691486067
-26.423176544312586,3.5576287981494676,0.4825021691486067
-26.422245530149596,3.560353738906681,0.4786909694873559
-25.78120883801348,3.1122819495514147,0.31015307116067187
-25.78120883801348,3.1122819495514147,0.31015307116067187
-25.78120883801348,3.1122819495514147,0.31015307116067187
-25.78115388858801,3.1122047579689873,0.3106113278819303
-25.78115388858801,3.1122047579689873,0.3106113278819303
-25.78082220769191,3.1133024883912253,0.308752947628099
-25.78082220769191,3.1133024883912253,0.308752947628099
-25.782411405404652,3.111117042361856,0.3084958035990728
-25.782411405404652,3.111117042361856,0.3084958035990728
-25.782500154603557,3.1110346733074383,0.3083603640738503
-25.782500154603557,3.1110346733074383,0.3083603640738503
-25.782476057541697,3.111057593362313,0.3083955104577748
-25.782476057541697,3.111057593362313,0.3083955104577748
-26.34852055752174,3.499029417268405,0.44660655407885314
-26.34852055752174,3.499029417268405,0.44660655407885314
-26.349030406878594,3.4983750104956988,0.44635995734376477
-26.349030406878594,3.4983750104956988,0.44635995734376477
-26.348996942669363,3.4984143447406977,0.44638667248094693
-26.348996942669363,3.4984143447406977,0.44638667248094693
-25.78063031899907,3.116224839046399,0.300365782988804
-25.78063031899907,3.116224839046399,0.300365782988804
-25.78434753185781,3.109494347711298,0.30492144666702203
-25.78434753185781,3.109494347711298,0.30492144666702203
-25.78426263857041,3.109854927403169,0.30418401704175524
-25.784241034528392,3.110055941445641,0.30365249659051735
-25.784241034528392,3.110055941445641,0.30365249659051735
-25.784121831293554,3.1102981947014503,0.30343350399485736
-25.784121831293554,3.1102981947014503,0.30343350399485736
-25.784322628599323,3.1100162398145685,0.3034051624919735
-25.784322628599323,3.1100162398145685,0.3034051624919735
-25.784799576176397,3.1098962592758848,0.30158382348475854
-25.784799576176397,3.1098962592758848,0.30158382348475854
-25.785326132037916,3.1093080631771657,0.30101054196906774
-25.785326132037916,3.1093080631771657,0.30101054196906774
-25.785569481700986,3.1089162966681525,0.3011291615544257
-25.785569481700986,3.1089162966681525,0.3011291615544257
-25.785391421372672,3.109081857797479,0.3014325641968978
-25.785391421372672,3.109081857797479,0.3014325641968978
-25.78481486881664,3.1096115916609612,0.30242333504442825
-25.789582930283707,3.105997015232211,0.2909059801377549
-25.789582930283707,3.105997015232211,0.2909059801377549
-25.78777591882841,3.106813900697186,0.2973876913574289
-25.78777591882841,3.106813900697186,0.2973876913574289
-25.78777591882841,3.106813900697186,0.2973876913574289
-25.786939227856855,3.108780034238218,0.29488813419701376
-25.786939227856855,3.108780034238218,0.29488813419701376
-25.786939227856855,3.108780034238218,0.29488813419701376
-25.78646021882168,3.109788421420658,0.293810353211463
-25.78667927052279,3.1098925830994926,0.292299448436642
-25.78667927052279,3.1098925830994926,0.292299448436642
-25.78667699633381,3.109880573303025,0.2923546226736592
-25.78667699633381,3.109880573303025,0.2923546226736592
-25.78625742330589,3.110223038177109,0.29331742900031327
-25.78625742330589,3.110223038177109,0.29331742900031327
-25.786277506796722,3.110221149228792,0.29322004133796153
-25.786277506796722,3.110221149228792,0.29322004133796153
-25.786277506796722,3.110221149228792,0.29322004133796153
-25.786323113311,3.110101922336478,0.2934079192219228
-25.78701852371097,3.108812227105561,0.2943712602192171
-25.78701852371097,3.108812227105561,0.2943712602192171
-25.787444087341253,3.108200413904099,0.2943255988126331
-25.787444087341253,3.108200413904099,0.2943255988126331
-25.787444087341253,3.108200413904099,0.2943255988126331
-25.787195286284504,3.109558200041899,0.2907748799946502
-25.787195286284504,3.109558200041899,0.2907748799946502
-25.786680777676104,3.108931055820535,0.2956744753087952
-25.786680777676104,3.108931055820535,0.2956744753087952
-25.786805118741082,3.1086114186917158,0.29614549265477497
-25.786805118741082,3.1086114186917158,0.29614549265477497
-25.787113589336595,3.108365201664042,0.29543764710975506
-25.787113589336595,3.108365201664042,0.29543764710975506
-25.787113589336595,3.108365201664042,0.29543764710975506
-25.78703955170912,3.108127323864857,0.29662160114083314
-25.78729169238455,3.1082342888532497,0.2949863303353628
-25.78729169238455,3.1082342888532497,0.2949863303353628
-25.787505645182918,3.1083892110900826,0.29334500725228374
-25.787505645182918,3.1083892110900826,0.29334500725228374
-25.78752748181468,3.1077874099000757,0.29533085303838935
-25.78752748181468,3.1077874099000757,0.29533085303838935
-25.787363485369532,3.107959202400581,0.29557027319466866
-25.787363485369532,3.107959202400581,0.29557027319466866
-25.78758836312691,3.1076871707356406,0.29536702564677925
-25.78758836312691,3.1076871707356406,0.29536702564677925
-25.78759040341465,3.1076781475934756,0.2953876955142394
-25.78759040341465,3.1076781475934756,0.2953876955142394
-25.787563967766545,3.1077080864481554,0.29541870005013754
-25.787563967766545,3.1077080864481554,0.29541870005013754
-25.787413420314714,3.107901506334152,0.29551601777417197
-25.787388246790076,3.1079729030159338,0.29539803039491563
-25.787388246790076,3.1079729030159338,0.29539803039491563
-25.787388246790076,3.1079729030159338,0.29539803039491563
-25.78533705059546,3.1144140779710243,0.2822794975531123
-25.78533705059546,3.1144140779710243,0.2822794975531123
-25.784567836574134,3.1135913702762443,0.28992087356823326
-25.784567836574134,3.1135913702762443,0.28992087356823326
-25.78472134478107,3.1133040006453854,0.2901736484609059
-25.78472134478107,3.1133040006453854,0.2901736484609059
-25.78555189972251,3.1117889709894015,0.2913570271257326
-25.78555189972251,3.1117889709894015,0.2913570271257326
-25.785661273215702,3.111603539121724,0.2914570595049819
-25.785661273215702,3.111603539121724,0.2914570595049819
-25.785837729479105,3.1113219291587972,0.2915527772000741
-25.785837729479105,3.1113219291587972,0.2915527772000741
-25.786010509718626,3.1108200318008783,0.2924649682422312
-25.786010509718626,3.1108200318008783,0.2924649682422312
-25.78550714875618,3.1118576306359373,0.29134236694418125
-25.78550714875618,3.1118576306359373,0.29134236694418125
-25.786538262017825,3.1090839869031424,0.2958656466586026
-25.786538262017825,3.1090839869031424,0.2958656466586026
-25.8034320288595,3.0947865037600994,0.23176741956951544
-25.8034320288595,3.0947865037600994,0.23176741956951544
-25.806892970502705,3.089311862019775,0.20049023127371615
-25.806892970502705,3.089311862019775,0.20049023127371615
-25.717155309281647,3.04152930944296,0.17814092450236682
-25.717499493670577,3.0413898930860146,0.18059914237059
-25.717499493670577,3.0413898930860146,0.18059914237059
-25.717499493670577,3.0413898930860146,0.18059914237059
-25.717355483035142,3.0413968506679376,0.17924295726768824
-25.717355483035142,3.0413968506679376,0.17924295726768824
-25.717412831202292,3.0405182949632836,0.174856685781083
-25.717412831202292,3.0405182949632836,0.174856685781083
-25.717412831202292,3.0405182949632836,0.174856685781083
-25.717412831202292,3.0405182949632836,0.174856685781083
-25.717273131660434,3.040557471096315,0.1738905453020078
-25.71667669194109,3.0414655588448647,0.17363637415249078
-25.71667669194109,3.0414655588448647,0.17363637415249078
-25.71667669194109,3.0414655588448647,0.17363637415249078
-25.71648251387926,3.041778220525304,0.17364748510964068
-25.71648251387926,3.041778220525304,0.17364748510964068
-25.71627705742151,3.0420920075041824,0.1735752644615213
-25.71627705742151,3.0420920075041824,0.1735752644615213
-25.71627705742151,3.0420920075041824,0.1735752644615213
-25.71627705742151,3.0420920075041824,0.1735752644615213
-25.71584421423189,3.042524399293722,0.17227760964437738
-25.71584421423189,3.042524399293722,0.17227760964437738
-25.71586775738043,3.0427476338009716,0.17359887490887416
-25.71586775738043,3.0427476338009716,0.17359887490887416
-25.716346626158497,3.0431915641873664,0.1803654325979562
-25.716248149113877,3.043289802819674,0.18000932618701215
-25.716248149113877,3.043289802819674,0.18000932618701215
-25.716248149113877,3.043289802819674,0.18000932618701215
-25.716248149113877,3.043289802819674,0.18000932618701215
-25.716248149113877,3.043289802819674,0.18000932618701215
-25.716562748767014,3.042971732030069,0.1811354670969078
-25.716562748767014,3.042971732030069,0.1811354670969078
-25.716625897513964,3.0428692750023654,0.18112224953931344
-25.716625897513964,3.0428692750023654,0.18112224953931344
-25.716670066759914,3.042774608361282,0.18096851119521107
-25.71666752770877,3.042815741138694,0.18120225111076346
-25.71666752770877,3.042815741138694,0.18120225111076346
-25.71796827975199,3.04077292600605,0.18145478666143633
-25.71796827975199,3.04077292600605,0.18145478666143633
-25.71796827975199,3.04077292600605,0.18145478666143633
-25.7183561346221,3.040231581529973,0.18199538275652452
-25.718477441439074,3.040206738873977,0.1831115517650177
-25.718477441439074,3.040206738873977,0.1831115517650177
-25.718477441439074,3.040206738873977,0.1831115517650177
-25.718477441439074,3.040206738873977,0.1831115517650177
-25.718477441439074,3.040206738873977,0.1831115517650177
-25.80414838423833,3.0921704493860576,0.18224985031771201
-25.80414838423833,3.0921704493860576,0.18224985031771201
-25.803970688077488,3.09244964299321,0.18217496025646435
-25.803970688077488,3.09244964299321,0.18217496025646435
-25.71326134960059,3.0505163816457634,0.22401607740118892
-25.71326134960059,3.0505163816457634,0.22401607740118892
-25.710354156217118,3.054630081859155,0.22866993621946402
-25.71042969699964,3.054356953115716,0.23106002407786938
-25.71042969699964,3.054356953115716,0.23106002407786938
-25.709975676995338,3.054883465153189,0.23293555288430295
-25.709975676995338,3.054883465153189,0.23293555288430295
-25.710319607270666,3.0541479817004302,0.23554415748640573
-25.710319607270666,3.0541479817004302,0.23554415748640573
-25.71088926609168,3.0528554427829047,0.23986890456578447
-25.71088926609168,3.0528554427829047,0.23986890456578447
-25.71088926609168,3.0528554427829047,0.23986890456578447
-25.711697571152367,3.0514743628376224,0.24132077059913357
-25.711697571152367,3.0514743628376224,0.24132077059913357
-25.795630903230077,3.104859697572711,0.25249197862572403
-25.795630903230077,3.104859697572711,0.25249197862572403
-25.796563166340228,3.102032317727409,0.26154551270823523
-25.796563166340228,3.102032317727409,0.26154551270823523
-25.795473502114998,3.1026280284901513,0.26742325171134196
-25.795473502114998,3.1026280284901513,0.26742325171134196
-25.795498707300798,3.102473474108531,0.2680185308725302
-26.379102108366045,3.476365989318074,0.3674559662170812
-26.379102108366045,3.476365989318074,0.3674559662170812
-26.37900703815074,3.476396085630578,0.36795036665952247
-26.37900703815074,3.476396085630578,0.36795036665952247
-26.37900703815074,3.476396085630578,0.36795036665952247
-26.3806154146446,3.472650159768884,0.37310258968335785
-26.3806154146446,3.472650159768884,0.37310258968335785
-26.381747748543766,3.469182032918945,0.3798182233781474
-26.381747748543766,3.469182032918945,0.3798182233781474
-26.384283207625042,3.4639386919001214,0.384532218773752
-26.384283207625042,3.4639386919001214,0.384532218773752
-26.38381554399489,3.4642001792570474,0.38631508787232427
-26.38386648828547,3.4639382506637384,0.3869825279940664
-26.38386648828547,3.4639382506637384,0.3869825279940664
-26.37610857727882,3.467734811847956,0.41566950094926525
-26.37610857727882,3.467734811847956,0.41566950094926525
-26.37610857727882,3.467734811847956,0.41566950094926525
-26.376167815353142,3.4678559940230826,0.4149901387584505
-26.388416817855113,3.445363301628264,0.4237526823388534
-26.388416817855113,3.445363301628264,0.4237526823388534
-26.388416817855113,3.445363301628264,0.4237526823388534
-26.385739745097812,3.451359400749949,0.4188836956112941
-26.385739745097812,3.451359400749949,0.4188836956112941
-26.385739745097812,3.451359400749949,0.4188836956112941
-26.38888725107701,3.443824830486829,0.4259879318086308
-26.38888725107701,3.443824830486829,0.4259879318086308
-26.390078567986745,3.4411555357031944,0.42801220086190306
-26.390078567986745,3.4411555357031944,0.42801220086190306
-26.393183475997905,3.435186541557263,0.4302645454719677
-26.393183475997905,3.435186541557263,0.4302645454719677
-26.393183475997905,3.435186541557263,0.4302645454719677
-26.394240438564935,3.433978826322436,0.42866758373357494
-26.394240438564935,3.433978826322436,0.42866758373357494
-26.394240438564935,3.433978826322436,0.42866758373357494
-26.394240438564935,3.433978826322436,0.42866758373357494
-26.39594407551626,3.4316774122613265,0.42704961706068606
-26.397251547881794,3.428990826569464,0.42836875379255535
-26.397251547881794,3.428990826569464,0.42836875379255535
-26.397251547881794,3.428990826569464,0.42836875379255535
-26.397942556226607,3.426052707158854,0.433228694834615
-26.397942556226607,3.426052707158854,0.433228694834615
-26.399276782714104,3.424189082655021,0.43207121226482703
-26.399276782714104,3.424189082655021,0.43207121226482703
-26.399318007598943,3.4241272790227413,0.43204649505064874
-26.399318007598943,3.4241272790227413,0.43204649505064874
-26.399340309484316,3.4243118466710003,0.43143677362184146
-26.399340309484316,3.4243118466710003,0.43143677362184146
-26.4033743982832,3.4196764003841595,0.4249611301637665
-26.4033743982832,3.4196764003841595,0.4249611301637665
-26.40439089533059,3.4168823124710577,0.4277978475442742
-26.405321478217772,3.414153641011702,0.4307878511535316
-26.405321478217772,3.414153641011702,0.4307878511535316
-26.405321478217772,3.414153641011702,0.4307878511535316
-26.405884306498145,3.413056511325819,0.431074209129405
-26.405884306498145,3.413056511325819,0.431074209129405
-26.407379438797985,3.410881909603944,0.42981331483537066
-26.407379438797985,3.410881909603944,0.42981331483537066
-26.33243222204595,3.3532059320093532,0.38313128238614036
-26.33243222204595,3.3532059320093532,0.38313128238614036
-26.32787529650126,3.3595776745338837,0.3888737368441769
-26.32787529650126,3.3595776745338837,0.3888737368441769
-26.412074832588317,3.4087472842275837,0.41235466466236825
-26.412074832588317,3.4087472842275837,0.41235466466236825
-26.411867766874575,3.4087710422315465,0.413364770880397
-26.411867766874575,3.4087710422315465,0.413364770880397
-26.411551345885705,3.408605726857214,0.4154795339902424
-26.411551345885705,3.408605726857214,0.4154795339902424
-26.32572186536893,3.361512702842152,0.3946094341185433
-26.32572186536893,3.361512702842152,0.3946094341185433
-26.32576190395186,3.3616437491200735,0.3940108948682982
-26.32576190395186,3.3616437491200735,0.3940108948682982
-26.410495736141286,3.411758095631714,0.4117700179621196
-26.410495736141286,3.411758095631714,0.4117700179621196
-26.409999227550234,3.411784119549535,0.414275601522282
-26.409999227550234,3.411784119549535,0.414275601522282
-26.40994978545648,3.411824998193645,0.4144119061565532
-26.40994978545648,3.411824998193645,0.4144119061565532
-26.40663970888858,3.4167604291462386,0.4170280263667996
-26.40663970888858,3.4167604291462386,0.4170280263667996
-26.536105990538584,3.5382914654776756,0.5624515825187302
-26.536105990538584,3.5382914654776756,0.5624515825187302
-28.98060292779464,4.981846853864338,1.5423463842196672
-28.98060292779464,4.981846853864338,1.5423463842196672
-28.511474306993755,5.0564557717744325,1.6447424476621333
-28.511474306993755,5.0564557717744325,1.6447424476621333
-28.488668281331595,5.063519048804524,1.6829916460305592
-28.488668281331595,5.063519048804524,1.6829916460305592
-28.48471911496956,4.980551834435182,1.8097119375522757
-28.48471911496956,4.980551834435182,1.8097119375522757
-28.474205956329246,4.997832046040845,1.806758146953279
-28.474205956329246,4.997832046040845,1.806758146953279
-28.47389226100109,5.003018032770237,1.8002867400845157
-28.475676005258055,5.0035361235316635,1.7960887255410094
-28.475676005258055,5.0035361235316635,1.7960887255410094
-28.475676005258055,5.0035361235316635,1.7960887255410094
-28.501517812813056,4.993390808185374,1.758743245211932
-28.49763653227983,4.999912765017134,1.75743722989901
-28.49763653227983,4.999912765017134,1.75743722989901
-28.49763653227983,4.999912765017134,1.75743722989901
-28.483258000589597,5.046612342322741,1.7195972401945971
-28.483258000589597,5.046612342322741,1.7195972401945971
-28.485264728980383,5.044576805124825,1.7184522679161935
-28.485264728980383,5.044576805124825,1.7184522679161935
-28.547108912721797,5.008809408250567,1.6396039918029646
-28.547108912721797,5.008809408250567,1.6396039918029646
-28.542698790674223,5.011563576784857,1.645178360996071
-28.542698790674223,5.011563576784857,1.645178360996071
-28.540713499370774,5.0145283387807105,1.645044235776935
-28.40765922500101,5.227160319299134,1.86562853236797
-28.40765922500101,5.227160319299134,1.86562853236797
-28.419804632153454,5.218880970895812,1.8552694153043423
-28.419804632153454,5.218880970895812,1.8552694153043423
-28.411444168076322,5.223355356145465,1.8641994624887332
-28.411429123611313,5.2235324146078845,1.8639702510188305
-28.411429123611313,5.2235324146078845,1.8639702510188305
-28.41253920728699,5.222956882212074,1.8627634242925268
-28.441200737283655,5.208078363511746,1.8309847619187642
-28.441200737283655,5.208078363511746,1.8309847619187642
-28.43648036856042,5.21783530083387,1.8255298569714815
-28.43722467939204,5.21864845148398,1.8229095570954708
-28.43722467939204,5.21864845148398,1.8229095570954708
-28.375266326683615,5.157680762269122,1.76997934386184
-28.388694290052616,5.147253842555432,1.7595850974147025
-28.388694290052616,5.147253842555432,1.7595850974147025
-28.491370533875592,5.052805694490034,1.693482400339262
-28.491370533875592,5.052805694490034,1.693482400339262
-28.471062914332652,5.082683799069137,1.6908791098860727
-28.471062914332652,5.082683799069137,1.6908791098860727
-28.473132272034334,5.0821585961184095,1.687340208886132
-28.473132272034334,5.0821585961184095,1.687340208886132
-28.47574350044155,5.081522017736127,1.6828179313092322
-28.47574350044155,5.081522017736127,1.6828179313092322
-28.49177119348684,5.068696208449895,1.668462705839496
-28.49177119348684,5.068696208449895,1.668462705839496
-28.49177119348684,5.068696208449895,1.668462705839496
-28.505942206761233,5.0816271053625925,1.6171825211877877
-28.504727200769175,5.08174642054923,1.6196970750494275
-28.504727200769175,5.08174642054923,1.6196970750494275
-28.504727200769175,5.08174642054923,1.6196970750494275
-28.504781217386725,5.082174738272189,1.618890331495115
-28.520904752964704,5.073686990781681,1.5963103216658625
-28.476005687302923,5.142473922896672,1.5842369897593647
-28.476005687302923,5.142473922896672,1.5842369897593647
-28.482089286008872,5.141976137196645,1.5712454314423627
-28.48674615590383,5.142081989513516,1.5603612402129483
-28.48674615590383,5.142081989513516,1.5603612402129483
-28.501267306634787,5.1238299023234415,1.557974888024665
-28.501267306634787,5.1238299023234415,1.557974888024665
-28.501267306634787,5.1238299023234415,1.557974888024665
-28.504605563318606,5.121037519041858,1.5549726333782627
-28.548674361650136,5.099573730638114,1.486226149176336
-28.548674361650136,5.099573730638114,1.486226149176336
-28.545817879549322,5.105135869590452,1.483402546729856
-28.545817879549322,5.105135869590452,1.483402546729856
-28.570077260900852,5.076811300099509,1.4730413845446344
-28.570077260900852,5.076811300099509,1.4730413845446344
-28.561568271986392,5.089446093255702,1.4719720854270462
-28.561568271986392,5.089446093255702,1.4719720854270462
-28.54924806594195,5.09795159874562,1.4876887171451794
-28.54924806594195,5.09795159874562,1.4876887171451794
-28.54924806594195,5.09795159874562,1.4876887171451794
-28.53029844840122,5.126840107721468,1.4829466255822314
-28.527330552781475,5.130798628680341,1.4831439667153836
-28.527330552781475,5.130798628680341,1.4831439667153836
-28.528554225005053,5.126722190036794,1.4874846486493207
-28.528554225005053,5.126722190036794,1.4874846486493207
-28.633220331644594,4.95508188068756,1.521800156867513
-28.633220331644594,4.95508188068756,1.521800156867513
-28.63255552727556,4.956454241450265,1.5212236307727265
-28.63255552727556,4.956454241450265,1.5212236307727265
-28.612744557663717,5.022275431446419,1.4602240355986265
-28.612744557663717,5.022275431446419,1.4602240355986265
-28.625782027810224,4.986217158626593,1.4889062532856823
-28.625782027810224,4.986217158626593,1.4889062532856823
-28.631987265898015,4.979352413587249,1.4846681473261225
-28.631987265898015,4.979352413587249,1.4846681473261225
-28.736456333092026,5.061676084483111,1.3944105110495413
-28.736456333092026,5.061676084483111,1.3944105110495413
-28.7307276541925,5.061969724880841,1.4100410692943133
-28.7307276541925,5.061969724880841,1.4100410692943133
-28.729746989486596,5.062447931716021,1.4118961392114382
-28.729746989486596,5.062447931716021,1.4118961392114382
-28.74104250712567,5.037033917003504,1.4272398599393332
-28.74104250712567,5.037033917003504,1.4272398599393332
-28.743087633679025,5.033230609771562,1.4284820375773146
-28.743087633679025,5.033230609771562,1.4284820375773146
-28.76143529457628,4.9867224240324,1.4605766432460512
-28.76143529457628,4.9867224240324,1.4605766432460512
-28.75830972244293,5.003488925112438,1.4397545732779389
-28.75830972244293,5.003488925112438,1.4397545732779389
-28.759911432046202,5.00288456496445,1.436402575502504
-28.759911432046202,5.00288456496445,1.436402575502504
-28.831993103806315,5.102912502796194,1.4002018399489595
-28.831993103806315,5.102912502796194,1.4002018399489595
-28.9347999984671,5.332236146717773,1.3766608564092566
-28.9347999984671,5.332236146717773,1.3766608564092566
-28.942291225544913,5.319781660035366,1.3804542438353364
-28.942291225544913,5.319781660035366,1.3804542438353364
-29.058662911599097,5.0849859571440295,1.4913826446356977
-29.058662911599097,5.0849859571440295,1.4913826446356977
-29.699195554750297,4.909858673470342,1.6342011653060948
-29.699195554750297,4.909858673470342,1.6342011653060948
-26.117884578413854,3.040852704511591,0.4388310200623845
-26.117884578413854,3.040852704511591,0.4388310200623845
-26.11918004175016,3.0360529201367354,0.4390079433016168
-26.11918004175016,3.0360529201367354,0.4390079433016168
-26.033396513929173,2.995471069948387,0.401584569934567
-26.033396513929173,2.995471069948387,0.401584569934567
-26.03359185751942,2.9980172775599407,0.3986133415034193
-26.03359185751942,2.9980172775599407,0.3986133415034193
-26.033968042432736,2.998518975374157,0.39680789249286075
-26.033968042432736,2.998518975374157,0.39680789249286075
-26.033221267900522,3.0017830073405487,0.39645278153831054
-26.033221267900522,3.0017830073405487,0.39645278153831054
-26.03442567558586,3.0037547676686494,0.39013628171584475
-26.034487881268745,3.0046034175107823,0.38906093072378717
-26.034487881268745,3.0046034175107823,0.38906093072378717
-26.034487881268745,3.0046034175107823,0.38906093072378717
-26.0342524464747,3.007103582429504,0.387425178977403
-26.0342524464747,3.007103582429504,0.387425178977403
-26.03262112565675,3.0172006457996563,0.38293416276590075
-26.03262112565675,3.0172006457996563,0.38293416276590075
-26.032086464901838,3.017797476107842,0.3843415165802283
-26.032086464901838,3.017797476107842,0.3843415165802283
-26.032086464901838,3.017797476107842,0.3843415165802283
-26.031591743602434,3.020056982793557,0.3837357437858492
-26.031591743602434,3.020056982793557,0.3837357437858492
-26.031678389920536,3.0202105571891296,0.3832282611577923
-26.031678389920536,3.0202105571891296,0.3832282611577923
-26.03145534184324,3.022531781098904,0.3814548932208441
-26.03145534184324,3.022531781098904,0.3814548932208441
-26.122926993672117,3.057848201608119,0.40264311615308995
-26.122926993672117,3.057848201608119,0.40264311615308995
-26.12274199992948,3.058362156515246,0.40275304808212475
-26.12274199992948,3.058362156515246,0.40275304808212475
-26.122414729808032,3.0604287243653285,0.40152865628871165
-26.122414729808032,3.0604287243653285,0.40152865628871165
-26.122292846363464,3.0612139720490026,0.40104528761074204
-26.122292846363464,3.0612139720490026,0.40104528761074204
-26.02986435105516,3.032859640401961,0.37535281214985694
-26.02986435105516,3.032859640401961,0.37535281214985694
-26.120297820669872,3.069036343593732,0.3991369104217767
-26.120297820669872,3.069036343593732,0.3991369104217767
-26.120297820669872,3.069036343593732,0.3991369104217767
-26.12026382960095,3.0691367336623325,0.39914370377232056
-26.45904744018744,3.2751159872951474,0.49125803486224584
-26.45904744018744,3.2751159872951474,0.49125803486224584
-26.459255012254875,3.2704891296065086,0.4977693001438596
-26.459255012254875,3.2704891296065086,0.4977693001438596
-26.541658146383597,3.318174238777945,0.5327034831618017
-26.541658146383597,3.318174238777945,0.5327034831618017
-26.54268471360429,3.3163021968849185,0.5318123957903013
-26.54268471360429,3.3163021968849185,0.5318123957903013
-26.54268471360429,3.3163021968849185,0.5318123957903013
-26.54228900477316,3.3172576990013476,0.5317991933039519
-26.54228900477316,3.3172576990013476,0.5317991933039519
-26.551019963235408,3.2957152482435212,0.5319818246116618
-26.46886944413374,3.2513989476400487,0.48982916450469444
-26.46886944413374,3.2513989476400487,0.48982916450469444
-26.46886944413374,3.2513989476400487,0.48982916450469444
-26.465364584364448,3.2576746305443973,0.49398824541836817
-26.465364584364448,3.2576746305443973,0.49398824541836817
-26.46112145440859,3.276751563089082,0.48029975089078325
-26.461204420325114,3.275796254543342,0.4815618432893031
-26.461204420325114,3.275796254543342,0.4815618432893031
-26.459838819402346,3.2769885950467734,0.48508098638263625
-26.459838819402346,3.2769885950467734,0.48508098638263625
-26.445283723432347,3.319825147528318,0.46822507007323383
-26.445283723432347,3.319825147528318,0.46822507007323383
-26.445283723432347,3.319825147528318,0.46822507007323383
-25.768654283399414,3.121731796938063,0.3314780761364399
-25.768654283399414,3.121731796938063,0.3314780761364399
-25.65697878403591,3.099576219188049,0.31740742909355424
-25.65697878403591,3.099576219188049,0.31740742909355424
-25.658996226126725,3.0986261895386025,0.31436859761870617
-25.658996226126725,3.0986261895386025,0.31436859761870617
-25.657990352827625,3.0990374530440725,0.3160667626087883
-25.657990352827625,3.0990374530440725,0.3160667626087883
-25.65776336123446,3.0992332580172364,0.31617211602103557
-25.65776336123446,3.0992332580172364,0.31617211602103557
-25.65780382217497,3.0991747097992444,0.3162160110576013
-25.65780382217497,3.0991747097992444,0.3162160110576013
-25.65777631224824,3.099112555857056,0.3164557224315575
-25.65777631224824,3.099112555857056,0.3164557224315575
-25.657774467952596,3.09907889727647,0.31654957061969125
-25.657774467952596,3.09907889727647,0.31654957061969125
-25.657774467952596,3.09907889727647,0.31654957061969125
-25.663777103980646,3.0941234320713944,0.3128262239386729
-25.66462632439416,3.0924795270423218,0.31474245411365803
-25.66462632439416,3.0924795270423218,0.31474245411365803
-25.665110521299447,3.0918359913843223,0.3150418777607449
-25.665110521299447,3.0918359913843223,0.3150418777607449
-25.66529076650382,3.0916601170622986,0.31498578262944216
-25.66529076650382,3.0916601170622986,0.31498578262944216
-25.665409040769706,3.091776271951492,0.3143435803961545
-25.665409040769706,3.091776271951492,0.3143435803961545
-25.664337841120627,3.0939466228750954,0.311665713846762
-25.664337841120627,3.0939466228750954,0.311665713846762
-25.664337841120627,3.0939466228750954,0.311665713846762
-25.66714120019707,3.0907387081936295,0.31203955556649315
-25.661394279000046,3.098987422523342,0.3063064354123909
-25.661394279000046,3.098987422523342,0.3063064354123909
-25.661394279000046,3.098987422523342,0.3063064354123909
-25.666528457738725,3.089984000163738,0.3157932139014983
-25.666528457738725,3.089984000163738,0.3157932139014983
-25.666528457738725,3.089984000163738,0.3157932139014983
-25.66620557559528,3.09014465442089,0.31629704461701025
-25.66620557559528,3.09014465442089,0.31629704461701025
-25.666219679488965,3.0894726641347856,0.3179585948736556
-25.666211449462043,3.089390774974831,0.31818655564430676
-25.666211449462043,3.089390774974831,0.31818655564430676
-25.66639466608095,3.0889986233237496,0.3186572008583177
-25.66639466608095,3.0889986233237496,0.3186572008583177
-25.666307409804027,3.0890652099719267,0.31873270552229116
-25.666307409804027,3.0890652099719267,0.31873270552229116
-25.66629597108149,3.0889107383742083,0.3191472361396285
-25.66629597108149,3.0889107383742083,0.3191472361396285
-25.662790289024876,3.0916129249345823,0.3219702285461692
-25.662790289024876,3.0916129249345823,0.3219702285461692
-25.663510433302847,3.0910457968490253,0.32144080361947597
-25.663510433302847,3.0910457968490253,0.32144080361947597
-25.67154796566944,3.0813078985335998,0.32303250293435515
-25.67154796566944,3.0813078985335998,0.32303250293435515
-25.67129900068085,3.0815866391200073,0.3230587132512306
-25.670760493352176,3.0822395367538737,0.3229948667302128
-25.670760493352176,3.0822395367538737,0.3229948667302128
-25.66898278065613,3.083131243963193,0.3256590801777225
-25.66898278065613,3.083131243963193,0.3256590801777225
-25.67216496160302,3.0797690733772294,0.3249002352080157
-25.67216496160302,3.0797690733772294,0.3249002352080157
-25.67216496160302,3.0797690733772294,0.3249002352080157
-25.75848450341717,3.13089959988441,0.3413262269013589
-25.75848450341717,3.13089959988441,0.3413262269013589
-25.77174334213476,3.1236874754660278,0.31508749982577966
-25.77992886586479,3.1154572809709604,0.3060216335601924
-25.77992886586479,3.1154572809709604,0.3060216335601924
-25.78041787061548,3.114977263640429,0.3053677550501482
-25.78041787061548,3.114977263640429,0.3053677550501482
-25.780175008566772,3.115075401967374,0.30613145561540933
-25.780175008566772,3.115075401967374,0.30613145561540933
-26.353267893491708,3.4947626110291328,0.4388421579010614
-26.353267893491708,3.4947626110291328,0.4388421579010614
-25.776835953438763,3.1201282642904444,0.3048450518167553
-25.776835953438763,3.1201282642904444,0.3048450518167553
-25.779534621302876,3.1156684524200022,0.30708619987389796
-25.779534621302876,3.1156684524200022,0.30708619987389796
-25.779324693952148,3.115931681175974,0.3071831131566972
-25.779324693952148,3.115931681175974,0.3071831131566972
-25.78128930446026,3.1135116374764857,0.30608941489835956
-25.78128930446026,3.1135116374764857,0.30608941489835956
-25.78128930446026,3.1135116374764857,0.30608941489835956
-26.421863950847513,3.5563581084813,0.49093107436998074
-26.421863950847513,3.5563581084813,0.49093107436998074
-26.41790209607495,3.563857831815446,0.48600697377656155
-26.41790209607495,3.563857831815446,0.48600697377656155
-25.775424306308835,3.1192518334720183,0.31346347099249944
-25.775424306308835,3.1192518334720183,0.31346347099249944
-25.774208516328343,3.120459621483086,0.31478826140430893
-25.774208516328343,3.120459621483086,0.31478826140430893
-26.421043401934288,3.555600750078331,0.4959706510487701
-26.421043401934288,3.555600750078331,0.4959706510487701
-26.41965813637325,3.557991957892932,0.4949227636124846
-26.41965813637325,3.557991957892932,0.4949227636124846
-26.444215063608997,3.522600738514917,0.4922833699716498
-26.444215063608997,3.522600738514917,0.4922833699716498
-26.441850949837992,3.526995816887206,0.49034572142085014
-26.441850949837992,3.526995816887206,0.49034572142085014
-26.441850949837992,3.526995816887206,0.49034572142085014
-26.376596368557134,3.456833445580936,0.44533030634768755
-26.376596368557134,3.456833445580936,0.44533030634768755
-26.376596368557134,3.456833445580936,0.44533030634768755
-26.425533981672825,3.551390992050468,0.4900574579308365
-26.425533981672825,3.551390992050468,0.4900574579308365
-25.70022605378842,3.0619775663738302,0.27351462755061223
-25.70022605378842,3.0619775663738302,0.27351462755061223
-25.70022605378842,3.0619775663738302,0.27351462755061223
-25.700387680620064,3.0613208035613,0.27518938763704914
-25.70026980358149,3.0618678071950924,0.2737072860439412
-25.70026980358149,3.0618678071950924,0.2737072860439412
-25.782466737743885,3.1169794525362526,0.2883761929638342
-25.782466737743885,3.1169794525362526,0.2883761929638342
-25.782854334842167,3.1164670292039434,0.28824326486940266
-25.782854334842167,3.1164670292039434,0.28824326486940266
-25.784746100598714,3.112203748316131,0.294055924181878
-25.785477847275146,3.1133090880701237,0.2859662712381681
-25.785479797386003,3.1132052295205628,0.28636617247424695
-25.785479797386003,3.1132052295205628,0.28636617247424695
-25.785479797386003,3.1132052295205628,0.28636617247424695
-25.785382548573644,3.1132880208444753,0.28659071855598905
-25.785382548573644,3.1132880208444753,0.28659071855598905
-25.784495894081143,3.114065345815605,0.28850997885693264
-25.784495894081143,3.114065345815605,0.28850997885693264
-25.785696356695162,3.1120473555640435,0.2896223495818736
-25.785696356695162,3.1120473555640435,0.2896223495818736
-25.785845614840458,3.1115128752767873,0.2908093805514228
-25.785845614840458,3.1115128752767873,0.2908093805514228
-25.78616136700759,3.1106601366962385,0.29225117018551905
-25.78616136700759,3.1106601366962385,0.29225117018551905
-25.785227516829856,3.1116630334958764,0.293508748071328
-25.785227516829856,3.1116630334958764,0.293508748071328
-26.348911126921898,3.4991189591996337,0.4447074976855466
-26.348911126921898,3.4991189591996337,0.4447074976855466
-26.350044176334137,3.498863230065521,0.4406340266463625
-26.350044176334137,3.498863230065521,0.4406340266463625
-26.350044176334137,3.498863230065521,0.4406340266463625
-26.357400899882517,3.4912847561775457,0.43098150470275365
-26.357400899882517,3.4912847561775457,0.43098150470275365
-26.35661380234876,3.4922545414993893,0.4315747899606715
-26.35661380234876,3.4922545414993893,0.4315747899606715
-26.35660113516152,3.4932688088897237,0.42851301823200766
-26.35660113516152,3.4932688088897237,0.42851301823200766
-26.356135039987308,3.4948932936677717,0.4255817662567369
-26.356135039987308,3.4948932936677717,0.4255817662567369
-26.356135039987308,3.4948932936677717,0.4255817662567369
-26.355911417211445,3.4957113571878065,0.4240331607475504
-26.355911417211445,3.4957113571878065,0.4240331607475504
-25.776422299454538,3.1198334664003102,0.3075750177752856
-25.776422299454538,3.1198334664003102,0.3075750177752856
-26.354531069956515,3.496417102478935,0.4281853272585502
-25.784654906951182,3.1094848928494287,0.3035588901430848
-25.784654906951182,3.1094848928494287,0.3035588901430848
-25.783229718678303,3.1132565226661035,0.2979548140528367
-25.783229718678303,3.1132565226661035,0.2979548140528367
-26.43855708630042,3.533437344203994,0.48665044496192245
-26.43855708630042,3.533437344203994,0.48665044496192245
-26.470032554186,3.4759473463121346,0.50415435106737
-26.470032554186,3.4759473463121346,0.50415435106737
-26.470032554186,3.4759473463121346,0.50415435106737
-26.468378004807747,3.480714658966588,0.4996821253517225
-26.468378004807747,3.480714658966588,0.4996821253517225
-26.468378004807747,3.480714658966588,0.4996821253517225
-26.468378004807747,3.480714658966588,0.4996821253517225
-26.386206881064137,3.4299983120194635,0.4731911877438206
-26.386206881064137,3.4299983120194635,0.4731911877438206
-26.385879692053106,3.430774750218001,0.47266348789111423
-26.385879692053106,3.430774750218001,0.47266348789111423
-26.386285463037467,3.4307260494229253,0.4711885148538174
-26.386285463037467,3.4307260494229253,0.4711885148538174
-26.384916803940936,3.4335243542276332,0.46999350937737583
-26.384916803940936,3.4335243542276332,0.46999350937737583
-26.384474435720342,3.4363710209974094,0.46494661511343766
-26.384474435720342,3.4363710209974094,0.46494661511343766
-26.39262754313827,3.424865148486519,0.4595895978412994
-26.39262754313827,3.424865148486519,0.4595895978412994
-26.38658885379471,3.436224834954826,0.45665890615541316
-26.38658885379471,3.436224834954826,0.45665890615541316
-26.386755611763967,3.436212572356512,0.4559942147053499
-26.386755611763967,3.436212572356512,0.4559942147053499
-26.389467662278786,3.4261465506860413,0.46934064603537506
-26.389467662278786,3.4261465506860413,0.46934064603537506
-26.402707793428064,3.410551106700993,0.45185868487111763
-26.402707793428064,3.410551106700993,0.45185868487111763
-26.399519228439644,3.416656060455524,0.4505876753432952
-26.398150542406192,3.4197881468779094,0.44869399777755925
-26.398150542406192,3.4197881468779094,0.44869399777755925
-26.398150542406192,3.4197881468779094,0.44869399777755925
-28.80423771588679,5.155653736114539,1.3782472183952288
-25.75132342909709,3.1351450270599055,0.3519892478999447
-25.75132342909709,3.1351450270599055,0.3519892478999447
-25.672102503300803,3.079911565818786,0.3247438503358766
-25.672102503300803,3.079911565818786,0.3247438503358766
-25.756794976004265,3.128455174947348,0.3517248951119024
-25.756794976004265,3.128455174947348,0.3517248951119024
-25.756794976004265,3.128455174947348,0.3517248951119024
-25.75454080494881,3.1300452686317177,0.354426878352082
-25.75454080494881,3.1300452686317177,0.354426878352082
-25.75313114918323,3.1314115778150144,0.35526961349860725
-25.752440974632748,3.131927522629179,0.355997233902004
-25.752440974632748,3.131927522629179,0.355997233902004
-25.752440974632748,3.131927522629179,0.355997233902004
-25.752254486804205,3.13203944383155,0.3562508618290803
-25.75126908208343,3.1326894792254,0.35745400740109423
-25.75126908208343,3.1326894792254,0.35745400740109423
-25.75133364606952,3.13257276878064,0.35753262408598446
-25.75133364606952,3.13257276878064,0.35753262408598446
-28.525868737335706,5.3316092818997225,1.4329094224288847
-28.525868737335706,5.3316092818997225,1.4329094224288847
-25.75209445687399,3.1298944551328316,0.3611406308075308
-25.75209445687399,3.1298944551328316,0.3611406308075308
-25.75249148828326,3.1296394383340287,0.3606490771907567
-25.75249148828326,3.1296394383340287,0.3606490771907567
-25.752539193791407,3.1299729720702407,0.35984089209113074
-25.752539193791407,3.1299729720702407,0.35984089209113074
-25.752605494324907,3.1299287197959984,0.3597615540513566
-25.752605494324907,3.1299287197959984,0.3597615540513566
-25.753774251133752,3.1288555027543117,0.35895625663526654
-25.753774251133752,3.1288555027543117,0.35895625663526654
-28.544919473613795,5.308605500646371,1.4305590927129108
-28.540227611105376,5.3176183937923,1.4243480154657078
-28.540227611105376,5.3176183937923,1.4243480154657078
-28.540227611105376,5.3176183937923,1.4243480154657078
-28.54029250668613,5.311235717608459,1.4372161092520905
-28.54029250668613,5.311235717608459,1.4372161092520905
-28.54348275896221,5.125600289593027,1.4519854983323677
-28.54348275896221,5.125600289593027,1.4519854983323677
-28.54348275896221,5.125600289593027,1.4519854983323677
-28.53610905134203,5.148005395119986,1.4288433421344866
-28.53610905134203,5.148005395119986,1.4288433421344866
-28.538079210095162,5.146754795154529,1.4261022437944328
-28.538079210095162,5.146754795154529,1.4261022437944328
-28.60997299035288,5.212794217382964,1.45076526718563
-28.60997299035288,5.212794217382964,1.45076526718563
-28.5965222252396,5.24784222978744,1.4173544709496673
-28.5965222252396,5.24784222978744,1.4173544709496673
-28.588111983841586,5.268301853687058,1.3983778492171186
-28.588111983841586,5.268301853687058,1.3983778492171186
-25.752810924081867,3.1296406496604656,0.359826695050658
-25.752810924081867,3.1296406496604656,0.359826695050658
-28.533708942084534,5.322354200429501,1.4315974986311815
-28.533708942084534,5.322354200429501,1.4315974986311815
-28.527899989442318,5.320158327530641,1.4509824441833674
-28.527899989442318,5.320158327530641,1.4509824441833674
-25.757418137334522,3.1268654830590044,0.35344202541121583
-25.757418137334522,3.1268654830590044,0.35344202541121583
-25.756315980821828,3.1277657592177586,0.3545131821984083
-25.75638712649954,3.1277727415365355,0.35430621298149984
-25.75638712649954,3.1277727415365355,0.35430621298149984
-28.61915758290078,5.381979948104103,1.4327938633368829
-28.61915758290078,5.381979948104103,1.4327938633368829
-28.61915758290078,5.381979948104103,1.4327938633368829
-28.57523695555644,5.280232988206501,1.40853715213281
-28.57523695555644,5.280232988206501,1.40853715213281
-28.573044818119346,5.2861804560006735,1.4021682584749764
-28.573044818119346,5.2861804560006735,1.4021682584749764
-28.54226221958827,5.308903485807647,1.436851427903649
-28.54226221958827,5.308903485807647,1.436851427903649
-28.543661282160148,5.30795021875129,1.4351611387267138
-28.543661282160148,5.30795021875129,1.4351611387267138
-25.75875518863033,3.1264853459150714,0.3505713303289518
-25.75875518863033,3.1264853459150714,0.3505713303289518
-26.429391951295223,3.548363179306495,0.4831926374810943
-26.429391951295223,3.548363179306495,0.4831926374810943
-26.37379477440033,3.4664003606501277,0.43079403167580954
-26.37379477440033,3.4664003606501277,0.43079403167580954
-26.373696994696175,3.465817223565721,0.43294861152748076
-26.373696994696175,3.465817223565721,0.43294861152748076
-26.431466183047192,3.5462594582842537,0.4806746011861487
-26.431466183047192,3.5462594582842537,0.4806746011861487
-26.36704937343005,3.475953786358717,0.43340168131710977
-26.36704937343005,3.475953786358717,0.43340168131710977
-26.36704937343005,3.475953786358717,0.43340168131710977
-26.36704937343005,3.475953786358717,0.43340168131710977
-26.356840304793977,3.4890220751997667,0.44022056465519327
-26.356840304793977,3.4890220751997667,0.44022056465519327
-26.430988790517727,3.543582775991564,0.4896028597905962
-26.430988790517727,3.543582775991564,0.4896028597905962
-26.435897377476902,3.539628358241013,0.48086560000221
-26.435897377476902,3.539628358241013,0.48086560000221
-26.35751641496001,3.488024066236439,0.4401999936818641
-26.35751641496001,3.488024066236439,0.4401999936818641
-26.35751641496001,3.488024066236439,0.4401999936818641
-26.35751641496001,3.488024066236439,0.4401999936818641
-26.35811237912137,3.4879336269624917,0.4378647434919781
-26.35811237912137,3.4879336269624917,0.4378647434919781
-26.357376995253134,3.491064788573693,0.43176018037605096
-26.357376995253134,3.491064788573693,0.43176018037605096
-26.374488637385564,3.473539241374524,0.40492425721400693
-26.374488637385564,3.473539241374524,0.40492425721400693
-26.365188561492268,3.4811233735012364,0.42636933357585605
-26.365188561492268,3.4811233735012364,0.42636933357585605
-26.364069090090673,3.479206239492166,0.43718972357743924
-26.364069090090673,3.479206239492166,0.43718972357743924
-26.120693830597528,3.083134388566372,0.3775109261388796
-26.034191608100993,3.0393504607969923,0.3469484502076882
-26.034191608100993,3.0393504607969923,0.3469484502076882
-26.031355815764563,3.044420500421623,0.3527396558516117
-26.031355815764563,3.044420500421623,0.3527396558516117
-26.031355815764563,3.044420500421623,0.3527396558516117
-26.03131612549306,3.0447944982250523,0.35234676861560565
-26.03131612549306,3.0447944982250523,0.35234676861560565
-26.032106373910242,3.0431129433982274,0.3512013892841847
-26.032106373910242,3.0431129433982274,0.3512013892841847
-26.03253556096939,3.042200193706479,0.3505638377383744
-26.03253556096939,3.042200193706479,0.3505638377383744
-26.032620024275282,3.04197306370988,0.35051110266126306
-26.032414583170542,3.04362684277613,0.3489058969324368
-26.032414583170542,3.04362684277613,0.3489058969324368
-26.032414583170542,3.04362684277613,0.3489058969324368
-26.03249241678851,3.0436724029457882,0.34845381323971747
-26.11853984272334,3.0975601684254395,0.3637064707561639
-26.11853984272334,3.0975601684254395,0.3637064707561639
-26.118246439012573,3.0980769477006507,0.36423459825440574
-26.028443860831302,3.0556701996091906,0.34851977070520657
-26.028443860831302,3.0556701996091906,0.34851977070520657
-26.028443860831302,3.0556701996091906,0.34851977070520657
-26.11535395845331,3.092546263712366,0.386622082297022
-26.11535395845331,3.092546263712366,0.386622082297022
-26.461643793264773,3.2688168300043023,0.4911602081278917
-26.461643793264773,3.2688168300043023,0.4911602081278917
-26.119403067267285,3.090313442608344,0.37199768803346334
-26.119403067267285,3.090313442608344,0.37199768803346334
-26.120174316551026,3.0888671338470015,0.3707420906817799
-26.120174316551026,3.0888671338470015,0.3707420906817799
-26.11912389942329,3.090779799405383,0.37253978457950054
-26.11912389942329,3.090779799405383,0.37253978457950054
-26.11292029042379,3.092752777800544,0.3964334071969994
-26.11292029042379,3.092752777800544,0.3964334071969994
-26.65815262063155,3.274300861963267,0.5718846593540732
-26.65815262063155,3.274300861963267,0.5718846593540732
-26.118515611614054,3.069742269666055,0.40527501661447113
-26.118515611614054,3.069742269666055,0.40527501661447113
-26.117802650768,3.0722670500422993,0.40485460104716753
-26.117802650768,3.0722670500422993,0.40485460104716753
-26.117802650768,3.0722670500422993,0.40485460104716753
-26.117330479832557,3.085529344403566,0.38868197304163604
-26.117330479832557,3.085529344403566,0.38868197304163604
-26.116527712535877,3.08621750371881,0.3910607232499403
-26.116527712535877,3.08621750371881,0.3910607232499403
-26.11233317333986,3.0900209051415173,0.40261868632548625
-26.11233317333986,3.0900209051415173,0.40261868632548625
-26.112461362239053,3.0899237156831,0.4022522166748954
-26.112461362239053,3.0899237156831,0.4022522166748954
-26.566536884393567,3.249905348588287,0.538077422622349
-26.566536884393567,3.249905348588287,0.538077422622349
-26.566536884393567,3.249905348588287,0.538077422622349
-26.566536884393567,3.249905348588287,0.538077422622349
-26.110718943707447,3.096812229569331,0.3993841793306231
-26.110718943707447,3.096812229569331,0.3993841793306231
-26.547426642799998,3.2930953584391696,0.5486277469915648
-26.547426642799998,3.2930953584391696,0.5486277469915648
-26.547625751895026,3.2933558143889434,0.547568495474939
-26.547625751895026,3.2933558143889434,0.547568495474939
-26.547625751895026,3.2933558143889434,0.547568495474939
-26.55629636765275,3.277701825444757,0.5382817982012938
-26.562737876003787,3.269846823192515,0.5252795529700252
-26.562737876003787,3.269846823192515,0.5252795529700252
-26.111669489318892,3.095874808439064,0.3969487242145448
-26.111669489318892,3.095874808439064,0.3969487242145448
-26.111669489318892,3.095874808439064,0.3969487242145448
-26.111475113742255,3.096288794305694,0.3971268231776607
-26.11174929098267,3.0953687664108185,0.39736336736279454
-26.11174929098267,3.0953687664108185,0.39736336736279454
-26.11174929098267,3.0953687664108185,0.39736336736279454
-26.559132000712935,3.2718527717946415,0.535973838114995
-26.559132000712935,3.2718527717946415,0.535973838114995
-26.550784885185937,3.2937224467148196,0.5357429826448048
-26.550784885185937,3.2937224467148196,0.5357429826448048
-26.551049616414033,3.2914120306071446,0.5380928060269654
-26.551049616414033,3.2914120306071446,0.5380928060269654
-26.551049616414033,3.2914120306071446,0.5380928060269654
-26.551049616414033,3.2914120306071446,0.5380928060269654
-31.592912496771795,5.381640476255518,2.185199267689069
-26.111783199784302,3.09737901424886,0.39427610205400543
-26.111783199784302,3.09737901424886,0.39427610205400543
-26.554582612698322,3.285839905387716,0.5331236692667347
-26.554582612698322,3.285839905387716,0.5331236692667347
-26.554582612698322,3.285839905387716,0.5331236692667347
-26.565238116815415,3.2665687202857754,0.5203198643192422
-26.565238116815415,3.2665687202857754,0.5203198643192422
-26.565238116815415,3.2665687202857754,0.5203198643192422
-26.565238116815415,3.2665687202857754,0.5203198643192422
-26.552848986806055,3.2941925615118155,0.5274162570836283
-26.552848986806055,3.2941925615118155,0.5274162570836283
-26.463611279215403,3.257960174853048,0.5002944568089838
-26.463611279215403,3.257960174853048,0.5002944568089838
-26.4639636478563,3.257353371133958,0.4998631789034033
-26.4639636478563,3.257353371133958,0.4998631789034033
-26.462801744242743,3.2592369124791274,0.501451797001633
-26.462801744242743,3.2592369124791274,0.501451797001633
-26.551284721362816,3.296871967410893,0.5292944947113237
-26.54717115563589,3.306093166393124,0.530789100140518
-26.54717115563589,3.306093166393124,0.530789100140518
-26.45594371959364,3.275722963348484,0.5021696533505908
-26.45594371959364,3.275722963348484,0.5021696533505908
-26.45454720523785,3.277961046058845,0.5039180812960589
-26.45454720523785,3.277961046058845,0.5039180812960589
-26.44564717628875,3.3021605096956743,0.49837781994296243
-26.44564717628875,3.3021605096956743,0.49837781994296243
-26.44564717628875,3.3021605096956743,0.49837781994296243
-26.43863573408804,3.317784472028922,0.49824960981388233
-26.450564976726767,3.2944036176538756,0.4925744305762994
-26.450564976726767,3.2944036176538756,0.4925744305762994
-26.447206313224136,3.295967273811382,0.502706449130538
-26.447206313224136,3.295967273811382,0.502706449130538
-26.463788112088256,3.270482580561624,0.47987898469873597
-26.463788112088256,3.270482580561624,0.47987898469873597
-26.526886977644033,3.347825741505684,0.5394441593575738
-26.526886977644033,3.347825741505684,0.5394441593575738
-26.447795925010205,3.2994319759804327,0.494790718925129
-26.447795925010205,3.2994319759804327,0.494790718925129
-26.449953718678934,3.2977981532674656,0.48922365575123467
-26.449953718678934,3.2977981532674656,0.48922365575123467
-26.43632340378363,3.3182978285259392,0.5058954588313463
-26.43632340378363,3.3182978285259392,0.5058954588313463
-26.443645484270924,3.3057286569168456,0.4999384519173341
-26.443645484270924,3.3057286569168456,0.4999384519173341
-26.44536277385871,3.302573193677542,0.49876039485810036
-26.44536277385871,3.302573193677542,0.49876039485810036
-26.444242455909897,3.3079870537229925,0.4938741775438029
-26.444242455909897,3.3079870537229925,0.4938741775438029
-26.449154532242872,3.2992755500606314,0.4898210099953114
-26.449154532242872,3.2992755500606314,0.4898210099953114
-26.445572643870424,3.3069102243352138,0.4906160115294243
-26.416766353680313,3.3661977788939144,0.4917328745492432
-26.416766353680313,3.3661977788939144,0.4917328745492432
-26.418161638335707,3.3628827308911817,0.4928902315642549
-26.418161638335707,3.3628827308911817,0.4928902315642549
-26.418161638335707,3.3628827308911817,0.4928902315642549
-26.418161638335707,3.3628827308911817,0.4928902315642549
-26.422574252804633,3.359804875866123,0.48203351665411914
-26.475371862670606,3.459123558709382,0.5205403955539039
-26.475371862670606,3.459123558709382,0.5205403955539039
-26.482759060355853,3.445086661376706,0.5224916902153243
-26.482759060355853,3.445086661376706,0.5224916902153243
-26.482628920676085,3.443970175363745,0.5251737959970859
-26.482628920676085,3.443970175363745,0.5251737959970859
-26.445874952774716,3.3240706836530522,0.4572722410569159
-26.445099576771447,3.3158186590227436,0.4765627246823573
-26.445099576771447,3.3158186590227436,0.4765627246823573
-26.42330539314522,3.3543308655459185,0.48984547348323926
-26.42330539314522,3.3543308655459185,0.48984547348323926
-26.419901308341046,3.3622614698510094,0.4875229444439941
-26.419901308341046,3.3622614698510094,0.4875229444439941
-26.419901308341046,3.3622614698510094,0.4875229444439941
-26.419578361462897,3.3635030607273912,0.4863296543737928
-26.419578361462897,3.3635030607273912,0.4863296543737928
-26.415860319502976,3.369730138281771,0.48825101772337853
-26.415860319502976,3.369730138281771,0.48825101772337853
-26.43545137516858,3.3290115529812905,0.4905120570466889
-26.43545137516858,3.3290115529812905,0.4905120570466889
-26.436407557192364,3.3272514696266864,0.4900228301612754
-26.436407557192364,3.3272514696266864,0.4900228301612754
-26.46348863478143,3.2783765057868863,0.46760679888839357
-26.46348863478143,3.2783765057868863,0.46760679888839357
-26.46244224380774,3.280048132759615,0.4691216428407274
-26.46107966265066,3.2826598256786585,0.47029023929864544
-26.46107966265066,3.2826598256786585,0.47029023929864544
-26.442563091551317,3.316022414942956,0.48631741403239676
-26.442563091551317,3.316022414942956,0.48631741403239676
-26.465001637509665,3.274681938696446,0.46762931993357204
-26.465001637509665,3.274681938696446,0.46762931993357204
-26.114376897896186,3.1033741735882376,0.37345953337335325
-26.114376897896186,3.1033741735882376,0.37345953337335325
-26.114435393736752,3.1032849376538705,0.37334183958197137
-26.114435393736752,3.1032849376538705,0.37334183958197137
-26.113257984156014,3.1055475364985083,0.3748825232833651
-26.113257984156014,3.1055475364985083,0.3748825232833651
-26.03112889732132,3.0539405788047533,0.3379416911187682
-26.03112889732132,3.0539405788047533,0.3379416911187682
-26.027259958453964,3.0611357953310656,0.3449059020782722
-26.027259958453964,3.0611357953310656,0.3449059020782722
-26.46451473692064,3.270845633623066,0.4762786093019586
-26.46451473692064,3.270845633623066,0.4762786093019586
-26.029547094471656,3.052383459351883,0.3486492835956879
-26.029547094471656,3.052383459351883,0.3486492835956879
-26.118822209048105,3.094743266390873,0.367282692762515
-26.118822209048105,3.094743266390873,0.367282692762515
-26.114707251896213,3.102197805091932,0.37394532452333956
-26.114707251896213,3.102197805091932,0.37394532452333956
-26.1147957506592,3.1019868863247972,0.37389606397680564
-26.115612736454718,3.1009749198040173,0.37182655608985615
-26.115612736454718,3.1009749198040173,0.37182655608985615
-26.116253230161423,3.0991989056956952,0.37186899750932695
-26.116253230161423,3.0991989056956952,0.37186899750932695
-26.116271860901215,3.099265439148804,0.3716677389578699
-26.116271860901215,3.099265439148804,0.3716677389578699
-26.116271860901215,3.099265439148804,0.3716677389578699
-26.032413337017147,3.054002286577479,0.3308202983383929
-26.032413337017147,3.054002286577479,0.3308202983383929
-26.116725886643888,3.1094662398727757,0.3502838944237243
-26.116725886643888,3.1094662398727757,0.3502838944237243
-26.46820362822459,3.279905292854301,0.4434822476052396
-26.46820362822459,3.279905292854301,0.4434822476052396
-26.468281607427006,3.2798240306454125,0.4432704762474474
-26.468281607427006,3.2798240306454125,0.4432704762474474
-26.468645715315997,3.2789800271163827,0.44319234514341593
-26.468645715315997,3.2789800271163827,0.44319234514341593
-26.027355912782486,3.067221572706168,0.33296069925238303
-26.027355912782486,3.067221572706168,0.33296069925238303
-26.027355912782486,3.067221572706168,0.33296069925238303
-26.37378656763611,3.2604471043408947,0.40486306775312325
-26.37378656763611,3.2604471043408947,0.40486306775312325
-26.112418675371302,3.1210997465391572,0.34921730863199785
-26.112418675371302,3.1210997465391572,0.34921730863199785
-26.112418675371302,3.1210997465391572,0.34921730863199785
-26.112085760477886,3.122100504790104,0.3488663136137491
-26.112085760477886,3.122100504790104,0.3488663136137491
-26.465299920877815,3.2826029520477333,0.4518217288813444
-26.465299920877815,3.2826029520477333,0.4518217288813444
-26.354845048976284,3.3013935344909933,0.4060277964367954
-26.354845048976284,3.3013935344909933,0.4060277964367954
-26.37737107781673,3.4778333208953733,0.37248597266677563
-26.37737107781673,3.4778333208953733,0.37248597266677563
-25.69598425509239,3.0679411367660068,0.2727486899833348
-25.69598425509239,3.0679411367660068,0.2727486899833348
-25.69664832750333,3.0667391461185387,0.27400971094553894
-25.69664832750333,3.0667391461185387,0.27400971094553894
-25.695558885854773,3.0680796156523953,0.2744777797673325
-25.695558885854773,3.0680796156523953,0.2744777797673325
-25.6953135975061,3.0682259925682103,0.27519007775374343
-25.6953135975061,3.0682259925682103,0.27519007775374343
-25.696880549428453,3.066126618425764,0.27519076787025354
-25.696526536809955,3.066892929222433,0.27404906506804855
-25.696526536809955,3.066892929222433,0.27404906506804855
-25.679912320295948,3.085541218902727,0.28275599671051477
-25.679912320295948,3.085541218902727,0.28275599671051477
-25.701540023470944,3.061333387402113,0.26865363357783456
-25.701540023470944,3.061333387402113,0.26865363357783456
-25.694949314465052,3.0687196901414637,0.2751514309354061
-25.694949314465052,3.0687196901414637,0.2751514309354061
-25.780854564053012,3.1177993308292584,0.29379570449968984
-25.780854564053012,3.1177993308292584,0.29379570449968984
-25.78111073134024,3.117044400392094,0.2952197487490463
-25.78074655574525,3.1176977520833917,0.294708099706658
-25.78074655574525,3.1176977520833917,0.294708099706658
-25.698366992599528,3.064557651879559,0.2734269253392971
-25.698366992599528,3.064557651879559,0.2734269253392971
-25.698366992599528,3.064557651879559,0.2734269253392971
-25.692746920440747,3.0703621317088445,0.2799377414785269
-25.787317522407697,3.1130411698019325,0.27578281430917395
-25.787317522407697,3.1130411698019325,0.27578281430917395
-25.710523176628982,3.052820507408377,0.24456944624275584
-25.710523176628982,3.052820507408377,0.24456944624275584
-25.803828426182104,3.0946632567839916,0.21049083021459505
-25.803828426182104,3.0946632567839916,0.21049083021459505
-25.808991940387923,3.078938905217734,0.15423570513867804
-25.808991940387923,3.078938905217734,0.15423570513867804
-26.326078352462083,3.3655623258130722,0.04935010953661759
-26.326078352462083,3.3655623258130722,0.04935010953661759
-26.328411904285158,3.3557626965637923,0.03221128511283913
-26.328411904285158,3.3557626965637923,0.03221128511283913
-26.340750965033177,3.323859828447811,0.00924737638817072
-26.340750965033177,3.323859828447811,0.00924737638817072
-26.08713335384733,3.1664961545566817,0.053234569485682726
-26.08713335384733,3.1664961545566817,0.053234569485682726
-26.095315971263606,3.1548374230105085,0.06598684847393846
-26.095315971263606,3.1548374230105085,0.06598684847393846
-26.09883712685259,3.1560245130933717,0.08706206973411307
-26.09883712685259,3.1560245130933717,0.08706206973411307
-26.09911919287786,3.155454669530065,0.08720128637718691
-26.09911919287786,3.155454669530065,0.08720128637718691
-26.09911919287786,3.155454669530065,0.08720128637718691
-26.015491005118996,3.1048818469750348,0.11487426011892547
-26.017729481487667,3.1017321759042797,0.12073285029692618
-26.017729481487667,3.1017321759042797,0.12073285029692618
-26.01720806344324,3.1056496318385856,0.1289269054695653
-26.01720806344324,3.1056496318385856,0.1289269054695653
-26.01720806344324,3.1056496318385856,0.1289269054695653
-26.015964501337532,3.111833811333529,0.14051171441141425
-26.015964501337532,3.111833811333529,0.14051171441141425
-26.015926057835262,3.1119509671529597,0.14062591036138883
-26.020841617471845,3.1080501664864033,0.1774628966664639
-26.020841617471845,3.1080501664864033,0.1774628966664639
-26.020841617471845,3.1080501664864033,0.1774628966664639
-26.020653887096664,3.1084488106811796,0.17720182017500885
-26.020653887096664,3.1084488106811796,0.17720182017500885
-26.107407581599624,3.1616278837883836,0.19995803631060013
-26.107407581599624,3.1616278837883836,0.19995803631060013
-26.10700250962533,3.162290140171674,0.19552172032243365
-26.101142773122177,3.171566349996744,0.16350933141967589
-26.101142773122177,3.171566349996744,0.16350933141967589
-26.10118208454215,3.171489374940655,0.16355113337416044
-26.10118208454215,3.171489374940655,0.16355113337416044
-26.10164682832276,3.170945867926635,0.16658074806508355
-26.10164682832276,3.170945867926635,0.16658074806508355
-26.09927953092742,3.179204951125301,0.22153217390632193
-26.09927953092742,3.179204951125301,0.22153217390632193
-26.099370757545362,3.1790226360092264,0.2212054594484262
-26.099370757545362,3.1790226360092264,0.2212054594484262
-26.09935580497145,3.179097608037188,0.21805973857372055
-26.09935580497145,3.179097608037188,0.21805973857372055
-26.366498630988687,3.314435020312433,0.2502978186175519
-26.366498630988687,3.314435020312433,0.2502978186175519
-26.36441572372946,3.317902497658577,0.25952809028170426
-26.3645265506167,3.3178866822790423,0.2572011289904136
-26.3645265506167,3.3178866822790423,0.2572011289904136
-26.3645265506167,3.3178866822790423,0.2572011289904136
-26.352703073843443,3.322131733806618,0.3589969877334964
-26.42770027598129,3.36436625072481,0.45111746729731694
-26.42770027598129,3.36436625072481,0.45111746729731694
-26.42770027598129,3.36436625072481,0.45111746729731694
-26.428804591097638,3.3644302804206263,0.44601675998239326
-26.428804591097638,3.3644302804206263,0.44601675998239326
-26.427645908638162,3.36410589490961,0.4519449146038007
-26.42722739354653,3.364321308210803,0.45330594336343466
-26.42722739354653,3.364321308210803,0.45330594336343466
-26.4268093643815,3.364866174664898,0.4539216886217364
-26.4268093643815,3.364866174664898,0.4539216886217364
-26.426259009128838,3.3661730004135753,0.4534085721194411
-26.426259009128838,3.3661730004135753,0.4534085721194411
-26.41381993346514,3.374502447993886,0.48652345580950346
-26.41381993346514,3.374502447993886,0.48652345580950346
-26.41381993346514,3.374502447993886,0.48652345580950346
-26.416467123226433,3.3712606133871255,0.4828767031323586
-26.416467123226433,3.3712606133871255,0.4828767031323586
-26.415298283298657,3.3753788159634097,0.4790332636110178
-26.412925187071313,3.374944293826529,0.489031997877619
-26.412925187071313,3.374944293826529,0.489031997877619
-26.412535336403604,3.374842677892609,0.4906975429277011
-26.412535336403604,3.374842677892609,0.4906975429277011
-26.41259511250435,3.377741053444533,0.48467693945919255
-26.41259511250435,3.377741053444533,0.48467693945919255
-26.437078393921293,3.3321424290517854,0.4783304338647739
-26.437078393921293,3.3321424290517854,0.4783304338647739
-26.47139794554486,3.2573133916600274,0.4699750911191143
-26.47139794554486,3.2573133916600274,0.4699750911191143
-26.121574242588363,3.0585360549039513,0.4071065619981348
-26.121574242588363,3.0585360549039513,0.4071065619981348
-26.121574242588363,3.0585360549039513,0.4071065619981348
-26.044233626225154,2.9760196669417547,0.3779819888582098
-26.046383228558607,2.970494442780587,0.37398854641664486
-26.046383228558607,2.970494442780587,0.37398854641664486
-26.046376611822566,2.9705842240326894,0.3739373888749751
-26.046376611822566,2.9705842240326894,0.3739373888749751
-26.046376611822566,2.9705842240326894,0.3739373888749751
-26.046411474766,2.9704395842913947,0.3739183532817416
-26.044502902881188,2.987473385737228,0.3658303024675815
-26.044502902881188,2.987473385737228,0.3658303024675815
-26.043866502329465,2.988028826404355,0.36803763569631
-26.043866502329465,2.988028826404355,0.36803763569631
-26.03331331619364,3.017690916446317,0.3796673296060731
-26.03331331619364,3.017690916446317,0.3796673296060731
-26.04155479150569,3.0054812353050786,0.3588570217008119
-26.04155479150569,3.0054812353050786,0.3588570217008119
-26.039327968187592,3.0090838823160695,0.364546437140596
-26.039327968187592,3.0090838823160695,0.364546437140596
-26.032563612547992,3.0226880999679473,0.376872133691626
-26.032563612547992,3.0226880999679473,0.376872133691626
-26.036628151491808,3.0183136641056776,0.36513951521247345
-26.036628151491808,3.0183136641056776,0.36513951521247345
-26.037611572965528,3.0209677726064013,0.35729763740709575
-26.037611572965528,3.0209677726064013,0.35729763740709575
-26.03598727407173,3.0270139269166543,0.3565882555078728
-26.035167206124733,3.036499210493974,0.3465813090636575
-26.035167206124733,3.036499210493974,0.3465813090636575
-26.03577618898336,3.041403924858322,0.33531900110851265
-26.03577618898336,3.041403924858322,0.33531900110851265
-26.03577618898336,3.041403924858322,0.33531900110851265
-26.035416707394422,3.0426423004839616,0.33510477727102617
-26.035416707394422,3.0426423004839616,0.33510477727102617
-26.03005602178655,3.056367673324142,0.33918504305466723
-26.03005602178655,3.056367673324142,0.33918504305466723
-26.02980917238586,3.05681391073288,0.3396647196548942
-26.02980917238586,3.05681391073288,0.3396647196548942
-26.108344577753673,3.1148656299241977,0.3809475065556057
-26.108344577753673,3.1148656299241977,0.3809475065556057
-26.11148363984382,3.111653723527408,0.3723878408664496
-26.1127808143079,3.1087432629361813,0.3715157613698392
-26.1127808143079,3.1087432629361813,0.3715157613698392
-26.113208510576406,3.1076782998201833,0.371399378157638
-26.113208510576406,3.1076782998201833,0.371399378157638
-26.113465091992737,3.1083828793325767,0.3689298767432759
-26.113465091992737,3.1083828793325767,0.3689298767432759
-26.113542164137822,3.1084911444796233,0.3683667309103603
-26.113542164137822,3.1084911444796233,0.3683667309103603
-26.114503907661682,3.1079326727842442,0.36473248522339313
-26.114503907661682,3.1079326727842442,0.36473248522339313
-26.114503907661682,3.1079326727842442,0.36473248522339313
-26.114503907661682,3.1079326727842442,0.36473248522339313
-26.114503907661682,3.1079326727842442,0.36473248522339313
-26.114478768954626,3.1080727081299684,0.36459670383014053
-26.114478768954626,3.1080727081299684,0.36459670383014053
-26.11425692763402,3.1110899218532584,0.3599980970690255
-26.11425692763402,3.1110899218532584,0.3599980970690255
-26.11166368215077,3.111614292975943,0.3716198187322394
-26.11166368215077,3.111614292975943,0.3716198187322394
-26.11166368215077,3.111614292975943,0.3716198187322394
-26.112193327612548,3.1113391658375575,0.36962582081286
-26.112801400049264,3.113298373172703,0.3630438157182928
-26.112801400049264,3.113298373172703,0.3630438157182928
-26.112908596168364,3.1135838237674656,0.3619652327593388
-26.112908596168364,3.1135838237674656,0.3619652327593388
-26.113471422092292,3.1108283935064183,0.3644087969481817
-26.113471422092292,3.1108283935064183,0.3644087969481817
-26.113471422092292,3.1108283935064183,0.3644087969481817
-26.114827821068335,3.112518823311654,0.3542274030463054
-26.114827821068335,3.112518823311654,0.3542274030463054
-26.034362770327263,3.033343985248788,0.35518938387041166
-26.034362770327263,3.033343985248788,0.35518938387041166
-26.03976131239117,3.0221939349559395,0.3451963935993434
-26.03976131239117,3.0221939349559395,0.3451963935993434
-26.03941296248343,3.0239467603978825,0.3443716732195824
-26.039346454976908,3.0262674249918606,0.34118990380840053
-26.039346454976908,3.0262674249918606,0.34118990380840053
-26.039346454976908,3.0262674249918606,0.34118990380840053
-26.03942742404216,3.026471927696181,0.3404484216173488
-26.03942742404216,3.026471927696181,0.3404484216173488
-26.037175239477676,3.032210215350285,0.3431576631726936
-26.037175239477676,3.032210215350285,0.3431576631726936
-26.037865296528675,3.0299947949982737,0.34307839634861914
-26.037865296528675,3.0299947949982737,0.34307839634861914
-26.03766808953424,3.03011576325432,0.34389980607570075
-26.03766808953424,3.03011576325432,0.34389980607570075
-26.03780417537726,3.0313811518925546,0.3412175413200126
-26.03636310477715,3.029087015050557,0.3518843496688544
-26.03636310477715,3.029087015050557,0.3518843496688544
-26.042323625886795,3.023132696691118,0.3299202004852274
-26.042323625886795,3.023132696691118,0.3299202004852274
-26.036476444252084,3.0292326472686026,0.3511282925299801
-26.036476444252084,3.0292326472686026,0.3511282925299801
-26.036476444252084,3.0292326472686026,0.3511282925299801
-26.036772450124975,3.029454843032747,0.3493663150412677
-26.036690732928484,3.029753292088918,0.34932435235037435
-26.036690732928484,3.029753292088918,0.34932435235037435
-26.036733847077716,3.029606001721139,0.3493315459901958
-26.036733847077716,3.029606001721139,0.3493315459901958
-26.037539307125986,3.029858505174571,0.3449491171643497
-26.037539307125986,3.029858505174571,0.3449491171643497
-26.03660022527596,3.0318696697933616,0.3465909080040728
-26.03660022527596,3.0318696697933616,0.3465909080040728
-26.03660022527596,3.0318696697933616,0.3465909080040728
-26.036678251656582,3.0315610341394854,0.3466724979596684
-26.036678251656582,3.0315610341394854,0.3466724979596684
-26.040486110569674,3.024331139567665,0.3381798109696432
-26.040486110569674,3.024331139567665,0.3381798109696432
-26.040406684483482,3.0241186935563498,0.3389361644883413
-26.040406684483482,3.0241186935563498,0.3389361644883413
-26.040406684483482,3.0241186935563498,0.3389361644883413
-26.040093610794127,3.0241898785016463,0.3404820738919536
-26.040093610794127,3.0241898785016463,0.3404820738919536
-26.040085171431567,3.0238781219219946,0.34100484739663695
-26.040085171431567,3.0238781219219946,0.34100484739663695
-26.040085171431567,3.0238781219219946,0.34100484739663695
-26.040141700691553,3.0239434838871007,0.34060826724679794
-26.040141700691553,3.0239434838871007,0.34060826724679794
-26.040173616034696,3.0238664173838448,0.3405589922490958
-26.040173616034696,3.0238664173838448,0.3405589922490958
-26.0375237017883,3.0358159769620308,0.33542851554278935
-26.0375237017883,3.0358159769620308,0.33542851554278935
-26.03837466606603,3.029001713101366,0.3419973156271834
-26.03837466606603,3.029001713101366,0.3419973156271834
-26.03839636961626,3.0291550451603975,0.3416452959183253
-26.03969946259694,3.0285169465486046,0.33572816034914615
-26.03969946259694,3.0285169465486046,0.33572816034914615
-26.03969946259694,3.0285169465486046,0.33572816034914615
-26.039309992939774,3.0291261356874464,0.3368507221676058
-26.039309992939774,3.0291261356874464,0.3368507221676058
-26.039312899778214,3.0291571591921893,0.33678455652072287
-26.039312899778214,3.0291571591921893,0.33678455652072287
-26.039519850726332,3.0281931615710564,0.3372284462951404
-26.039519850726332,3.0281931615710564,0.3372284462951404
-26.039644206459098,3.027533598472336,0.3376193640550042
-26.03921910204971,3.0271698340735647,0.34045322910353026
-26.03921910204971,3.0271698340735647,0.34045322910353026
-26.03921910204971,3.0271698340735647,0.34045322910353026
-26.03896902909006,3.0268847955181153,0.34219914127540263
-26.041717191545928,3.028695609905865,0.32381686868278675
-26.041717191545928,3.028695609905865,0.32381686868278675
-26.04159303330739,3.028001295486133,0.3258112691530917
-26.04159303330739,3.028001295486133,0.3258112691530917
-26.04159303330739,3.028001295486133,0.3258112691530917
-26.041782732697257,3.0271881455826617,0.32612126574267253
-26.041782732697257,3.0271881455826617,0.32612126574267253
-26.041763535731977,3.0269774012618766,0.3266061181715606
-26.041763535731977,3.0269774012618766,0.3266061181715606
-26.041727774604045,3.0272297130477597,0.32637455371663476
-26.041727774604045,3.0272297130477597,0.32637455371663476
-26.040765454438205,3.027748434918715,0.3310684834538754
-26.040765454438205,3.027748434918715,0.3310684834538754
-26.040259874481777,3.027259954571001,0.3347124046338631
-26.040259874481777,3.027259954571001,0.3347124046338631
-26.040259874481777,3.027259954571001,0.3347124046338631
-26.041702062157636,3.0284983912121306,0.32426577902906223
-26.041702062157636,3.0284983912121306,0.32426577902906223
-26.04058197916821,3.030226231839372,0.3278421215107387
-26.04021682410369,3.03045089751422,0.3295670965196033
-26.04021682410369,3.03045089751422,0.3295670965196033
-26.03603606457019,3.033439725741388,0.34699643972970146
-26.03603606457019,3.033439725741388,0.34699643972970146
-26.03603606457019,3.033439725741388,0.34699643972970146
-26.036266082367156,3.033395192465704,0.3459177201195367
-26.036266082367156,3.033395192465704,0.3459177201195367
-26.036266082367156,3.033395192465704,0.3459177201195367
-26.038420906861173,3.0321023767976776,0.3367797444298051
-26.038420906861173,3.0321023767976776,0.3367797444298051
-26.038914219200144,3.0312615467039152,0.3354922972722498
-26.038914219200144,3.0312615467039152,0.3354922972722498
-26.039138286069974,3.0307749223499325,0.33507468872264035
-26.039138286069974,3.0307749223499325,0.33507468872264035
-26.039472547161495,3.030249817028332,0.3341093268561265
-26.039472547161495,3.030249817028332,0.3341093268561265
-26.039472547161495,3.030249817028332,0.3341093268561265
-26.039472547161495,3.030249817028332,0.3341093268561265
-26.039539628085983,3.0294364827911595,0.3350915383379624
-26.039539628085983,3.0294364827911595,0.3350915383379624
-26.039525270880308,3.029779106958105,0.3346028703638793
-26.039525270880308,3.029779106958105,0.3346028703638793
-26.03952473427922,3.029653228393243,0.3348147141307788
-26.03952473427922,3.029653228393243,0.3348147141307788
-26.039881076646424,3.030049948178207,0.3321670636662684
-26.039881076646424,3.030049948178207,0.3321670636662684
-26.039962193882626,3.029827841690844,0.33208757110284415
-26.039962193882626,3.029827841690844,0.33208757110284415
-26.040101572776237,3.029445903831384,0.3319502620994464
-26.040101572776237,3.029445903831384,0.3319502620994464
-26.040107339880816,3.0294061316052066,0.3319851920229927
-26.040107339880816,3.0294061316052066,0.3319851920229927
-26.040788763976973,3.0330002336623734,0.32152695627982025
-26.040788763976973,3.0330002336623734,0.32152695627982025
-26.034426523254243,3.0601109962323783,0.3045951156892836
-26.034426523254243,3.0601109962323783,0.3045951156892836
-26.025328829195544,3.0877340108515776,0.29519344172197587
-26.025328829195544,3.0877340108515776,0.29519344172197587
-26.019406111371133,3.113569959028423,0.22648495004395672
-26.019406111371133,3.113569959028423,0.22648495004395672
-26.01890659543424,3.114675370186838,0.22701021699419582
-26.01890659543424,3.114675370186838,0.22701021699419582
-26.019571568564093,3.112990082641679,0.2306758830317923
-26.019571568564093,3.112990082641679,0.2306758830317923
-26.107438282255167,3.1615958332829805,0.22872928170543586
-26.107438282255167,3.1615958332829805,0.22872928170543586
-26.108006665282232,3.1605306419578936,0.22318667093208605
-26.108006665282232,3.1605306419578936,0.22318667093208605
-26.10782700438119,3.1608891543177027,0.22456608927240282
-26.106180339032665,3.1642687927200197,0.23054829750287426
-26.106180339032665,3.1642687927200197,0.23054829750287426
-26.100833813001167,3.1748307254505694,0.24365534202742017
-26.100833813001167,3.1748307254505694,0.24365534202742017
-26.019220926688337,3.114214743686121,0.21782952915572062
-26.019220926688337,3.114214743686121,0.21782952915572062
-26.09988489465424,3.175051514397844,0.2600504692302195
-26.09988489465424,3.175051514397844,0.2600504692302195
-26.099843373487023,3.1751367336115783,0.26006301543408694
-26.099843373487023,3.1751367336115783,0.26006301543408694
-26.102787652955488,3.171430791656007,0.23320756850455013
-26.102724476931606,3.1715013263170153,0.23434659711671862
-26.102724476931606,3.1715013263170153,0.23434659711671862
-26.102724476931606,3.1715013263170153,0.23434659711671862
-26.10294611214654,3.1705845236014683,0.24096913169626183
-26.10294611214654,3.1705845236014683,0.24096913169626183
-26.020057124871396,3.1123362826416567,0.21425109054742708
-26.020057124871396,3.1123362826416567,0.21425109054742708
-26.020057124871396,3.1123362826416567,0.21425109054742708
-26.020057124871396,3.1123362826416567,0.21425109054742708
-26.020848662271206,3.110527584978513,0.21383448067494992
-26.022564156534596,3.1065627723656326,0.21442457624426528
-26.022564156534596,3.1065627723656326,0.21442457624426528
-26.099814757423744,3.1780416361610815,0.22394479591674638
-26.099814757423744,3.1780416361610815,0.22394479591674638
-26.3310680939418,3.3812606111660806,0.2437884621807769
-26.3310680939418,3.3812606111660806,0.2437884621807769
-26.3310680939418,3.3812606111660806,0.2437884621807769
-25.69984016310647,3.0664770980005236,0.2547355338656815
-25.69984016310647,3.0664770980005236,0.2547355338656815
-25.665025599145565,3.1026964495210803,0.28044464365583066
-25.665025599145565,3.1026964495210803,0.28044464365583066
-25.665025599145565,3.1026964495210803,0.28044464365583066
-25.57936597114655,3.0487474888402106,0.26355761507166187
-25.57936597114655,3.0487474888402106,0.26355761507166187
-25.562359849467217,3.058418063819416,0.28248676921232835
-25.561811193000867,3.058757010985027,0.2828264354987027
-25.561811193000867,3.058757010985027,0.2828264354987027
-25.561811193000867,3.058757010985027,0.2828264354987027
-25.56088748268113,3.059230647170862,0.2837032251062252
-25.56088748268113,3.059230647170862,0.2837032251062252
-25.560276713954487,3.0595246796438067,0.2843313789927473
-25.560276713954487,3.0595246796438067,0.2843313789927473
-25.560276713954487,3.0595246796438067,0.2843313789927473
-25.560276713954487,3.0595246796438067,0.2843313789927473
-25.563176615653948,3.0577262201128024,0.2825964312673208
-25.563176615653948,3.0577262201128024,0.2825964312673208
-25.568668150113215,3.0554603436478307,0.27455468399403055
-25.568668150113215,3.0554603436478307,0.27455468399403055
-25.568668150113215,3.0554603436478307,0.27455468399403055
-25.568668150113215,3.0554603436478307,0.27455468399403055
-25.581963627282285,3.046616668473545,0.26229558128532393
-25.581963627282285,3.046616668473545,0.26229558128532393
-25.656796019755674,3.110019100642159,0.2848512653395627
-25.656796019755674,3.110019100642159,0.2848512653395627
-25.664846323635587,3.1000245217040003,0.2913325711806415
-25.664846323635587,3.1000245217040003,0.2913325711806415
-25.680125164752162,3.0823977196876333,0.29278470521700034
-25.680125164752162,3.0823977196876333,0.29278470521700034
-25.680125164752162,3.0823977196876333,0.29278470521700034
-25.680125164752162,3.0823977196876333,0.29278470521700034
-25.687096642818815,3.0786412858459853,0.2757635008812719
-25.687096642818815,3.0786412858459853,0.2757635008812719
-25.666571021678525,3.092282885614055,0.30955304918454474
-25.666571021678525,3.092282885614055,0.30955304918454474
-25.66218461620909,3.0946721857736783,0.3159093938488917
-25.66218461620909,3.0946721857736783,0.3159093938488917
-25.664193891426255,3.092971740321024,0.3146856717764792
-25.664193891426255,3.092971740321024,0.3146856717764792
-25.664193891426255,3.092971740321024,0.3146856717764792
-25.664193891426255,3.092971740321024,0.3146856717764792
-25.685076816382633,3.071243733623034,0.3073601560224059
-25.685076816382633,3.071243733623034,0.3073601560224059
-26.421329348914103,3.55568365570091,0.4946945513663537
-26.421329348914103,3.55568365570091,0.4946945513663537
-26.425295129176554,3.547987241903636,0.49968655286857155
-26.425295129176554,3.547987241903636,0.49968655286857155
-26.452714736400015,3.494028747891452,0.5271167318240944
-26.452714736400015,3.494028747891452,0.5271167318240944
-26.398009949295517,3.4167401792472814,0.45682096426221797
-26.398009949295517,3.4167401792472814,0.45682096426221797
-26.398009949295517,3.4167401792472814,0.45682096426221797
-26.40329824157533,3.4078907857065346,0.4557685303031318
-26.40525422840276,3.404052823167641,0.4566096724019012
-26.40525422840276,3.404052823167641,0.4566096724019012
-26.40525422840276,3.404052823167641,0.4566096724019012
-26.409882775951786,3.397289754511023,0.4528399859764064
-26.437086727883173,3.35014947128537,0.44074098741349343
-26.437086727883173,3.35014947128537,0.44074098741349343
-26.437086727883173,3.35014947128537,0.44074098741349343
-26.355076361281043,3.2978046842419757,0.41350055933899676
-26.445886863024025,3.333043414310305,0.43803554487460483
-26.445886863024025,3.333043414310305,0.43803554487460483
-26.447850416647224,3.3293158255695654,0.4370003756229093
-26.447850416647224,3.3293158255695654,0.4370003756229093
-26.454115091494497,3.310869547703998,0.4471798521581624
-26.454115091494497,3.310869547703998,0.4471798521581624
-26.454115091494497,3.310869547703998,0.4471798521581624
-26.454115091494497,3.310869547703998,0.4471798521581624
-26.454115091494497,3.310869547703998,0.4471798521581624
-26.45640482498011,3.3060473927654948,0.44649147686745516
-26.45640482498011,3.3060473927654948,0.44649147686745516
-26.45640482498011,3.3060473927654948,0.44649147686745516
-26.461791898239294,3.2921395832097566,0.4494827616762376
-26.461791898239294,3.2921395832097566,0.4494827616762376
-26.3769638569854,3.2497035196366064,0.4120634149566226
-26.3769638569854,3.2497035196366064,0.4120634149566226
-26.376890411522833,3.2498365538048715,0.41215218431324635
-26.46672719359861,3.285168800021258,0.4400827378227186
-26.46672719359861,3.285168800021258,0.4400827378227186
-26.46672719359861,3.285168800021258,0.4400827378227186
-26.46669484925971,3.284885533989465,0.4408088653964371
-26.46669484925971,3.284885533989465,0.4408088653964371
-26.363406405934395,3.2892623056008654,0.3910533902769817
-26.363406405934395,3.2892623056008654,0.3910533902769817
-26.363299570243317,3.2911706879332416,0.3866194272872001
-26.363299570243317,3.2911706879332416,0.3866194272872001
-26.361829128226766,3.2946872496464055,0.38557070254781867
-26.361829128226766,3.2946872496464055,0.38557070254781867
-26.362267721536643,3.2950265807256085,0.3820896223265349
-26.362267721536643,3.2950265807256085,0.3820896223265349
-26.107764712561504,3.1246628153314058,0.36575275941339447
-26.107764712561504,3.1246628153314058,0.36575275941339447
-26.11304695396178,3.0729562884528803,0.4216521329211914
-26.11304695396178,3.0729562884528803,0.4216521329211914
-26.11304695396178,3.0729562884528803,0.4216521329211914
-26.123898030043595,3.0218266750412437,0.43594898987657654
-26.123898030043595,3.0218266750412437,0.43594898987657654
-26.12206661918053,2.982881996398325,0.46975402457422255
-26.12206661918053,2.982881996398325,0.46975402457422255
-32.40530391775813,4.3351419244914275,2.982576883705054
-32.41056429299246,4.319475922537276,2.977685335456023
-32.41056429299246,4.319475922537276,2.977685335456023
-32.41665837221713,4.326593590690288,2.9582570491022624
-32.24529578362774,4.459568113789093,3.0367780692410675
-32.24529578362774,4.459568113789093,3.0367780692410675
-32.24529578362774,4.459568113789093,3.0367780692410675
-32.24335278260162,4.654526842284254,2.9198134680200907
-32.25954347428492,4.831768589057823,3.033772740841573
-32.25954347428492,4.831768589057823,3.033772740841573
-32.32498498487066,5.042877732939976,2.9901087315098276
-32.32498498487066,5.042877732939976,2.9901087315098276
-32.32404489420307,5.044487596205221,2.991177404076842
-32.32404489420307,5.044487596205221,2.991177404076842
-32.06965909616802,5.257612638893505,2.8808500746677583
-32.06965909616802,5.257612638893505,2.8808500746677583
-32.06051665383362,5.257859600321724,2.9034561895561137
-32.06051665383362,5.257859600321724,2.9034561895561137
-29.753216417787623,4.53154900493238,1.9396376742665096
-29.753216417787623,4.53154900493238,1.9396376742665096
-29.624514984721653,4.622349703837528,1.8813090143917985
-29.624514984721653,4.622349703837528,1.8813090143917985
-29.624514984721653,4.622349703837528,1.8813090143917985
-29.501526240959553,4.6492474356554485,1.8698716206702801
-29.501526240959553,4.6492474356554485,1.8698716206702801
-29.500302112864954,4.649644055988459,1.872482118976452
-29.500302112864954,4.649644055988459,1.872482118976452
-29.463474564118616,4.74037520978193,1.8615489200462108
-29.463474564118616,4.74037520978193,1.8615489200462108
-29.46530746093766,4.7342581416338865,1.8640825116216027
-29.46530746093766,4.7342581416338865,1.8640825116216027
-29.140785767852964,4.762890310312977,1.753318629820343
-29.14560592555744,4.753708098522689,1.7530307804616752
-29.14560592555744,4.753708098522689,1.7530307804616752
-29.14560592555744,4.753708098522689,1.7530307804616752
-29.14560592555744,4.753708098522689,1.7530307804616752
-29.169626154982684,4.715956753413061,1.7407130312233945
-29.169928354151867,4.712790599359957,1.7438675517084743
-29.169928354151867,4.712790599359957,1.7438675517084743
-29.169928354151867,4.712790599359957,1.7438675517084743
-29.170609143169948,4.713128621497446,1.7417621696520857
-29.170609143169948,4.713128621497446,1.7417621696520857
-29.170323791534774,4.712426116052694,1.743335701411927
-29.170323791534774,4.712426116052694,1.743335701411927
-29.172561267773116,4.708110137230904,1.7430919286250737
-29.172561267773116,4.708110137230904,1.7430919286250737
-29.173363794854136,4.70671045138498,1.7428186015926825
-29.173363794854136,4.70671045138498,1.7428186015926825
-29.173563927602064,4.706570412721103,1.7424935557459662
-29.173563927602064,4.706570412721103,1.7424935557459662
-29.26089104093184,4.7447901924613465,1.7732183695506814
-29.26089104093184,4.7447901924613465,1.7732183695506814
-29.455404606232847,4.765306783157114,1.8524173895711504
-29.455404606232847,4.765306783157114,1.8524173895711504
-29.480181169730606,4.7317704519525075,1.8296776159217214
-29.480181169730606,4.7317704519525075,1.8296776159217214
-29.478071683497642,4.7321659251351225,1.8345600873621344
-29.478071683497642,4.7321659251351225,1.8345600873621344
-29.481527435429545,4.722869376412821,1.836697052850688
-29.481527435429545,4.722869376412821,1.836697052850688
-29.483809293299725,4.719458112557911,1.8348991872668199
-29.483809293299725,4.719458112557911,1.8348991872668199
-29.514115948500333,4.677772680830697,1.8056323087140196
-29.6108136853139,4.718320829340414,1.8086288876271441
-29.6108136853139,4.718320829340414,1.8086288876271441
-29.6108136853139,4.718320829340414,1.8086288876271441
-29.607565560289466,4.7205982671399696,1.8145392056855876
-29.607565560289466,4.7205982671399696,1.8145392056855876
-29.714083586923934,4.860940480514733,1.65940137102764
-29.714083586923934,4.860940480514733,1.65940137102764
-26.578786390698234,3.450899492170445,0.5840328564228727
-26.578786390698234,3.450899492170445,0.5840328564228727
-26.34392063827324,3.3582543594764456,0.24663452524007218
-26.34392063827324,3.3582543594764456,0.24663452524007218
-26.351532227133166,3.341759750060627,0.1563906467243391
-26.351532227133166,3.341759750060627,0.1563906467243391
-26.353509996821753,3.338631069883925,0.1623634274484872
-26.353509996821753,3.338631069883925,0.1623634274484872
-26.35324017361438,3.3393836666948937,0.16470120055339027
-26.35324017361438,3.3393836666948937,0.16470120055339027
-26.35301279816896,3.339076722075686,0.1576540922684321
-26.35301279816896,3.339076722075686,0.1576540922684321
-26.35161310740783,3.3419257394923685,0.1592627458265882
-26.35161310740783,3.3419257394923685,0.1592627458265882
-26.34890352161315,3.346889040891102,0.15781897847813223
-26.348681459200375,3.3472204207761824,0.15704824238764822
-26.348681459200375,3.3472204207761824,0.15704824238764822
-26.34834847627931,3.347890247890304,0.15745661396636507
-26.34834847627931,3.347890247890304,0.15745661396636507
-26.348175711364657,3.3482153019853245,0.15747003476327465
-26.348175711364657,3.3482153019853245,0.15747003476327465
-26.347317521332425,3.3495412352154,0.15500842227265327
-26.347317521332425,3.3495412352154,0.15500842227265327
-26.345358664711313,3.3541792918633675,0.16451900323248103
-26.345358664711313,3.3541792918633675,0.16451900323248103
-26.344652958485828,3.355705739418978,0.1669413795818574
-26.344652958485828,3.355705739418978,0.1669413795818574
-26.344857355322684,3.354976437456909,0.16321105910118885
-26.344857355322684,3.354976437456909,0.16321105910118885
-26.344701205888043,3.3550378449694147,0.1609597261947472
-26.344701205888043,3.3550378449694147,0.1609597261947472
-26.344701205888043,3.3550378449694147,0.1609597261947472
-26.345067805911373,3.353945359182315,0.15704440795043415
-26.346179969900067,3.3520466876558532,0.1585015442982886
-26.346179969900067,3.3520466876558532,0.1585015442982886
-26.346179969900067,3.3520466876558532,0.1585015442982886
-26.345978268741057,3.3524193372964044,0.15849004019931526
-26.345978268741057,3.3524193372964044,0.15849004019931526
-26.347845447051817,3.3488148706662675,0.15730515128031744
-26.347845447051817,3.3488148706662675,0.15730515128031744
-26.34771598362883,3.3490587186925262,0.15732240646796286
-26.34771598362883,3.3490587186925262,0.15732240646796286
-26.34769969695493,3.3490891441955473,0.15732240646796286
-26.34769969695493,3.3490891441955473,0.15732240646796286
-26.347799004730618,3.3489313599580655,0.15757356691238425
-26.347799004730618,3.3489313599580655,0.15757356691238425
-26.34767626836624,3.3490896502435095,0.1569332095772859
-26.34767626836624,3.3490896502435095,0.1569332095772859
-26.34742308183818,3.34983276865064,0.1594142223683087
-26.34742308183818,3.34983276865064,0.1594142223683087
-26.34742308183818,3.34983276865064,0.1594142223683087
-26.347418299764026,3.3498476100869565,0.1594698279452229
-26.349082463277874,3.3461438619345802,0.15422820683158117
-26.349082463277874,3.3461438619345802,0.15422820683158117
-26.349048738399176,3.3461736959545956,0.15394258275048844
-26.349048738399176,3.3461736959545956,0.15394258275048844
-26.34829243045137,3.347221614117957,0.15085657544248837
-26.34829243045137,3.347221614117957,0.15085657544248837
-26.348250216890065,3.3473055362288138,0.1508949078927155
-26.348250216890065,3.3473055362288138,0.1508949078927155
-26.348383215096934,3.347083219837665,0.1511153209900464
-26.348383215096934,3.347083219837665,0.1511153209900464
-26.348383215096934,3.347083219837665,0.1511153209900464
-26.348383215096934,3.347083219837665,0.1511153209900464
-26.34741126280532,3.348326173766602,0.1465810901541405
-26.34741126280532,3.348326173766602,0.1465810901541405
-26.347369923074464,3.3484865987058208,0.14721535436121297
-26.347369923074464,3.3484865987058208,0.14721535436121297
-26.347369923074464,3.3484865987058208,0.14721535436121297
-26.347640294993077,3.3491747761471142,0.1570942556890457
-26.347888613255087,3.3486074952878306,0.1561740089900252
-26.347888613255087,3.3486074952878306,0.1561740089900252
-26.347888613255087,3.3486074952878306,0.1561740089900252
-26.347888613255087,3.3486074952878306,0.1561740089900252
-26.347888613255087,3.3486074952878306,0.1561740089900252
-26.348367587110307,3.3477179062264555,0.1562372746418732
-26.34831719921564,3.347897459768132,0.1569945603306549
-26.34831719921564,3.347897459768132,0.1569945603306549
-26.348255536646455,3.347997112818527,0.15685268698721935
-26.348255536646455,3.347997112818527,0.15685268698721935
-26.347779094247255,3.349079451758382,0.1585878252371243
-26.347779094247255,3.349079451758382,0.1585878252371243
-26.347779094247255,3.349079451758382,0.1585878252371243
-26.34765661116647,3.349305307142995,0.15856098224122486
-26.34765661116647,3.349305307142995,0.15856098224122486
-26.347809084854322,3.3490563585799427,0.15889268732541473
-26.347809084854322,3.3490563585799427,0.15889268732541473
-26.34923007603476,3.346645789374439,0.16128187945818867
-26.34923007603476,3.346645789374439,0.16128187945818867
-26.34861244426659,3.348131133865799,0.16453434611158751
-26.34861244426659,3.348131133865799,0.16453434611158751
-26.349120020901424,3.3471933291961404,0.16468010395096205
-26.349120020901424,3.3471933291961404,0.16468010395096205
-26.349120020901424,3.3471933291961404,0.16468010395096205
-26.349168748747015,3.347130190309081,0.16497354016544863
-26.349168748747015,3.347130190309081,0.16497354016544863
-26.346545361257622,3.3376459863982513,0.3461553565968235
-26.42711523703392,3.3717781673617426,0.43640142210614175
-26.42711523703392,3.3717781673617426,0.43640142210614175
-29.09986698922646,4.905410964442189,1.6646725317752773
-29.09986698922646,4.905410964442189,1.6646725317752773
-29.09986698922646,4.905410964442189,1.6646725317752773
-29.0996422720936,4.905787919899255,1.664709707366751
-29.0996422720936,4.905787919899255,1.664709707366751
-29.127124798368236,4.852972712870725,1.6685530670106152
-29.127124798368236,4.852972712870725,1.6685530670106152
-29.05776306039641,4.668108085349677,1.7806966864885487
-29.05776306039641,4.668108085349677,1.7806966864885487
-29.0304979919664,4.765227915553771,1.7266022429406562
-29.0304979919664,4.765227915553771,1.7266022429406562
-29.0304979919664,4.765227915553771,1.7266022429406562
-29.030456294628536,4.7670180575732335,1.7244096164869105
-29.02160335764119,4.765313317432993,1.7477995917813474
-29.02160335764119,4.765313317432993,1.7477995917813474
-29.02160335764119,4.765313317432993,1.7477995917813474
-29.02160335764119,4.765313317432993,1.7477995917813474
-29.02160335764119,4.765313317432993,1.7477995917813474
-29.016925459474663,4.78434702063731,1.7347126966599882
-29.01661219983902,4.783230049488782,1.7368961118190998
-29.01661219983902,4.783230049488782,1.7368961118190998
-29.01661219983902,4.783230049488782,1.7368961118190998
-29.01661219983902,4.783230049488782,1.7368961118190998
-29.14994254435735,4.78071287116445,1.7077434843643877
-29.14994254435735,4.78071287116445,1.7077434843643877
-29.142125464947124,4.756652804470716,1.7578568493886808
-29.142125464947124,4.756652804470716,1.7578568493886808
-29.14239836462821,4.755060483291967,1.759177395751524
-29.14239836462821,4.755060483291967,1.759177395751524
-29.142800351343443,4.75294643014213,1.760829710682042
-29.142800351343443,4.75294643014213,1.760829710682042
-29.142800351343443,4.75294643014213,1.760829710682042
-29.14427254049618,4.750037607342682,1.7608592141589647
-29.14427254049618,4.750037607342682,1.7608592141589647
-29.05835281265546,4.702556962981446,1.7379264206554415
-29.058733575058547,4.702031238924214,1.737652641547205
-29.058733575058547,4.702031238924214,1.737652641547205
-29.058907792033306,4.7009963795427705,1.7385027758238494
-29.058907792033306,4.7009963795427705,1.7385027758238494
-29.14417369473733,4.744526416500874,1.767915752024387
-29.14417369473733,4.744526416500874,1.767915752024387
-29.14413459731565,4.744423852358992,1.7681368901651568
-29.14413459731565,4.744423852358992,1.7681368901651568
-29.163781214364853,4.734115055668453,1.7326566692311347
-29.163781214364853,4.734115055668453,1.7326566692311347
-29.163781214364853,4.734115055668453,1.7326566692311347
-29.159459002121643,4.7300484697489305,1.7484389898488677
-29.159459002121643,4.7300484697489305,1.7484389898488677
-29.16595701412156,4.6910875362340505,1.7798437387519896
-29.531529941052526,4.560439087580976,1.8899470659938251
-29.531529941052526,4.560439087580976,1.8899470659938251
-29.63747984424898,4.593884121627082,1.8785904361656118
-29.63747984424898,4.593884121627082,1.8785904361656118
-29.6312500552259,4.596966714557957,1.8912051988294998
-29.6312500552259,4.596966714557957,1.8912051988294998
-29.636852582895326,4.5825269737903795,1.892137341100944
-29.636852582895326,4.5825269737903795,1.892137341100944
-29.630084987724494,4.5882500539955355,1.903277533105115
-29.630084987724494,4.5882500539955355,1.903277533105115
-29.630012849383306,4.590227337245185,1.9013987695826957
-29.630782454670253,4.588521057474807,1.9012381784493624
-29.630782454670253,4.588521057474807,1.9012381784493624
-29.630782454670253,4.588521057474807,1.9012381784493624
-29.630324770944895,4.5890268974336665,1.9018644722469131
-29.630324770944895,4.5890268974336665,1.9018644722469131
-29.630771798855047,4.598673822452738,1.890618556823766
-29.630771798855047,4.598673822452738,1.890618556823766
-29.630279833963314,4.599879217345736,1.890594447666155
-29.630279833963314,4.599879217345736,1.890594447666155
-29.628677894402745,4.615427660652268,1.878123876345404
-29.628677894402745,4.615427660652268,1.878123876345404
-29.626513512608597,4.62354251336508,1.874921851141994
-29.626513512608597,4.62354251336508,1.874921851141994
-29.62503502176783,4.6268922373019015,1.8750827760601079
-29.625671906701495,4.62869975759128,1.8714936702805922
-29.625671906701495,4.62869975759128,1.8714936702805922
-29.625671906701495,4.62869975759128,1.8714936702805922
-29.624664548746313,4.631743278900312,1.8707692894696442
-29.624664548746313,4.631743278900312,1.8707692894696442
-29.62419930169488,4.63568246812213,1.8676700882963528
-29.62419930169488,4.63568246812213,1.8676700882963528
-29.625508757629998,4.635924237444801,1.8640386463925702
-29.625508757629998,4.635924237444801,1.8640386463925702
-29.625508757629998,4.635924237444801,1.8640386463925702
-29.532780428645797,4.613019506866623,1.8306795046498352
-29.532780428645797,4.613019506866623,1.8306795046498352
-29.52941648320642,4.613257364085046,1.839038624100434
-29.52941648320642,4.613257364085046,1.839038624100434
-29.52941648320642,4.613257364085046,1.839038624100434
-29.52941648320642,4.613257364085046,1.839038624100434
-29.528938088090417,4.613343568225266,1.8401658916738644
-29.528938088090417,4.613343568225266,1.8401658916738644
-29.52790561589035,4.614049470403786,1.842026055854475
-29.52790561589035,4.614049470403786,1.842026055854475
-29.630691140743934,4.62711595467686,1.8603014623046494
-29.630691140743934,4.62711595467686,1.8603014623046494
-29.62622434447675,4.631976447443065,1.8665107147077866
-29.62622434447675,4.631976447443065,1.8665107147077866
-29.624844464621795,4.632842702217263,1.8691111085118068
-29.624844464621795,4.632842702217263,1.8691111085118068
-29.535669861486255,4.59875787464627,1.8388967231091033
-29.535669861486255,4.59875787464627,1.8388967231091033
-29.531786811484707,4.578980745507078,1.8699423945228169
-29.531786811484707,4.578980745507078,1.8699423945228169
-26.439886412165155,3.310559146657331,0.5057958986970086
-26.439886412165155,3.310559146657331,0.5057958986970086
-26.105350084663176,3.166236479593697,0.2029553980651325
-26.105350084663176,3.166236479593697,0.2029553980651325
-26.105350084663176,3.166236479593697,0.2029553980651325
-26.105350084663176,3.166236479593697,0.2029553980651325
-26.344343268315576,3.3123057218133454,-0.0010598527355907827
-26.344343268315576,3.3123057218133454,-0.0010598527355907827
-26.344329053615706,3.3119325979741947,-0.0019539899040577347
-26.344329053615706,3.3119325979741947,-0.0019539899040577347
-26.420667194542457,3.3549769136586995,-0.06897557157301132
-26.420667194542457,3.3549769136586995,-0.06897557157301132
-26.431178008485567,3.351399343741426,-0.03472154266786828
-26.431178008485567,3.351399343741426,-0.03472154266786828
-26.431178008485567,3.351399343741426,-0.03472154266786828
-26.431178008485567,3.351399343741426,-0.03472154266786828
-26.433761130447262,3.345777896848747,-0.035485630657809186
-26.433761130447262,3.345777896848747,-0.035485630657809186
-26.43233158454546,3.346696937326127,-0.039578753495266794
-26.43233158454546,3.346696937326127,-0.039578753495266794
-26.43233158454546,3.346696937326127,-0.039578753495266794
-26.431997894310445,3.3470120188479617,-0.04031964971959506
-26.431992370325624,3.3471324046710236,-0.04009861950092325
-26.431992370325624,3.3471324046710236,-0.04009861950092325
-26.431992370325624,3.3471324046710236,-0.04009861950092325
-26.43187484925278,3.347936638562215,-0.03895034480632942
-26.429064454643132,3.348793565665906,-0.04866092814744222
-26.429064454643132,3.348793565665906,-0.04866092814744222
-26.430334187686036,3.3481911433584517,-0.04475265432332898
-26.430334187686036,3.3481911433584517,-0.04475265432332898
-26.42983507809004,3.349173904478644,-0.04481195422843026
-26.42983507809004,3.349173904478644,-0.04481195422843026
-26.429947160718932,3.3492565893106168,-0.044192339668159775
-26.429947160718932,3.3492565893106168,-0.044192339668159775
-26.429947160718932,3.3492565893106168,-0.044192339668159775
-26.414031240106276,3.3793016834138574,-0.04635965055714908
-26.414031240106276,3.3793016834138574,-0.04635965055714908
-25.702964344519838,3.0612991818623256,0.1700194298815864
-25.702964344519838,3.0612991818623256,0.1700194298815864
-25.68984194676609,3.082687705638942,0.21585225417303286
-25.650421629831445,3.1141828934108498,0.29264981106574683
-25.650421629831445,3.1141828934108498,0.29264981106574683
-25.650421629831445,3.1141828934108498,0.29264981106574683
-25.650749970479925,3.110135062774683,0.30513371475222173
-25.650749970479925,3.110135062774683,0.30513371475222173
-25.6497957277533,3.1019666001701194,0.32957918248689133
-25.647244430823037,3.0995264446075756,0.3407578719064617
-25.647244430823037,3.0995264446075756,0.3407578719064617
-28.676866936417106,5.858672172421601,1.9458548011369845
-28.676866936417106,5.858672172421601,1.9458548011369845
-28.37075995369094,5.326231412655568,1.784102456297462
-28.37075995369094,5.326231412655568,1.784102456297462
-28.429063769971158,5.405678751818121,1.814058334531069
-28.429063769971158,5.405678751818121,1.814058334531069
-28.417168836219115,5.419046941196029,1.8151171883448491
-28.417168836219115,5.419046941196029,1.8151171883448491
-28.467650416260465,5.52258251219925,1.8194948270983435
-28.467650416260465,5.52258251219925,1.8194948270983435
-28.46920162739511,5.519704816633389,1.8213323400735786
-28.46920162739511,5.519704816633389,1.8213323400735786
-28.47121231662308,5.5195869297471685,1.817656991254057
-28.47121231662308,5.5195869297471685,1.817656991254057
-28.72491169516975,5.808266109234427,1.9410952253636347
-28.72491169516975,5.808266109234427,1.9410952253636347
-28.72674792226342,5.805725288599524,1.9419159811725386
-28.72674792226342,5.805725288599524,1.9419159811725386
-28.72674792226342,5.805725288599524,1.9419159811725386
-28.466957928113064,5.5321616594273735,1.8046614020720058
-28.466957928113064,5.5321616594273735,1.8046614020720058
-28.387931161809576,5.330189632675149,1.7444768152638426
-28.387931161809576,5.330189632675149,1.7444768152638426
-28.386470674674303,5.1776628845061134,1.7174403191548606
-28.386470674674303,5.1776628845061134,1.7174403191548606
-28.381033966446115,5.18813191857423,1.7119126827332216
-28.381033966446115,5.18813191857423,1.7119126827332216
-28.381033966446115,5.18813191857423,1.7119126827332216
-28.381033966446115,5.18813191857423,1.7119126827332216
-28.386830060550686,5.184538732090085,1.705921975831973
-28.386830060550686,5.184538732090085,1.705921975831973
-28.387268619184628,5.194293324116075,1.6895171162131746
-28.388901308692922,5.193155779444423,1.6880080225916192
-28.388901308692922,5.193155779444423,1.6880080225916192
-28.40818548214379,5.182469506706655,1.6654111734797894
-28.40818548214379,5.182469506706655,1.6654111734797894
-28.42671484983383,5.180063716571924,1.6300716652181089
-28.42671484983383,5.180063716571924,1.6300716652181089
-28.426881187124927,5.181133432110748,1.6279357676233068
-28.426881187124927,5.181133432110748,1.6279357676233068
-28.434371380651132,5.178875716352464,1.6154609846768304
-28.434371380651132,5.178875716352464,1.6154609846768304
-28.434371380651132,5.178875716352464,1.6154609846768304
-28.44383352896288,5.169828465910651,1.609917892201422
-28.44383352896288,5.169828465910651,1.609917892201422
-28.44408474143866,5.168784468036026,1.6111155525473317
-28.44408474143866,5.168784468036026,1.6111155525473317
-28.44408474143866,5.168784468036026,1.6111155525473317
-28.437267685810212,5.172199501285678,1.6203088144926836
-28.437267685810212,5.172199501285678,1.6203088144926836
-28.431907101313612,5.177108770494636,1.6237701878275244
-28.431907101313612,5.177108770494636,1.6237701878275244
-28.421872687539537,5.17617832737514,1.6468346637207258
-28.421872687539537,5.17617832737514,1.6468346637207258
-28.420199379688796,5.178122367639713,1.647203439849668
-28.420199379688796,5.178122367639713,1.647203439849668
-28.420199379688796,5.178122367639713,1.647203439849668
-28.4242530508481,5.177284736710796,1.6399461875526402
-28.424304741062105,5.177299158678617,1.6398119944866834
-28.424304741062105,5.177299158678617,1.6398119944866834
-28.44628660949448,5.155636722929723,1.6281305687864966
-28.44628660949448,5.155636722929723,1.6281305687864966
-28.450592418165193,5.15220568712034,1.6244152889063042
-28.450592418165193,5.15220568712034,1.6244152889063042
-28.449093783703027,5.152942503719734,1.6264645661110877
-28.449093783703027,5.152942503719734,1.6264645661110877
-28.453944039986062,5.15310361199124,1.61560221500175
-28.453944039986062,5.15310361199124,1.61560221500175
-28.45420416663004,5.152937677287584,1.61530630168578
-28.45420416663004,5.152937677287584,1.61530630168578
-28.454500505256423,5.151282436154934,1.61739769357311
-28.454500505256423,5.151282436154934,1.61739769357311
-28.45438811181563,5.150784902064126,1.6184667664706511
-28.45438811181563,5.150784902064126,1.6184667664706511
-28.453556160194797,5.152212366912264,1.6179288816642992
-28.453556160194797,5.152212366912264,1.6179288816642992
-28.4565909789417,5.150610057920298,1.6139207795132584
-28.4565909789417,5.150610057920298,1.6139207795132584
-28.460249558318424,5.144499944345035,1.6159855449684961
-28.460249558318424,5.144499944345035,1.6159855449684961
-28.46477164171862,5.1382498104401595,1.6163419621443875
-28.46477164171862,5.1382498104401595,1.6163419621443875
-28.467994383633894,5.134613285608764,1.6152255966205904
-28.467994383633894,5.134613285608764,1.6152255966205904
-28.463055226928358,5.14558018478424,1.6080067396269677
-28.463055226928358,5.14558018478424,1.6080067396269677
-28.461087227457114,5.146206020310801,1.6113173921466466
-28.461087227457114,5.146206020310801,1.6113173921466466
-28.461119866174887,5.145683585884363,1.612111257417857
-28.466576513693024,5.140053383848485,1.6093795740225865
-28.466576513693024,5.140053383848485,1.6093795740225865
-28.466576513693024,5.140053383848485,1.6093795740225865
-28.46668719684518,5.140161388658036,1.6089556293198597
-28.46668719684518,5.140161388658036,1.6089556293198597
-28.48428524014124,5.146815527937742,1.557900517578907
-28.48428524014124,5.146815527937742,1.557900517578907
-28.48428524014124,5.146815527937742,1.557900517578907
-28.48485781564727,5.149774511682583,1.5514554561695397
-28.48485781564727,5.149774511682583,1.5514554561695397
-28.48485781564727,5.149774511682583,1.5514554561695397
-28.48485781564727,5.149774511682583,1.5514554561695397
-28.479022026506016,5.149253218856231,1.5658283175519738
-28.479022026506016,5.149253218856231,1.5658283175519738
-28.479022026506016,5.149253218856231,1.5658283175519738
-28.478998823221435,5.149311796828156,1.5657810243404884
-28.47901985430402,5.1476320886290825,1.5686115053816505
-28.47901985430402,5.1476320886290825,1.5686115053816505
-28.47901985430402,5.1476320886290825,1.5686115053816505
-28.478939667796116,5.147656479111667,1.5687533481592497
-28.478939667796116,5.147656479111667,1.5687533481592497
-28.503244901383574,5.167711743847468,1.4751933178893741
-28.503244901383574,5.167711743847468,1.4751933178893741
-28.498060599416302,5.12924377111289,1.5561695747052153
-28.499217124413207,5.120354544860803,1.568625014295973
-28.499217124413207,5.120354544860803,1.568625014295973
-28.49979080884297,5.121479535934033,1.565395914969545
-28.49979080884297,5.121479535934033,1.565395914969545
-28.500628688005158,5.11982340984669,1.5662674591700128
-28.500628688005158,5.11982340984669,1.5662674591700128
-28.499848288398624,5.121421153305501,1.565362132808007
-28.499848288398624,5.121421153305501,1.565362132808007
-28.490485868414293,5.165365044592724,1.510603642790277
-28.490485868414293,5.165365044592724,1.510603642790277
-28.486760626833266,5.166242557584937,1.5179402757385745
-28.479105490050284,5.1798847583937295,1.511635530054935
-28.479105490050284,5.1798847583937295,1.511635530054935
-28.445567259000324,5.217367341042331,1.522878522554808
-28.445567259000324,5.217367341042331,1.522878522554808
-28.447163646923716,5.216177444616995,1.5213050244354092
-28.447163646923716,5.216177444616995,1.5213050244354092
-28.447163646923716,5.216177444616995,1.5213050244354092
-28.450003508165214,5.221112980336744,1.5055175519617994
-28.450003508165214,5.221112980336744,1.5055175519617994
-28.444632014180453,5.226371314946161,1.5085328044990005
-28.444632014180453,5.226371314946161,1.5085328044990005
-28.440235645989222,5.227516910609394,1.5167935958292305
-28.44013636876629,5.226758436707902,1.5184219831858439
-28.44013636876629,5.226758436707902,1.5184219831858439
-28.437501466578322,5.2257031725117,1.526519804918352
-28.437501466578322,5.2257031725117,1.526519804918352
-28.437601942525156,5.225626854064123,1.526424888522016
-28.437601942525156,5.225626854064123,1.526424888522016
-28.43685855476955,5.225346048010694,1.5286687735741762
-28.43685855476955,5.225346048010694,1.5286687735741762
-28.442967798008624,5.213515558623354,1.5359261905027577
-28.442967798008624,5.213515558623354,1.5359261905027577
-28.441402261122043,5.216958941550969,1.533338172343454
-28.441402261122043,5.216958941550969,1.533338172343454
-28.45949578731176,5.212320386656101,1.4991381494759557
-28.45949578731176,5.212320386656101,1.4991381494759557
-28.518394094592658,5.294564841916555,1.5242604328786906
-28.518394094592658,5.294564841916555,1.5242604328786906
-28.517946605282336,5.2950016156593875,1.5245111694427842
-28.517946605282336,5.2950016156593875,1.5245111694427842
-28.517790454453575,5.295056112045483,1.5247827948855046
-28.517790454453575,5.295056112045483,1.5247827948855046
-28.42590341950413,5.217658473832136,1.5675307388016564
-28.42817053723566,5.221453519502009,1.5556691741231319
-28.42817053723566,5.221453519502009,1.5556691741231319
-28.42817053723566,5.221453519502009,1.5556691741231319
-28.422800170089918,5.231282132842144,1.5502986052645908
-28.423425223570582,5.230775550122555,1.5497844111155754
-28.423425223570582,5.230775550122555,1.5497844111155754
-28.441032815125425,5.218311981212695,1.531745775661416
-28.441032815125425,5.218311981212695,1.531745775661416
-28.780826564855612,4.921518501405737,1.517614033275351
-28.780826564855612,4.921518501405737,1.517614033275351
-31.48322129536886,5.291744488196814,2.28703764264215
-31.48322129536886,5.291744488196814,2.28703764264215
-31.743403132109492,5.30650212007791,2.158336933187688
-31.743403132109492,5.30650212007791,2.158336933187688
-31.74567935148163,5.285523793347689,2.177398930694986
-31.74567935148163,5.285523793347689,2.177398930694986
-31.743536406161056,5.302475191079093,2.163020446241839
-31.743536406161056,5.302475191079093,2.163020446241839
-31.743536406161056,5.302475191079093,2.163020446241839
-31.743536406161056,5.302475191079093,2.163020446241839
-31.741844405491292,5.31368532383119,2.1542723805950232
-31.741844405491292,5.31368532383119,2.1542723805950232
-31.643030786026777,5.33675388226168,2.0813821699286508
-31.643030786026777,5.33675388226168,2.0813821699286508
-31.643030786026777,5.33675388226168,2.0813821699286508
-31.84798628830068,5.2572406175320125,2.2413048285847954
-31.84798628830068,5.2572406175320125,2.2413048285847954
-31.847801792106708,5.265236633538931,2.232283474407315
-31.849755527235658,5.25853555786063,2.2340928456266416
-31.849755527235658,5.25853555786063,2.2340928456266416
-31.849131695897523,5.277733781256606,2.212805916846226
-31.849131695897523,5.277733781256606,2.212805916846226
-31.82511219315835,5.2914500177204316,2.272695720451046
-31.82511219315835,5.2914500177204316,2.272695720451046
-31.832851315243108,5.279587673303728,2.2625660819627997
-31.832851315243108,5.279587673303728,2.2625660819627997
-31.82674460645182,5.284250275270412,2.276175631977897
-31.82674460645182,5.284250275270412,2.276175631977897
-31.82674460645182,5.284250275270412,2.276175631977897
-31.48947973613492,5.337519526789155,2.212379908522791
-31.58416951204989,5.4013416551155515,2.1871452492691175
-31.58416951204989,5.4013416551155515,2.1871452492691175
-31.458855665651924,5.388063812154927,2.2415352494889076
-31.458855665651924,5.388063812154927,2.2415352494889076
-31.458878330375132,5.387973438063653,2.241581295525272
-31.458878330375132,5.387973438063653,2.241581295525272
-31.463562666039586,5.35980181654185,2.2627634617340227
-31.463562666039586,5.35980181654185,2.2627634617340227
-31.45139289371048,5.374291581220836,2.2808568225241665
-31.45139289371048,5.374291581220836,2.2808568225241665
-29.654865149783102,4.610120039188663,1.8155253529283841
-31.437428383149346,5.384515269586835,2.309046230512639
-31.437428383149346,5.384515269586835,2.309046230512639
-31.437428383149346,5.384515269586835,2.309046230512639
-26.417447977205473,3.3599827253057817,0.5009718096619052
-26.417447977205473,3.3599827253057817,0.5009718096619052
-25.800955325225235,3.0788715637595425,0.11209398299488421
-26.41845937413779,3.3777332322071483,-0.03164978829778292
-26.41845937413779,3.3777332322071483,-0.03164978829778292
-26.41845937413779,3.3777332322071483,-0.03164978829778292
-26.405210249623778,3.3882251607501774,-0.06180906154754995
-26.405210249623778,3.3882251607501774,-0.06180906154754995
-26.412729675165647,3.3917883607551715,-0.024023619199425167
-26.412729675165647,3.3917883607551715,-0.024023619199425167
-26.413623272571478,3.382684739164696,-0.040786239298645444
-26.413623272571478,3.382684739164696,-0.040786239298645444
-26.4108890743245,3.3859422969343687,-0.04475060948715687
-26.4108890743245,3.3859422969343687,-0.04475060948715687
-26.40797006582308,3.3906603126619457,-0.04619611101060006
-26.40797006582308,3.3906603126619457,-0.04619611101060006
-26.40797006582308,3.3906603126619457,-0.04619611101060006
-26.40797006582308,3.3906603126619457,-0.04619611101060006
-25.805464340300066,3.073290573519834,0.1175166930169057
-25.805464340300066,3.073290573519834,0.1175166930169057
-25.803493786635904,3.077910291194573,0.12058477961637297
-25.803493786635904,3.077910291194573,0.12058477961637297
-25.803607427284636,3.078089649325002,0.1215731462535104
-25.803607427284636,3.078089649325002,0.1215731462535104
-25.715011379466553,3.0371971563866125,0.14697986043573308
-25.715011379466553,3.0371971563866125,0.14697986043573308
-25.7149757484905,3.037324693223385,0.14719247409342573
-25.7149757484905,3.037324693223385,0.14719247409342573
-25.71421393038762,3.04008226740552,0.1520796122084558
-25.71421393038762,3.04008226740552,0.1520796122084558
-25.716408368754134,3.03836402547589,0.1584530217587728
-25.716408368754134,3.03836402547589,0.1584530217587728
-25.716408368754134,3.03836402547589,0.1584530217587728
-25.716408368754134,3.03836402547589,0.1584530217587728
-25.717571931080716,3.0399877507635833,0.17344332639783733
-25.717571931080716,3.0399877507635833,0.17344332639783733
-25.71744288471788,3.0402451704548064,0.1736926237025906
-25.71744288471788,3.0402451704548064,0.1736926237025906
-25.80548434082824,3.0903239630847796,0.18505961251714328
-25.80548434082824,3.0903239630847796,0.18505961251714328
-25.805524274795268,3.090261586867406,0.18508748854803375
-25.805524274795268,3.090261586867406,0.18508748854803375
-25.805524274795268,3.090261586867406,0.18508748854803375
-25.805323021817035,3.0904725082675855,0.1840604928588828
-25.805323021817035,3.0904725082675855,0.1840604928588828
-25.807057002820578,3.0894029142097486,0.21075698385078825
-25.807057002820578,3.0894029142097486,0.21075698385078825
-25.807057002820578,3.0894029142097486,0.21075698385078825
-25.807057002820578,3.0894029142097486,0.21075698385078825
-25.8071761427448,3.089227147893441,0.2125310758300472
-25.8071761427448,3.089227147893441,0.2125310758300472
-26.323311845569012,3.393711072015366,0.2557718615808537
-26.323311845569012,3.393711072015366,0.2557718615808537
-26.321978530583685,3.3955043504283298,0.2613964206078251
-26.321978530583685,3.3955043504283298,0.2613964206078251
-26.321978530583685,3.3955043504283298,0.2613964206078251
-26.32258378065263,3.394536496130362,0.2608670098605157
-26.32258378065263,3.394536496130362,0.2608670098605157
-26.32258378065263,3.394536496130362,0.2608670098605157
-26.32258378065263,3.394536496130362,0.2608670098605157
-26.322609819562913,3.3943643543083564,0.2624130122410182
-26.319388793815964,3.3941534064143917,0.30736007543449184
-26.319388793815964,3.3941534064143917,0.30736007543449184
-26.319961952792237,3.3935667207147784,0.3050795255189385
-26.319961952792237,3.3935667207147784,0.3050795255189385
-26.320538608857973,3.392099403109798,0.3081520523437168
-26.320538608857973,3.392099403109798,0.3081520523437168
-26.320538608857973,3.392099403109798,0.3081520523437168
-26.321551832516914,3.389684453174943,0.3123272882739113
-26.321551832516914,3.389684453174943,0.3123272882739113
-26.327186264629404,3.371894978636755,0.3505593066714588
-26.327186264629404,3.371894978636755,0.3505593066714588
-26.327186264629404,3.371894978636755,0.3505593066714588
-26.340861658295204,3.340509378808466,0.3738705714805169
-26.340861658295204,3.340509378808466,0.3738705714805169
-26.445201159701593,3.3317092520865996,0.44422236122917286
-26.445201159701593,3.3317092520865996,0.44422236122917286
-26.36164589936347,3.2869464642148327,0.4062281982698881
-26.36164589936347,3.2869464642148327,0.4062281982698881
-26.361276564753474,3.287258440385709,0.4073756559267646
-26.44716252019338,3.3109284761967586,0.47717178340352795
-26.44716252019338,3.3109284761967586,0.47717178340352795
-26.44689977596268,3.312920008421978,0.47457563908182515
-26.44689977596268,3.312920008421978,0.47457563908182515
-26.44651181667364,3.3126685125977895,0.47662813035830515
-26.44651181667364,3.3126685125977895,0.47662813035830515
-26.44431624303679,3.309851820421114,0.49037548607245807
-26.44431624303679,3.309851820421114,0.49037548607245807
-26.4432744375261,3.311304795296758,0.49186533238816793
-26.4432744375261,3.311304795296758,0.49186533238816793
-26.442750641847923,3.317104241324101,0.4836340230635679
-26.442750641847923,3.317104241324101,0.4836340230635679
-26.442299765629926,3.318725469701341,0.4824765641798563
-26.442299765629926,3.318725469701341,0.4824765641798563
-26.442299765629926,3.318725469701341,0.4824765641798563
-26.442299765629926,3.318725469701341,0.4824765641798563
-26.443413303797566,3.3169761906031385,0.4812330755954632
-26.443413303797566,3.3169761906031385,0.4812330755954632
-26.44301330417896,3.317408491429125,0.48203964199662025
-26.44301330417896,3.317408491429125,0.48203964199662025
-28.74611053157465,5.045155490040894,1.3980191476613177
-28.74611053157465,5.045155490040894,1.3980191476613177
-28.74611053157465,5.045155490040894,1.3980191476613177
-28.54321787696984,5.288377170310725,1.4752272789901753
-25.66191581151643,3.0852782396695817,0.33827115139361136
-25.66191581151643,3.0852782396695817,0.33827115139361136
-25.648446592118905,3.0931969145644143,0.35111648646848803
-25.648446592118905,3.0931969145644143,0.35111648646848803
-25.649599693363978,3.092622645701684,0.34993445663823947
-25.649599693363978,3.092622645701684,0.34993445663823947
-25.649599693363978,3.092622645701684,0.34993445663823947
-25.652243715774162,3.093346753303566,0.3430395171955384
-25.652243715774162,3.093346753303566,0.3430395171955384
-25.65189830688082,3.0938984097965863,0.34264269541693926
-25.65189830688082,3.0938984097965863,0.34264269541693926
-25.653333326623365,3.093370760190409,0.34064456381992003
-25.653333326623365,3.093370760190409,0.34064456381992003
-25.65573550367648,3.09705161946821,0.32690677702745163
-25.65573550367648,3.09705161946821,0.32690677702745163
-25.657351677651008,3.094470750463221,0.3289918875985822
-25.657351677651008,3.094470750463221,0.3289918875985822
-25.662561025164308,3.089636484108552,0.32723911824266577
-25.662561025164308,3.089636484108552,0.32723911824266577
-25.662578645460577,3.0896099303577276,0.32725586708252474
-25.662578645460577,3.0896099303577276,0.32725586708252474
-25.662355519128578,3.089841644302736,0.32728400465128377
-25.662355519128578,3.089841644302736,0.32728400465128377
-25.66373083409803,3.0882862077598525,0.3273871705621654
-25.66373083409803,3.0882862077598525,0.3273871705621654
-25.67049495843789,3.0822597177824385,0.32366074003766093
-25.67049495843789,3.0822597177824385,0.32366074003766093
-25.663535935567513,3.08915653534605,0.32587504732214223
-25.663535935567513,3.08915653534605,0.32587504732214223
-25.643523335601326,3.1056176031183957,0.33535719938772096
-25.643523335601326,3.1056176031183957,0.33535719938772096
-25.640333036054262,3.105262672240197,0.34288014399525024
-25.640333036054262,3.105262672240197,0.34288014399525024
-25.64318072024587,3.1037345025413354,0.3402853495180289
-25.64318072024587,3.1037345025413354,0.3402853495180289
-25.644099756933688,3.1024171657035082,0.3412050309775923
-25.644099756933688,3.1024171657035082,0.3412050309775923
-25.644502979753117,3.1018907174106927,0.34148979639309707
-25.644502979753117,3.1018907174106927,0.34148979639309707
-25.644502979753117,3.1018907174106927,0.34148979639309707
-25.643974782149478,3.102673358031303,0.34091555687520747
-25.643974782149478,3.102673358031303,0.34091555687520747
-25.643754231130668,3.1021526886235624,0.3424898816165653
-25.643754231130668,3.1021526886235624,0.3424898816165653
-25.643807588775047,3.102164787426795,0.34235358859120646
-25.643807588775047,3.102164787426795,0.34235358859120646
-25.643831762947435,3.1021203889776383,0.34239791871609954
-25.643831762947435,3.1021203889776383,0.34239791871609954
-25.643949200726464,3.1018949606139286,0.34263343456601036
-25.64392773747179,3.101328992509218,0.3438710629704376
-25.64392773747179,3.101328992509218,0.3438710629704376
-25.64392773747179,3.101328992509218,0.3438710629704376
-25.643943230389304,3.101207827362687,0.3440930558850056
-25.643943230389304,3.101207827362687,0.3440930558850056
-25.64379200366759,3.101722529604599,0.3433224974531969
-25.64379200366759,3.101722529604599,0.3433224974531969
-25.644010587691326,3.1015347501143573,0.34326828716050345
-25.644010587691326,3.1015347501143573,0.34326828716050345
-25.644010587691326,3.1015347501143573,0.34326828716050345
-25.644010587691326,3.1015347501143573,0.34326828716050345
-25.664460636525174,3.087218133105779,0.32797787288667535
-28.475329493633755,5.1220111191937505,1.6196970750494275
-28.475329493633755,5.1220111191937505,1.6196970750494275
-28.475329493633755,5.1220111191937505,1.6196970750494275
-29.641188369303322,4.6240082695625295,1.8363628753670371
-29.641188369303322,4.6240082695625295,1.8363628753670371
-32.02466381596502,5.236396194692702,2.4080741929923843
-32.02466381596502,5.236396194692702,2.4080741929923843
-32.02233773939604,5.22935309624693,2.4227851872250783
-32.02233773939604,5.22935309624693,2.4227851872250783
-32.00779584920245,5.2563884086368455,2.43690760629386
-32.00779584920245,5.2563884086368455,2.43690760629386
-31.600052152713097,5.217642200273621,2.360376400647129
-29.85614415420941,4.585098849511199,1.9145152871284192
-29.85614415420941,4.585098849511199,1.9145152871284192
-29.85614415420941,4.585098849511199,1.9145152871284192
-29.85674463978973,4.5895274284257965,1.9083455804081164
-29.85674463978973,4.5895274284257965,1.9083455804081164
-29.856517988791758,4.592839878669462,1.9054990208029816
-29.856517988791758,4.592839878669462,1.9054990208029816
-29.76230439036569,4.565980237747668,1.8812853273087113
-29.762332792097556,4.566469350363262,1.8807011518424328
-29.762332792097556,4.566469350363262,1.8807011518424328
-29.762332792097556,4.566469350363262,1.8807011518424328
-29.759330193946127,4.572899189670542,1.8818859317394885
-29.759330193946127,4.572899189670542,1.8818859317394885
-29.759330193946127,4.572899189670542,1.8818859317394885
-29.746713775508823,4.652103571332013,1.829508398567809
-29.746713775508823,4.652103571332013,1.829508398567809
-29.746326448669464,4.65246102617092,1.8301525882608072
-29.746326448669464,4.65246102617092,1.8301525882608072
-29.590382712637968,4.808984454176258,1.7517722267584
-29.590382712637968,4.808984454176258,1.7517722267584
-29.590382712637968,4.808984454176258,1.7517722267584
-29.590382712637968,4.808984454176258,1.7517722267584
-29.614028030943278,4.7123863714222125,1.8071084407390734
-29.614028030943278,4.7123863714222125,1.8071084407390734
-29.615613312504976,4.7022198426513375,1.8148544573657799
-29.615613312504976,4.7022198426513375,1.8148544573657799
-29.61631386407901,4.697528966228219,1.8184752779178783
-29.457723452767706,4.787013837653371,1.8205465250120898
-29.457723452767706,4.787013837653371,1.8205465250120898
-29.457723452767706,4.787013837653371,1.8205465250120898
-29.59180733107789,4.783160833656952,1.7806188812512669
-29.620204812529533,4.737768671567494,1.759768628562388
-29.620204812529533,4.737768671567494,1.759768628562388
-26.10764783855361,3.144553504691751,0.3190580542723066
-26.10764783855361,3.144553504691751,0.3190580542723066
-26.10764783855361,3.144553504691751,0.3190580542723066
-26.10764783855361,3.144553504691751,0.3190580542723066
-26.35670157182648,3.324842163582666,0.11309465090455471
-26.35670157182648,3.324842163582666,0.11309465090455471
-26.352812753831895,3.325766207518547,0.08433987699055306
-26.352812753831895,3.325766207518547,0.08433987699055306
-26.355000499681218,3.3207340547219935,0.08170953346226281
-26.355000499681218,3.3207340547219935,0.08170953346226281
-26.090214025086787,3.179172425751406,0.10055211470450853
-26.090214025086787,3.179172425751406,0.10055211470450853
-26.090214025086787,3.179172425751406,0.10055211470450853
-26.090214025086787,3.179172425751406,0.10055211470450853
-26.101501984864253,3.1600378720865776,0.115582629322138
-26.101501984864253,3.1600378720865776,0.115582629322138
-26.101638934135643,3.1592097532763073,0.11384822894554011
-26.101638934135643,3.1592097532763073,0.11384822894554011
-26.101638934135643,3.1592097532763073,0.11384822894554011
-26.101638934135643,3.1592097532763073,0.11384822894554011
-26.10174300458182,3.1602727040643233,0.11815184994455179
-26.10174300458182,3.1602727040643233,0.11815184994455179
-26.096198188554684,3.1658415525832115,0.09808586717948069
-26.096198188554684,3.1658415525832115,0.09808586717948069
-26.09188590607674,3.1770410066182815,0.1045584900450054
-26.09188590607674,3.1770410066182815,0.1045584900450054
-26.095043728604693,3.1767906734011664,0.1264052768728497
-26.0934545311789,3.177091759845645,0.11540805947445518
-26.0934545311789,3.177091759845645,0.11540805947445518
-26.09293042409212,3.1771237824736143,0.11181798652416644
-26.09293042409212,3.1771237824736143,0.11181798652416644
-26.092525966748752,3.1774752431070983,0.11021061174701863
-26.092525966748752,3.1774752431070983,0.11021061174701863
-26.09233004480581,3.1776708658640365,0.10952542705627911
-26.09233004480581,3.1776708658640365,0.10952542705627911
-26.091791405163917,3.1782304953464027,0.10773878084093376
-26.091791405163917,3.1782304953464027,0.10773878084093376
-26.091791405163917,3.1782304953464027,0.10773878084093376
-26.090035366730394,3.180771289509441,0.1043953037591917
-26.349414072599387,3.32499510206667,0.058622205100513386
-26.349414072599387,3.32499510206667,0.058622205100513386
-26.349414072599387,3.32499510206667,0.058622205100513386
-26.34967680280336,3.3242780143463757,0.05798748967096157
-26.34967680280336,3.3242780143463757,0.05798748967096157
-26.337917800252026,3.34023969797566,0.03798444533964898
-26.337917800252026,3.34023969797566,0.03798444533964898
-26.338140741040263,3.340255175543911,0.039242784662301716
-26.338140741040263,3.340255175543911,0.039242784662301716
-26.338140741040263,3.340255175543911,0.039242784662301716
-26.338140741040263,3.340255175543911,0.039242784662301716
-26.350138187421223,3.3172928924584695,0.04003315752459141
-25.953573801848496,2.9998483481708242,0.17593542918307614
-25.953573801848496,2.9998483481708242,0.17593542918307614
-25.953573801848496,2.9998483481708242,0.17593542918307614
-25.963399118243732,2.9671364280841255,0.20364396301362028
-25.963399118243732,2.9671364280841255,0.20364396301362028
-25.96284758722284,2.969208302964401,0.2006946592367768
-25.96284758722284,2.969208302964401,0.2006946592367768
-25.964586532529424,2.9555113824874826,0.17264740424134756
-25.964586532529424,2.9555113824874826,0.17264740424134756
-25.964586532529424,2.9555113824874826,0.17264740424134756
-25.964586532529424,2.9555113824874826,0.17264740424134756
-25.962261367753108,2.972129857569999,0.20679039067764873
-25.96173102858734,2.972838969560004,0.19283484354207178
-25.96173102858734,2.972838969560004,0.19283484354207178
-25.96173102858734,2.972838969560004,0.19283484354207178
-25.95903311633874,2.9847858425101474,0.20603124587231442
-25.95903311633874,2.9847858425101474,0.20603124587231442
-25.95252701748551,3.00735179028183,0.20413815925807882
-25.95252701748551,3.00735179028183,0.20413815925807882
-25.95252701748551,3.00735179028183,0.20413815925807882
-25.95252701748551,3.00735179028183,0.20413815925807882
-25.95700660277452,2.992369014782964,0.20957995534883356
-25.95700660277452,2.992369014782964,0.20957995534883356
-25.96064152043768,2.978856241358135,0.21579814982358117
-25.96064152043768,2.978856241358135,0.21579814982358117
-25.960651357194656,2.978817682873991,0.21579291384374433
-25.960651357194656,2.978817682873991,0.21579291384374433
-26.046459826570302,3.0421236662820466,0.22423111703722445
-26.046459826570302,3.0421236662820466,0.22423111703722445
-26.046459826570302,3.0421236662820466,0.22423111703722445
-26.046459826570302,3.0421236662820466,0.22423111703722445
-26.101338660309658,3.17445446163792,0.23386781896510747
-26.101338660309658,3.17445446163792,0.23386781896510747
-26.102941487138935,3.1710866481055398,0.23352443448787288
-26.102941487138935,3.1710866481055398,0.23352443448787288
-26.10244514803352,3.1720779575633875,0.23461738982446928
-26.10244514803352,3.1720779575633875,0.23461738982446928
-26.108132380234792,3.1563646019767577,0.26592917878931555
-26.108132380234792,3.1563646019767577,0.26592917878931555
-26.10784240414251,3.1567889693405355,0.26733643605495083
-26.10784240414251,3.1567889693405355,0.26733643605495083
-26.10750648810205,3.1575132530377363,0.2674924783611023
-26.10750648810205,3.1575132530377363,0.2674924783611023
-26.103736716800356,3.162428133422543,0.28561153846419296
-26.103736716800356,3.162428133422543,0.28561153846419296
-26.103736716800356,3.162428133422543,0.28561153846419296
-26.103736716800356,3.162428133422543,0.28561153846419296
-26.102290441349346,3.1658169060316874,0.28442651985340756
-26.102290441349346,3.1658169060316874,0.28442651985340756
-26.10202723201418,3.171359383470892,0.25334091054025143
-26.10202723201418,3.171359383470892,0.25334091054025143
-26.100879778796966,3.173956377507961,0.2517676850017509
-26.100879778796966,3.173956377507961,0.2517676850017509
-26.101076379737993,3.1734552805805487,0.25256965781968227
-26.101076379737993,3.1734552805805487,0.25256965781968227
-26.101278696939783,3.1731792302057906,0.25118326736946206
-26.101278696939783,3.1731792302057906,0.25118326736946206
-26.103679763574267,3.167415290842829,0.25681736705639313
-26.103679763574267,3.167415290842829,0.25681736705639313
-26.10416727554613,3.166639240269568,0.2545639624670972
-26.025345599853793,3.0961170509983313,0.26023428404473226
-26.025345599853793,3.0961170509983313,0.26023428404473226
-26.10408586017981,3.161173439886272,0.2878684797515151
-26.10408586017981,3.161173439886272,0.2878684797515151
-26.107239192176966,3.1549310089888514,0.2844098283440328
-26.107239192176966,3.1549310089888514,0.2844098283440328
-26.353888532656025,3.3390015299309255,0.2551291481178907
-26.353888532656025,3.3390015299309255,0.2551291481178907
-26.353888532656025,3.3390015299309255,0.2551291481178907
-28.50524796038712,5.056205076501575,1.6586892127084905
-28.50524796038712,5.056205076501575,1.6586892127084905
-29.467901355481956,4.69594859803976,1.9010116443459384
-29.467901355481956,4.69594859803976,1.9010116443459384
-29.469915337238945,4.693926888606831,1.898360212501049
-29.469915337238945,4.693926888606831,1.898360212501049
-26.456953978393393,3.293631252880737,0.4680715324708403
-26.456953978393393,3.293631252880737,0.4680715324708403
-26.456953978393393,3.293631252880737,0.4680715324708403
-26.467067039615003,3.2721329257618317,0.46317654200685215
-26.467067039615003,3.2721329257618317,0.46317654200685215
-24.141694889432138,2.8900960755668703,3.1546523927495294
-14.94633548342318,3.1450083804338416,-0.8439737859083477
-14.945853689570871,3.1565253198611427,-0.8485349224506262
-20.597280547986863,3.037121630105652,-0.11593586626655028
-23.062123956285095,2.9675346196681156,0.277031584570386
-23.059169655665755,2.9651593463332193,0.28252061055628036
-23.057114293352374,2.9787112256632575,0.29132883663681775
-23.15758241727156,2.976353343336176,0.2926929579128784
-23.159886181045174,2.981952078539595,0.27707246876005037
-23.051455784474854,2.970653111003255,0.3057571721383968
-14.891679044027311,3.2450106562044123,-0.5402686789691402
-14.87052708276056,3.1074696328521587,-0.3977172648155949
-14.888515085501378,3.180464814871793,-0.5543343458538113
-14.87780639996666,3.1778970636546284,-0.4750159653052006
-14.660760010472789,2.994731282433099,-0.3657874004449776
-12.800109423131214,2.955646151372054,-0.8313481494245196
-14.665213624545757,2.961640937896884,-0.3943080947726959
-7.250891585816319,2.223687985235388,-2.196318523624574
-20.06231351086042,2.3761522660930607,0.12454005767174325
-19.722078227463108,2.3980311370783443,0.8763031010419711
-12.845547129863665,2.8705627259531,-0.4010545837379901
-12.862305729091082,2.9166302298891575,-0.6029422185849583
-12.72694765966463,2.869873940498991,-0.24077695233395713
-12.832705312728521,2.9208642626601304,-0.3391197726684645
-12.830315934277445,2.9339931725199504,-0.33262877689877357
-7.181216270335817,2.4523143546882755,-1.9324476696569886
-7.180411756648599,2.480872047772289,-1.9386352266313822
-7.078001544284245,2.5527480165653493,-1.9443630317348197
-6.968695153252405,2.5884844471208144,-1.894872929682614
-7.060254781501197,2.5430273937256724,-1.824841783988272
-7.056845271693184,2.495476245072345,-1.7952644659647334
-7.153635397810774,2.472071394694822,-1.7618167480493043
-7.152922526081902,2.4690407715217297,-1.7562128609858805
-7.049135101564708,2.474269354296239,-1.736348323317971
-7.042373234065153,2.5007287098802267,-1.6904112641350246
-7.0499741952485735,2.5244867240734896,-1.7531328210284658
-23.25372119206218,2.9478943617566413,0.14202756141649153
-24.510966275396875,2.9289174631566177,0.470742452641878
-24.607076571333124,2.9392266436586953,0.49964579407369986
-24.605071720689825,2.948209025397852,0.511876362789193
-24.611301407962628,2.9472838210457324,0.4936784319031309
-24.50562388530968,2.931287743581947,0.5259233263026626
-24.717143983100655,3.054627849545818,0.6073208360548246
-24.731646746027767,3.0958333734533605,0.6682886993570698
-24.74521906326094,3.0990141082997384,0.7024151231988731
-24.76014380833805,3.0931385860601486,0.7143827613151936
-24.775082293640686,3.0831665058490048,0.7515693093718956
-24.785869453732058,3.057221620337955,0.7587179854619464
-24.703124630400833,3.0653186026123995,0.7871970495473974
-24.71439175767055,3.0312824111257948,0.804523953360737
-24.725652470793207,3.003963442857594,0.8098629919020417
-24.640302703014278,3.003830453623479,0.8441197023451302
-24.652992585627796,3.0022155400244186,0.8635127378090436
-24.654905110216973,2.9657616278945818,0.8583285078517552
-24.663108190971826,2.993266692622022,0.8664939907978465
-24.662961632232488,2.997216609257643,0.8574094126937202
-24.66256526003387,3.011699293782836,0.856360763122166
-24.65621613680968,3.0142406749052837,0.8363261123052869
-24.64753881800327,3.0166355839044448,0.8129874126928277
-24.73622645872532,3.0052700775228463,0.7792801027870755
-11.448900238193476,2.575599361870749,-0.2426333737677262
-12.860902709731512,2.8842960091169974,-0.5298522996100505
-14.741755134034966,2.998365642237425,-0.4035954867645113
-14.863569199883932,3.0863548051366108,-0.7165686433197386
-24.448574253173415,2.9291336876069325,0.5402669723272242
-23.064300208866307,2.9431232785490336,0.25772369574236265
-24.538813234164742,2.9346725984247537,0.48205221140305554
-23.167260215137105,2.910445715485205,0.1622510412086109
-7.114779278416709,2.4062002760403667,-2.2017672908244514
-7.195614261860371,2.18215705329956,-2.0142939351534976
-7.159937367147975,2.2723641876191234,-1.7793875965188022
-6.9326427178704435,2.443547071032051,-1.612569276169932
-6.997831176617666,2.581571285250296,-1.9607822550794451
-23.288318906504898,2.9070752088359764,0.04925469102629243
-23.288644787550403,2.9067256147730385,0.04181796428795703
-23.28877561244302,2.9077987958006464,0.0357570837364779
-23.286725898306685,2.8994635815216725,0.03758397904020816
-23.281413891991274,2.9146339295233994,0.051739596637137675
-23.284255526851933,2.9094164598801293,0.040037320233362816
-23.28438123105362,2.9067151269251794,0.03817379091346762
-23.28214734177454,2.9010103887467618,0.04473275616792105
-23.186502230829866,2.8927266729807326,0.01517762956953006
-23.186582515578795,2.8888292190014817,0.014710751615092832
-23.191471262298798,2.893842568004458,-0.0018427752470161485
-23.190592228917065,2.897639680403848,-0.00011730242230811871
-21.34690651181383,2.7010567061443025,-0.7797548926860287
-21.777831290455214,2.6296880297506564,-0.7782612270739827
-21.776538313956916,2.6243331837973756,-0.7791117359202363
-21.901280623662714,2.6386429021128937,-0.8277288912926822
-21.77830157237016,2.6312603153028964,-0.8005265837893188
-21.917113358202318,2.638485121950265,-0.8821323629785371
-23.119336734330776,2.767908114125044,-0.6275309937008462
-23.288626951996193,2.739835688841789,-0.7215816888730427
-23.320641278892275,2.7259433838284455,-0.7792742665448069
-23.374821990877077,2.6979229818994934,-0.8637097536756676
-23.327455264567693,2.6773417611599393,-1.134682464810418
-23.466650117587704,2.5480271285024876,-1.5648470076405159
-23.530985504327685,2.633880827912188,-1.509335146497063
-23.65035891046645,2.6551337963921733,-1.4881855102481218
-23.67301517557288,2.664935753989043,-1.5136346202978537
-23.80371023496074,2.7479165712431186,-1.5001920055312974
-23.78852829455358,2.672924997485088,-1.4862911408759587
-23.782832789612165,2.739896178992674,-1.4914624746103788
-23.617323887124616,2.836389159821374,-1.4952506203092586
-23.733475758281376,2.752035178999488,-1.458670309372645
-23.627912286912423,2.6962874710264977,-1.4988305946406681
-23.605621463255968,2.6539443205221085,-1.4766754282510612
-23.63310270241813,2.702497935796255,-1.5054042996672896
-14.661279228658046,2.9355565853283174,1.4504606331063212
-14.66848784600634,2.948860352993552,1.4296418273556215
-20.197114169869977,2.9228215986801276,1.3812954436561795
-24.56915537161166,2.9282002425417692,0.7992671582938045
-18.499629803856067,3.0346658686962567,1.2842012079614045
-14.605563600776884,3.184046827764079,1.308710109767516
-14.615225538598377,3.1500914334366077,1.3125541013993443
-14.624967014363408,3.1465047832915842,1.3034375175956625
-14.533147925025249,3.1992258359029173,1.2404394373763337
-14.646072742973105,3.0262289127215007,1.3559640648552282
-14.44482425541799,2.961791433536196,1.1186351757758781
-14.455497522936696,2.988842475635153,1.1083797086151779
-14.573112425650558,2.8772674142590473,1.24702373528905
-24.69412647615261,3.035392921092271,0.6814516965611703
-24.71288646480525,3.055289993719015,0.7061274418948331
-24.72551215826122,3.043773339021021,0.7171614427055243
-24.73614170065477,3.0211328022936166,0.750562166148493
-24.646387565247707,2.997343604607606,0.7619916166355036
-24.663288372286704,3.010073111598779,0.8017207777078968
-24.67078747009511,2.9931654503568463,0.8069903954129073
-24.676686873797177,2.983414980220131,0.8100762170215774
-24.682135748700748,2.9866031653975225,0.8086645529150025
-24.689220613780044,3.0090134975346507,0.8201609320266042
-24.68953194686783,3.006395939830055,0.8139009672833681
-24.688937604085123,3.0108246374747063,0.8032970792456268
-24.686996417637324,3.017169730659371,0.7902668146853131
-24.68189449051646,3.016216219398368,0.7661074757575002
-24.679859007565955,3.038693000851606,0.7510689304654613
-24.677819521473303,3.0634534600286845,0.7319337626629696
-24.767856010013645,3.1007366713474207,0.6903163420807557
-24.764170607368072,3.0957273538753753,0.6860216774586017
-24.764819119266885,3.1037698889156355,0.6922730414413631
-24.76243727068244,3.09360766766671,0.6830463039218071
-24.764751763902805,3.102646046526241,0.6865867724471378
-24.762778365579365,3.0946842818264826,0.6902206798774082
-24.764691553976327,3.10154611085712,0.6997221745728233
-24.758140138555465,3.0657729140206187,0.6692368372760877
-24.758244182265248,3.0661739860472204,0.6728518851125529
-24.759687066720527,3.0745563227825325,0.68041914683922
-24.758166113779378,3.067573823598069,0.6728378938984854
-24.75724416746864,3.066231696857488,0.6721458730445431
-24.755659688600847,3.0616941478976742,0.6684752734979234
-24.75591542718056,3.0686989408737757,0.6733326878250525
-24.75455404930789,3.068215149463935,0.6754391651855761
-24.756404749138575,3.082318453668545,0.6838875654172123
-24.75287597879839,3.069336116172055,0.6727219432927309
-24.750961993530307,3.0634641697533103,0.6702483327382409
-24.7510564914676,3.0647932208302264,0.6695848827884106
-24.752333324833973,3.070260525255343,0.6693128171576704
-24.748462359733335,3.0547001493708232,0.6691750015509227
-24.744197528493803,3.0342783311915418,0.659612739923623
-24.744078794188823,3.039543461314953,0.6638215852332421
-24.737697362106104,3.015307996542839,0.6609781032219021
-24.63324279325931,3.004611413090261,0.6427811759964872
-24.51217973402436,2.922747192303933,0.6023346071161428
-22.333128717875873,1.4910607899744754,0.6845716800675491
-22.454255443546447,1.460309913452299,0.5348082488593291
-22.20289932411823,1.5375985140756097,0.5318175935017662
-22.469758995087062,1.391861988825702,0.643738906209559
-24.338121428952746,1.9210005101195695,0.6931490167320544
-24.567485573278674,1.6560731256153955,0.6470420712313569
-24.553161078980697,1.530788550803776,0.6310765724426155
-24.5909061700478,1.6219814479598047,0.6628949189448891
-24.587568279730835,1.619766312650346,0.668797885089516
-24.579677149291882,1.6225040383108427,0.6751369691518379
-24.50881816805807,1.6860954654816747,0.6656065413818595
-24.612417719622112,1.4649430643834809,0.7259302214278197
-24.57869361682014,1.4907682067961066,0.7278495985157757
-24.583170737829715,1.4893758119083753,0.7034694051167182
-24.555152373683505,1.64500877516389,0.6929313935152978
-24.517125831025997,1.6866637118271843,0.6983363036905883
-24.51706931244267,1.6991842266466952,0.6848528368626524
-22.413235625784722,1.011538325874528,0.7970291915296341
-12.223036328687149,2.8433199741673585,0.2880718764230828
-24.769719986363413,3.137595380260342,0.6083995697021838
-24.85592315287553,3.3225993294568426,0.5938155430778116
-24.871171641820432,3.3399090908101816,0.5670494467930458
-24.86871762214966,3.3369550492455753,0.5889672178696331
-24.843437046085118,3.2931874777152954,0.6405818676681191
-24.84478346143823,3.269225885982902,0.6071693012397418
-24.84513916527606,3.243678015240749,0.5909968665962106
-24.84820579696025,3.2355439915015487,0.6002375754137788
-24.84441078711238,3.1975064946571425,0.5796057331074732
-24.839826134528575,3.17515087250653,0.5818255227612066
-24.835846380576662,3.1522724051799758,0.5753733620910205
-24.699917677997412,3.0610795931306334,0.6794024089180853
-24.69407221914388,3.0122948810929815,0.65298937640392
-24.68983707289888,2.990418771671974,0.632843248407738
-24.684901546053304,2.995823832943998,0.6471758107481177
-24.676429917870507,2.9788325710535375,0.6816293530135716
-12.251150116464395,2.9832785965012847,0.47981902930091724
-6.368296465672131,3.117544068943527,-0.19445342622822104
-6.876903707496407,3.3263096325111374,-0.3062519863788724
-12.151633844747801,2.9347511396118278,0.18228452054138367
-23.146397724710834,2.8567170773100026,-0.01380687616463483
-23.160281098436418,2.8725269439638286,-0.06252925308813728
-23.15785778528378,2.8620737915318113,-0.0576961672168701
-14.368778231674211,2.7432922410385925,1.113959473251313
-14.777822348275418,2.748805283362972,1.2736497261234843
-14.37630522119297,2.6842366724056976,1.193407431042513
-14.88130004572057,2.587571960620764,1.2176117243747133
-19.797779216400407,2.332827188910925,0.5397221607224126
-19.897405004127943,1.7323282258513957,0.3791740336671311
-19.966371640868783,1.8767541914928563,0.46786144215707687
-19.976055186596113,1.854304348656604,0.3744582931176794
-19.958241006270004,1.938980367565308,0.43189643220759244
-24.676133829904654,2.982307289883386,0.269121091253851
-21.548279228435646,3.0785777251578375,-1.310075485582138
-22.994573578382933,3.024277686096735,-0.6351964557597474
-22.97524432878724,2.982135828593821,-0.6139195676483968
-12.817277044805945,2.9574057331096086,-0.8620890518149614
-12.891955915971245,2.8780510779721893,-0.6663920486161192
-19.343091042908306,3.1456099661036783,2.596693974962907
-24.71990455035045,3.0450675117616224,0.5146065461690287
-24.755893246915093,3.089883658539466,0.5209349953672031
-24.849916791654458,3.0941940657378204,0.546390324799762
-24.85293505666806,3.1110203310570705,0.5435364152337211
-24.85870366514289,3.1338382790641406,0.5410632441659728
-24.861509961866084,3.1486176005142785,0.5414701449053341
-25.272148124910526,2.696309739617139,0.3408110724337628
-25.219594080841322,2.691508224018389,0.2510945497858825
-25.278819840813366,2.692983257180302,0.33246162296486703
-25.269968610170398,2.7112815126817553,0.3305835338363593
-25.27158074113713,2.7092223859516027,0.32793036078814947
-25.271685858980835,2.708816002879567,0.326382048357308
-25.270938623923012,2.7116822893396866,0.3245545428812183
-25.279421439401276,2.7000161025145886,0.3221246661072026
-25.269539235341668,2.71527391353788,0.3229636551616611
-25.268505095695552,2.717630510986992,0.3221463887331435
-25.221993522143325,2.7100894608514925,0.232349495468416
-25.217370449994913,2.7163296641636108,0.23142471064725956
-25.223844042970416,2.7348470759661865,0.22284691335413753
-25.22819894236196,2.7589940838151983,0.21574311977014182
-25.228974042399212,2.7499608545079184,0.21275567830944947
-25.232339163699923,2.754428289585825,0.2079852595264149
-25.236674765127383,2.7628530413423267,0.20235887064722796
-25.243736649179933,2.7680677382571104,0.19654161399242004
-24.502775187836917,2.847901200349932,-1.6648502604388207
-24.493836062262222,2.8904375574367434,-1.6768355447310008
-23.257390332661494,3.5832199450088473,-2.880613748829302
-23.264036450968113,3.48586568751762,-2.902061611884181
-23.26093731191594,3.4643838203077464,-2.661862183514951
-24.76943900415802,3.046594351993413,0.7071520595313994
-24.79319973008036,3.04470747890533,0.6689857599249405
-24.7324977839797,3.107908501225134,0.6541967978576706
-24.749640795757582,3.1039366782121816,0.6679544280146767
-24.759181564871753,3.0812352101801346,0.6821348062727226
-24.77021283934852,3.0558324367696414,0.6854799124553626
-24.783423119038805,3.0519955687297906,0.7045332262404511
-24.698255648994344,3.074187849161822,0.724498280022535
-24.713385847892336,3.07312041647329,0.7546392587896558
-24.729628745504364,3.080049571779571,0.7748550709558597
-24.745256828466385,3.0931039046137765,0.7977581794243168
-24.75286994218782,3.088287294705011,0.7895773539977108
-24.756035327564213,3.093093099472806,0.7876468635605621
-24.753447206203777,3.0839774027231925,0.7772930187228646
-24.76092896869107,3.1207240402772953,0.7639654215737799
-24.761548150692256,3.1349948120425397,0.7308360213430896
-24.767551916119363,3.170120451264101,0.7161990323797915
-24.861168890584267,3.1524082821891595,0.7064555845762357
-24.867104796545487,3.1818439181832443,0.6781601902113634
-24.871856340636445,3.2117022172757768,0.6677961024432654
-24.882665934626097,3.244732087127673,0.6419514731330653
-24.876219716901637,3.2392188084096363,0.6179501687371374
-24.89052922616115,3.275996986828942,0.5910371874964254
-24.893066559714267,3.2829232938078476,0.5641741866445583
-24.90798673573355,3.3197741490989108,0.5502040763707968
-24.87877423870384,3.63138625885055,0.5031130769679839
-24.79688744587984,3.8346076404798843,0.44973770586885137
-24.871210253443934,3.767824214034374,0.4461003218070286
-24.89360635245036,3.78529547743072,0.42193074572060774
-25.164038175463247,3.6404530175547434,0.5043642273020026
-25.195633344948664,3.668011589125599,0.5038095479019535
-25.242601746161874,3.5775710048364235,0.502991528543659
-25.19759992661825,3.5380700676242336,0.4778312917486309
-24.91115500690624,3.377661462281339,0.5142744157043809
-24.854431736759476,3.303885882847484,0.57865069060791
-24.839493654803203,3.2787748384669464,0.5827627231641279
-24.829431763014863,3.279029550431352,0.6049922800677023
-24.891378709116964,3.4600318341709886,0.7193597739014399
-24.880823451158133,3.450802936579225,0.7481112501575407
-24.88570603087658,3.4648932558031236,0.7564639114180006
-24.800351740985818,3.675783221704343,0.8902188979191723
-24.78291303271522,3.6568633389404486,0.8896743072284657
-24.854752187986097,3.5917416789010055,0.867967316554874
-24.855067011174114,3.5980924253767728,0.8389880565504936
-24.78660722075365,3.6656009455937455,0.8798989299166615
-24.793380483754582,3.667612735288109,0.9045106765211623
-24.797788117626762,3.670025955640353,0.9093007579007933
-24.795533658318163,3.6604258825926457,0.9246907281197169
-24.789417751951962,3.6562543226257596,0.8967690160417212
-24.85592703567167,3.5729703697756277,0.9010559907009912
-24.839673298733793,3.548766616368753,0.8982614299620186
-24.841206992705917,3.541189131366485,0.9159596311806044
-24.82076689406137,3.5028393507859166,0.9301974400315429
-24.837727789311508,3.3181602338342175,0.9445614411865446
-24.82955575009881,3.2466731890410347,1.008456339660748
-24.82256374016547,3.2102977751818913,1.010538753381297
-24.708652153169915,3.12479654303429,1.055793469549132
-18.342026819603024,1.9953291411435776,3.035279684306477
-21.212933089674316,1.2844635339274455,2.094190563890934
-22.381460537291552,1.493846275475957,1.8036842015158716
-22.432255029569376,1.4249412670590809,1.8642560838518771
-22.426275353515255,1.4226864975805813,1.844431942443523
-24.37012488569317,1.7932911348008127,1.0638331850847758
-24.561499049183396,1.5918380139973611,1.0523563722146927
-24.545397126372603,1.5964633803712258,1.0365504867374975
-24.547767042258062,1.6041207317968194,1.090296374830391
-24.54385282843993,1.597511060767566,1.06385115094476
-24.57468177157677,1.54734007739287,0.9656724473814848
-22.316907531044006,-3.0559267488772215,0.20601682265530696
-22.408179245768643,-2.8713622165163453,0.11737534004091454
-22.18486672841957,-2.971226114764154,0.06555677434281493
-21.996165432981908,-2.983287575950163,0.12556966961081117
-21.92996785487874,-2.9385908866222348,0.08536379741847944
-21.618113892469015,-3.2389595093547214,0.33820954145033166
-21.56654144349072,-3.198870197759887,0.26202729735732505
-24.534512599430712,1.2986943885950046,0.6289685628065594
-24.42579028465653,1.796519333885847,0.8262811367007769
-22.532931660456665,1.2381451507955863,0.5755865930572074
-22.46298110832313,1.3709335322105423,0.6959380872448758
-12.892984550868123,2.952698507754894,-0.4956292741359519
-24.536803933362712,2.937914721757334,0.6369060717587358
-24.527648438625647,2.9316590860583362,0.6784585506181959
-24.760596883733857,3.0809403486364393,0.5699203733882725
-24.784044240334133,3.0986374703071897,0.4961346261623095
-24.766685477217173,3.0693449563765247,0.5234433540132711
-24.791244260988304,3.0244639959767157,0.4284643982469821
-24.67258099870859,3.0194331234382226,0.21536845295844143
-23.271577459089997,3.1438484720339286,-0.7463863282438751
-23.28817547053128,3.1430660101973036,-0.7778093035400021
-24.68961694683821,3.0479626433857274,0.17410193319986234
-23.39595013710286,3.076129018219446,-1.115758567704555
-23.432937986184374,3.0509585641906325,-1.1648966749718475
-22.799895589136174,3.578188216962371,-2.449921217874981
-23.030862015793648,3.4102987101578703,-2.4114343558027356
-23.02964594027192,3.39383492276829,-2.415430500951926
-22.867597206815958,3.3682432745799233,-2.4196886349325393
-23.18052302212091,3.30340347165628,-2.6676606528391247
-23.245794825733697,3.2508763874586943,-2.7189172619352995
-23.279562619893433,3.336220780078704,-2.734296404178698
-23.261503031567585,3.2689095878098593,-2.850729633342232
-21.143760894956134,3.615221291831544,-6.3462971012874805
-21.16841961945139,3.6264195398999215,-6.362045024982535
-21.17565552957477,3.6271060662903873,-6.368345953839935
-21.222883764131524,3.6440856494442047,-6.397223328709379
-21.23775726463451,3.654649142893546,-6.406543775735572
-21.313983726292772,3.6499139602425577,-6.337010889246455
-21.353978478427255,3.7402306192122223,-6.352272149162459
-21.39641080459008,3.6760843372331715,-6.385604872290685
-21.38718308405775,3.7427254936351377,-6.374651275355494
-21.37280778232609,3.756086158279589,-6.366333400969415
-21.395100359929756,3.731905917397018,-6.383518076864778
-21.40321122532406,3.761183747954601,-6.386108195564836
-21.353725346404115,3.6564539980788657,-6.370635526120074
-25.106642225170493,3.0457770665973363,0.09474173613078474
-25.156742809804552,3.067308489971915,0.1864860433177512
-25.155900118468963,3.0710108412327375,0.18607311121032155
-25.1567654616412,3.072350987340533,0.18431756098503904
-25.155290653630775,3.073512373631101,0.1836796900241473
-25.151907068015618,3.0758912789490114,0.18421948700546387
-25.153811348782988,3.0768976568624633,0.18115420836991403
-25.15107731903342,3.0841384089693893,0.18259243501652056
-25.150809869091614,3.0833382337711877,0.1810253223933207
-25.149481014056676,3.0819007725866014,0.18010987586695548
-25.146705086622937,3.082119264004145,0.18064829652020942
-25.146629799495102,3.0835602886618108,0.1798399046943887
-25.142130464446932,3.083238998344682,0.18099095896422934
-25.13599229123429,3.0795487510093245,0.18224863177433015
-25.13572954847226,3.078258972489472,0.18093802646557544
-25.134228683784805,3.0773634527415155,0.18053304673229842
-25.13801898797087,3.067364915092483,0.17484760039021785
-25.138337844787195,3.066265799290435,0.17357482044309003
-25.1391626593999,3.0615952562158104,0.17140524333231377
-25.137172097629836,3.0630949982948943,0.17272302115819627
-25.138080519171034,3.0667700351033496,0.17318740171319347
-25.135319128837423,3.064413905315802,0.1740517410394763
-25.132030935369976,3.063714915701834,0.1754240730590284
-25.12189719857405,3.066460348114378,0.18102342622138312
-25.07621189048756,3.0564156308923893,0.20226490181808598
-24.763308424368113,3.0024032997970673,0.3682342480055485
-24.754055326641975,2.990504092139517,0.3828475786726211
-24.74921061215945,2.995712466908749,0.3959608288203
-24.73889993766529,2.995160130797097,0.42689268150934034
-24.74098649737796,2.9930883550314076,0.4321742887123111
-24.751194696248493,2.990688100461433,0.4199897198522538
-24.747110134934065,2.9922111148558206,0.4489175107892889
-24.752398873411618,2.9902975784226076,0.45263687051121726
-24.76173009505317,2.981465039266209,0.4449233961194028
-24.672215346840606,2.9884577895459326,0.4156711915800273
-24.671090484876196,2.9807352981789994,0.4314635646321284
-24.67279561560674,2.978494319619541,0.444222106036285
-24.702316302307022,2.985542678796714,0.3867314442134309
-24.782383596563147,3.055304520456862,0.4983646228849539
-24.68763459636697,3.03060958422006,0.5373355183894448
-24.811510239140425,3.0402016625875667,0.5058640829303795
-24.81825330419711,3.072315842030694,0.5215568750978192
-24.839443571430063,3.1164622883523463,0.5146659045086619
-24.84338990446083,3.0498472833677224,0.4679014881660888
-24.838706319516042,3.105060220386043,0.5294767282369742
-24.71639838787158,2.968265995879675,0.4947434022050128
-23.171400691408966,2.275058957378775,-0.2871300940416255
-23.151677412718552,2.2812805850033957,-0.23456733730024337
-24.52070563872224,2.9312165269407533,0.5201005534900367
-24.39963173002284,3.066281563267793,3.1443604330444015
-24.692406286727703,3.0232033631894093,0.5672163408489008
-24.692509836266343,3.0199224703001972,0.561003935623096
-24.692299720605966,3.021596133421524,0.5615322858911311
-24.691914240553825,3.020943422829853,0.562815317079355
-24.6923759195306,3.024770564037101,0.5640163849680735
-24.692794809313824,3.0248017650803636,0.562765021451034
-24.692601886710253,3.0241937832854764,0.5638144954154758
-24.68921031461385,3.0255616168565433,0.5862616401508173
-24.692623249523486,3.013622339588871,0.5520994106021956
-24.69170509214573,3.023908380060543,0.563738367004979
-24.690284847310842,3.0256108176144956,0.5716557047284412
-24.68052951998781,3.0114322051722717,0.6341840714231144
-24.675338087557304,2.9914919766756003,0.6936172179935451
-24.675167667593136,2.993268054262274,0.6961707914059998
-24.676362196805176,3.003140957434102,0.718645104052993
-24.676366936924506,3.0045175167173648,0.720693771855492
-24.57330988551435,2.968968730954342,0.7454481619212011
-24.47942460737706,2.9196564634530118,0.8327135287386302
-24.486547272080607,2.922786099294765,0.8739711066671422
-24.485497610825863,2.9254708585109612,0.8608389225154903
-20.32053342162097,2.9278496717022624,1.391707889029612
-20.442652474079086,2.9378964506645318,1.5181638399278792
-20.333128330232974,2.935691606757226,1.447929168413351
-24.49724762540431,2.925611511154096,0.8750368694709142
-24.50061916122963,2.9304879863272526,0.8710836291789539
-24.597386920954207,2.9654073005260084,0.7890934597573199
-24.705040597858233,2.982171347864026,0.7777224738318673
-24.613294549432375,2.9961738328589087,0.7619605503216089
-24.725412139702318,2.993910644113654,0.8027609222004597
-24.690338318658156,3.027390042826025,1.0418942292627582
-24.714736350719015,3.0345581967748854,1.076498148210903
-24.639501989757772,3.019222572439579,1.1369160124082676
-24.643355236761284,3.007609622107676,1.1231292671506266
-24.692870892242706,3.0907990551831794,1.1921960075921505
-24.69694871293351,3.1054858378131684,1.1833564535096546
-24.69649915243263,3.111437734235117,1.1730494745921154
-24.7820718182261,3.1038078766534696,1.1200004769906469
-24.765976288649895,3.134294047253531,1.0731283916069105
-24.750986731074153,3.1522889939660628,1.0368644989542593
-24.815062709733787,3.136312916376766,0.9401121128632464
-24.888857902645476,3.1561996995213595,0.5614609556713346
-24.887715936005918,3.141088290388082,0.5033142470674479
-24.858110572858116,3.1329033706342377,0.5752700890372884
-24.86026478261948,3.13633763557165,0.5431252811041857
-24.857748001918946,3.1443343496790663,0.5555509261934846
-24.851317361412143,3.1495573966240213,0.5974311971646099
-24.852311131638398,3.1577962251491747,0.6048348995283129
-24.85482559135298,3.1683138365427084,0.5971521556481
-24.8582660044042,3.1700807395667563,0.5558831251256908
-24.85494069387025,3.17139008362169,0.5415311848962678
-24.867076118245034,3.116460596693975,0.4360692463975561
-24.8776283609858,3.0901504192619313,0.3848964286287754
-24.869723537481214,3.089874583022306,0.3931737442397744
-24.864527489540478,3.0962853598638334,0.40474078905228256
-24.866224882021424,3.1065886024997447,0.408107891362259
-24.86406064503782,3.1188457694350613,0.423977317027032
-24.862501176444606,3.1267699208521633,0.43878670815371357
-24.860766567141813,3.1369330497945835,0.4605854682457317
-24.87778520258493,3.287237262413139,0.6411502919388454
-24.894092936200376,3.315493614394821,0.6738480559323236
-24.825971718135552,3.3919964772068094,0.6897062616594501
-24.848564917411807,3.423343108474165,0.7210163842447088
-20.73547132121308,7.469131885124925,1.502363649052059
-23.627544987567997,5.016459914708821,1.1048804107818477
-23.65694336573223,5.062360823460948,0.9501344904579984
-24.12371969349508,5.4220651855523485,0.8861579394348379
-24.19536702008514,5.582470489051137,0.708267956263119
-22.86783134877599,7.927629513189084,0.8968578682390433
-25.092392500832993,5.600330051926262,0.5492906449400776
-24.88228323025005,7.300815904560072,0.6561544678812912
-25.026850063135182,6.617168174754255,0.6084930813150182
-24.923032115037884,7.3097350520695885,0.6477574698318072
-25.918082710332957,6.565098214189111,0.8227700665925399
-25.890609880572626,6.5614330219769865,0.8829284305375442
-26.126962487802498,6.4377839074372005,0.8232901008461304
-26.873020349157276,6.87400285130251,1.016410954005171
-26.896033266100144,6.74893844321649,1.0739721580200294
-27.163905665294543,6.4306475730216,1.6358798120885734
-27.058412319228992,6.408910643673915,1.8193336402288516
-26.931188269455536,6.45591347271387,1.783780155873031
-26.903402830290204,6.040826800288981,2.255853850618304
-26.883649676802722,6.137833033155189,2.5183741434258873
-26.82723875843316,6.1313412690083355,2.5465805010675333
-26.81531788834924,6.191398277201154,2.6444739852090358
-28.74109748914308,15.000590538885453,7.846836191679662
-25.609045272391143,5.8704056351024825,2.690738046227914
-25.05074184596961,5.476237164581254,2.7825641134170587
-24.806353816504842,4.7952345617203616,2.66868678307728
-23.33334917885116,5.160023156877511,4.178455635461991
-24.73127541431112,3.1809701461592277,1.9166492448047414
-19.302578454113732,1.9583861332904027,7.9170843712605405
-22.391272569905865,1.0035242466492662,4.09864592717092
-24.162769278046106,1.7007103011946727,2.139455764890761
-24.146182443619196,1.7389595663726594,2.1542563083941815
-24.422802368956262,1.8238764907438327,1.1896985309190296
-24.21416972363296,1.9252783521672632,1.1476901980836502
-22.626209136219124,1.2364669531917365,1.686351974418984
-22.50790712421323,1.4517390045929677,1.6494556614637221
-22.36689337989743,1.5301897947298675,1.6799206767973165
-22.40465769805388,1.4827121647810453,1.758978347711683
-22.526376249766717,1.4537318508048827,1.7530178125627054
-22.549589244040998,1.3989391978019636,1.749389723564624
-22.581421330409675,1.3412940291966202,1.7636851419992237
-22.572517407660175,1.3265456024549043,1.7162002687582794
-22.600486977573016,1.299244173712098,1.7609425688781672
-24.20708611441553,1.85048548011107,1.0162072928607588
-24.18258905311216,1.8901427396877857,1.024755668824488
-24.07120862498129,1.8831789985212373,1.0465620144888979
-22.506228838651275,1.0665820341182455,1.4131898387512372
-22.449522526875356,1.462022057784998,1.5277473859612123
-24.715180403039156,3.071540942089688,1.2257798578611192
-24.747600350208447,3.2099971127611515,1.2125350925517433
-24.82258974308836,3.262203255605963,1.2887020766139539
-24.82993285732811,3.3773979977732616,1.3827913478706304
-24.31542518266751,5.15876448841732,2.4817247986531195
-25.13659642515309,5.570060403093928,2.1419604626680253
-25.717215674308488,6.211779900778785,2.080334198517976
-25.17750280435437,6.431206122553311,2.2550573997845675
-24.875056254447077,5.512064976382064,2.15693587970871
-24.943471280589385,6.6144469569286315,2.3055320904549217
-25.42892200575596,6.267617386748495,1.7065269451198128
-25.39575176836096,6.281271112803292,1.6657711096448922
-25.47946004281628,6.30930495057666,1.5992822629939227
-25.843867663838946,6.67756895364365,1.3356492316860171
-26.00980722880742,6.613509164399029,0.9512964929340668
-26.090167727545328,6.606437240536408,1.0065579109352343
-26.095483322831097,6.3235405250038905,0.7367495724145934
-25.69205164416059,6.360337123504569,0.6417174184623794
-25.249102317874,5.534093431226044,0.5612942951796377
-23.20783176041571,11.019995455372623,0.8008929179152894
-24.14880360740156,4.888959966069218,0.6008528736135131
-24.8487563952285,3.3049058680868635,0.630229902242501
-24.882190531582122,3.176933811394062,0.670600929646457
-24.63635969087586,2.9837434876030358,0.614694659265506
-24.636633168930278,2.96299456678277,0.5770318467476302
-24.745019848249637,3.044873401831822,0.634250541332821
-24.76082546031646,3.111666483666896,0.6675432912927969
-24.763347475872113,3.1266837854826806,0.6679116206489664
-24.736661511588636,3.014603923334518,0.6084909106548624
-24.739586864804615,3.0428490058682955,0.6077608264895
-24.739437053511374,3.0541438115116133,0.6133109642396025
-24.740163095447365,3.0629851300525552,0.6127254829970694
-24.73287315956899,3.039930509339911,0.6338409931957019
-24.72894138585199,3.0149437892624436,0.634355435301864
-24.72828728621038,3.0066379421886182,0.6382673331895503
-24.72926757620954,3.0033492382881484,0.6401691510100466
-24.73155598219454,3.0070397000878546,0.6414923910666892
-24.7355919541437,2.9993066779403383,0.6099425708642766
-24.76711401662422,2.9967694537664276,0.4733350858081139
-24.774061365693512,3.014181920264866,0.46219527518152204
-24.78064269080831,3.0309895876386195,0.45367610225485205
-24.787724967530153,3.0354592838453844,0.4409674685300668
-24.779837374189743,3.0406698267054884,0.4693819410652425
-24.77804623262976,3.0361210177913334,0.4765852572142697
-24.77753138412586,3.0406383703464313,0.48444691692614783
-24.77595349013594,3.037947658488813,0.49331113118127723
-24.7962201137195,3.065185981691093,0.44602888539296703
-24.8410011217863,3.156310081230425,0.39323273539054016
-24.84645329231666,3.161246500701072,0.3841806600578527
-24.850272318911344,3.158457469128775,0.3741529287303756
-24.853295111355884,3.1580933024934543,0.36799291794550526
-24.855516628423885,3.152455663337756,0.36053245889366603
-24.79434909495572,3.099377221907837,0.2397014772257044
-23.460885268716204,3.0569140046884926,-0.9961119507556848
-23.409122765311793,3.038968556089111,-1.0937660063472991
-23.463344701010737,3.0781583863187136,-1.005018608043661
-23.204596856734945,2.8751700942918452,-1.4592852081108463
-23.202821990935686,2.864228248170286,-1.4541497043433909
-23.210674302407135,2.872403062701462,-1.4607804228826837
-23.14154976646246,2.8704618976079455,-1.5312872585586161
-23.141049987738672,2.8531330418795484,-1.528227425471206
-23.18975771034022,2.847388067234341,-1.4314716231680658
-23.206417634443884,2.8821478932130233,-1.449047027899675
-23.215243038591314,2.9353919385976432,-1.4572709051417172
-23.219343285845923,2.9724859780994914,-1.458817774343148
-23.2929197659405,2.983132756038495,-1.3883857383296019
-23.291271108208193,2.9985251532179302,-1.3837566023551968
-23.29666093638467,3.0256458620589304,-1.3863075509058485
-23.30010768155206,3.0351008702711018,-1.3883434475313807
-23.30234364448525,3.040164218932522,-1.3897480210669546
-23.303775663985732,3.0443596382877183,-1.390835708357101
-23.236369384574363,3.052354953210823,-1.4647734172590392
-23.233208577360024,3.031039563898919,-1.4633674892951705
-23.234427460374185,3.0203841720156075,-1.4661706221461135
-23.24450145067031,3.0140342306209846,-1.478452591030648
-23.25292703759827,3.010562294776843,-1.488623156134584
-25.156123440627784,3.1153155083831003,0.3199693460375829
-25.166100087538045,3.0963323685866366,0.29829743946136783
-25.174781005278017,3.126846760425032,0.2991751503313576
-25.174964744622333,3.13463606691299,0.29867694151831925
-25.17168628977908,3.1356624172647187,0.3000388039366632
-25.16303681389128,3.127929721064905,0.3019929844353117
-25.14260203406219,3.0979512232005355,0.3075876075176224
-25.14083867321599,3.1065465980257136,0.3119273611843726
-25.1310067898111,3.0957270944545656,0.3167098592592246
-25.05859881148075,3.086639172617609,0.2397587647644785
-21.862150359879625,3.7413863425721523,-2.7168965851459443
-21.945555275866955,3.755527873220398,-2.652857519486298
-22.420685874198547,3.64478282213647,-2.146899523904502
-22.425815618775008,3.586349236181237,-2.163932604952413
-22.40352515569976,3.5963989249976764,-2.1348090982741974
-22.468390578465833,3.6018463172992217,-2.0520528079443365
-24.657084835025415,3.147586263112653,-0.04807258406848136
-24.57999738314606,3.152010913353149,-0.10853627288692391
-24.72344118687149,3.1248214414876534,0.03518595009316983
-24.81498150155025,3.08232358867025,0.5096239696192402
-24.79726493241668,3.0486638301528197,0.6363471118828307
-24.69927146724236,3.017011782876359,0.6512095253136321
-24.706373007650573,2.9988385810359954,0.7047917110093724
-24.71766896775076,3.0060325834038717,0.7157566586661473
-24.725621324643498,3.006449706252041,0.6689274778128341
-24.729952740775676,3.008028826912276,0.7062057766209667
-24.73569051933894,3.023124987559892,0.6947939495352112
-24.738977646566212,3.0239547997745246,0.6876792231663591
-24.743194360652,3.023148152174774,0.6502866103528271
-24.746124759894613,3.0266899556159763,0.6466267708620896
-24.749009441519746,3.027757417634722,0.6367809965938988
-24.750436185311898,3.028599125526189,0.6417205860718541
-24.75220133336228,3.0310630418787734,0.6449310268051696
-24.75479048275446,3.032525097935027,0.6374925750375194
-24.756564075364327,3.031953065982269,0.6378886580751889
-24.758564679556407,3.029116866786806,0.6298272529240924
-24.759771644908373,3.029057501948386,0.631082754417014
-24.760504295905083,3.027297052609271,0.631441283478551
-24.7614231176506,3.0315746818794143,0.6354244562068507
-24.762054454668604,3.0313956057716926,0.6339938089650827
-24.765494168302354,3.0569052171848496,0.6543037448877996
-24.76751431766697,3.0702110615888762,0.6810848158277508
-24.77527401321456,3.0892698620522467,0.7799866527162751
-24.777603966880548,3.0881625099192416,0.7848853224273791
-24.779431892088216,3.0820058050214536,0.7984642765478313
-24.666673733842735,3.029833982065291,0.7218622161901889
-24.665213876775194,3.0005723122975163,0.7119681858500287
-24.66731667121249,3.0048417340908977,0.7112932528173845
-24.669222537235953,3.006003354264131,0.7156768461150179
-24.672024693350817,3.008254570790047,0.6942621527787954
-24.675070437170294,3.0152668003155534,0.7278585270043523
-24.677581127113058,3.0161464122238164,0.7190824222314418
-24.680458628247518,3.014864601603628,0.7318150467410356
-24.690835164567826,3.0501846204728538,0.7938700175155187
-24.699076673292314,3.0592743098781954,0.8268747013879936
-24.70121486395073,3.057848498492758,0.8278010222308121
-24.701882804058506,3.056170732362106,0.8293930500307879
-24.701944958820683,3.059648810098739,0.8172918190663575
-24.70329118057635,3.0633018585626584,0.8197729707755692
-24.703558571734522,3.0644246615704613,0.8190582741157041
-24.702651130109587,3.0652514235441006,0.810266538047876
-24.702278273215633,3.067283415169121,0.806511083228177
-24.702008049867025,3.0697500507511366,0.8031218797807562
-24.701250609666666,3.073033982608105,0.7943375331492916
-24.79885269983923,3.0572371105426517,0.784231726554685
-24.695369729140676,3.063317542589706,0.6957214308912615
-24.79423795484519,3.0461100476499245,0.669074918518173
-24.794571909945454,3.051845125444615,0.6613691679637533
-24.79320964176529,3.050303450676041,0.6596267295239592
-24.792551075627554,3.0516668006537486,0.6584341957846588
-24.79322468784071,3.0572055108806047,0.6540887792180426
-24.794123397633438,3.0646516143722846,0.6557886219695667
-24.79673757138688,3.078577112758596,0.6580647942707699
-24.801405826224403,3.098165324805123,0.6631849325782816
-24.8365260195005,3.2143501664473795,0.6660133067697099
-24.822017446244473,3.4139589409323983,0.7104062007032433
-24.844036022615413,3.4481357219435695,0.7108973809963942
-24.817709518437184,3.582882600689077,0.7402036570212175
-24.851416563065595,3.6227147052785456,0.7534958698023193
-24.041976416102337,5.052840979324887,0.7082636655648233
-24.11128457733171,5.343137906083303,0.8769673365198187
-22.825169110126982,7.841342128449863,0.9010315348149419
-23.31254962377054,10.772038374036368,0.6772197873204447
-25.55821635304788,5.925277694322439,0.5965845216451858
-25.59524777804983,6.334696533563525,0.6193865401061195
-25.565836827379584,5.035975166887234,0.5758318997102219
-26.148396205506554,4.9967068818688976,0.5707678363639619
-26.458907468095244,6.16315537448485,0.6602480322907218
-26.385192643017785,6.280708343328393,0.8123565118779903
-26.443086142634794,6.265856615469837,0.8370434596937381
-26.860158775529026,6.352242103152463,0.7671468851180014
-26.960631263531056,6.839947294917549,0.8531319975132945
-26.878205542761645,6.757124575438132,0.8646046732926628
-26.899296707528414,6.848585799602493,0.9306559349282295
-26.93287445622644,6.838014916942611,0.8380775907897751
-26.954531513002465,6.827407466084665,0.8387725501376933
-26.826503005491247,6.447082332525824,0.8016524359132529
-26.762857191997725,6.362093880568516,0.7742905674364599
-26.701529745382047,6.276140687251898,0.758496421053952
-26.69033696854998,6.278588004191245,0.7560930094740005
-26.72498432691851,6.266510379893822,0.7142110586476715
-26.746302460344538,6.258504621708314,0.72635488716991
-26.75632952764906,6.254403714530133,0.7341756506575184
-26.76298703477912,6.251824821116141,0.7333335102519504
-26.740598339615055,6.259616274528917,0.7319285235989929
-26.728970302276043,6.264145316882713,0.7200577749852569
-26.736798496623205,6.262108140780006,0.745051557881766
-26.766901994144714,6.358105060658022,0.7717264701691853
-26.72198819849379,6.26941031905524,0.731367928773706
-26.738779341994924,6.264856398251572,0.7059177228135248
-26.737831036597115,6.266138345356343,0.7050408923042021
-26.74759494707016,6.263827258063501,0.7162528668571296
-26.750512897214147,6.263791577160209,0.7245773171479661
-26.71693444550373,6.170649671214614,0.7006339293386468
-26.116748513126883,6.414437330809518,0.8424376903742186
-26.05971190605516,6.624521626833733,0.8463355302168964
-26.00514285729887,6.630260782283116,0.868641103916155
-25.886983078981004,6.6414267750575675,0.8642157081675705
-25.792105838835067,6.6461078188293765,0.8925180077469609
-25.820708457095616,6.644693067821505,0.8928418947719199
-25.77634066429557,6.645618002502797,0.9124106800654828
-24.98357396464114,7.308792866110331,0.7877760159862036
-24.874493508890662,7.292290159375212,0.6323948942427647
-24.92591438547719,7.300687442669757,0.6832542088855811
-24.93842708770359,7.301689327737197,0.6882113458752807
-25.121786984694996,7.224084183221083,0.696880492058165
-25.12884054323796,7.223637309967545,0.6789925167516677
-24.23627553983669,7.025335473340334,0.613549095407001
-24.165812543964677,7.000782974529906,0.5845765897071671
-24.60685988741255,5.776171647595772,0.5534388950160132
-24.58191393154588,5.87500488674784,0.5738812329087054
-24.602306223153658,5.774837062343704,0.5529711415748444
-24.646577114185195,5.790257103163329,0.5657615304739483
-24.646942695541235,5.789539387752379,0.5609280224389434
-24.486856147196175,6.158697809902111,0.582450148114848
-24.21274375177992,5.262324935519666,0.6097426746457344
-24.208897902469996,5.144982627675182,0.6394199092541888
-24.062947038278484,5.171237731737091,0.7438927745903264
-24.015352124847887,5.260271238106148,0.8037753159883256
-23.995819160316753,5.126740819355756,0.7744006554970024
-23.779208063581887,4.955074964316919,0.7269767201257086
-24.853206484115713,3.4759908056612194,0.6648617269849189
-24.892920463556347,3.367538445747021,0.6997036087919473
-24.86415293461916,3.3301487008601205,0.7017398663667435
-24.83903405846436,3.2896567345797902,0.6739929624036527
-24.767043546762874,3.06557857225926,0.6240459088042405
-20.126191738041822,2.2227440521698965,0.12251748387783645
-20.127349293016387,2.2344774484955243,0.039483862140545445
-13.415257266619353,1.7877838127648296,-0.04705211403689269
-11.539900342847337,2.1749677296393646,-0.8176452257931944
-13.211747406852544,2.194993866631142,-0.44755773125980125
-20.139628925098616,1.9741361446366517,0.18461306260401267
-22.95776267979082,2.1912065824252362,0.31837160054604136
-22.9612727093635,2.1603368551139335,0.34245084334954273
-22.934379126536914,2.2541898258865336,0.3475072331721616
-22.917215348628524,2.3244820856202724,0.34493867648890086
-20.153605375048972,1.9769401051819773,0.005316475746681593
-23.018324800382775,2.0226234700834613,0.22031243112223292
-23.49909305329871,1.8876055995023182,0.2915278062418816
-23.59778608500582,1.9229010794200776,0.27518040046778475
-23.60219722898842,1.9123396643697235,0.275296926958666
-23.579798854639513,1.9493032696021722,0.2923029850174762
-23.48250800788584,1.9178702691885237,0.29017312565636716
-23.46420214775721,1.94985348227368,0.30883953904253864
-23.359294283741157,1.944138219744632,0.2938904713644067
-22.31946538424178,1.5925505258854513,0.1792168857291564
-22.413133282508667,1.6438001267139857,0.1586334131764704
-22.397973447396325,1.6899895501131483,0.15687779876021635
-22.29144508738267,1.697413516670789,0.1493082038232718
-22.299595919176124,1.6862093841384782,0.148588466883663
-22.299856803302323,1.693372340356262,0.15646332244813355
-22.330827076064995,1.633231475142343,0.14241640598804506
-22.81477555971859,2.4420530746080806,0.30257480607764553
-20.49876925624905,3.0491114409197535,0.042232030877406235
-24.797015892411437,3.1020469519968357,0.5940105038599267
-24.82845408481484,3.1850080861383185,0.6162217873534435
-24.855567795481566,3.2400265329239746,0.6545013126493716
-24.875426822450994,3.2651742918151654,0.6582437532248732
-24.886079830842824,3.2713263302401043,0.6519809472179234
-24.899292939111877,3.284334928560198,0.6612844249255635
-24.83412862044549,3.3582568087882048,0.6598249330351927
-24.870855453781502,3.397537986544463,0.6292346384504239
-24.897563017955417,3.4213793626772,0.6135049882486951
-24.913279961645586,3.431309671488462,0.5964094317722086
-24.922994834832,3.4353467299163887,0.59335318580792
-24.910460059189653,3.404545094775868,0.5919405252102038
-24.898961636464314,3.3697716856961843,0.600305746727256
-24.900560384064963,3.3610374111960084,0.6230511945625731
-24.85861310547837,3.471012374016444,0.6614982468958391
-24.832444345875228,3.4136686640484495,0.6842616937124412
-24.825438729811445,3.386004448474477,0.6941042687385264
-24.818327548349025,3.3591138756483567,0.7117591958121997
-24.814874616607,3.3372638970316104,0.7335023961731005
-24.81047008985394,3.3160484162927215,0.7541109332118577
-24.799926468123026,3.283400075954691,0.7696458179107554
-24.786932804088654,3.2431842493884737,0.7797171929165054
-24.777093040562733,3.2112914148716687,0.7800217684239624
-24.770460575622142,3.187377698254241,0.7803322484291279
-24.76210369786614,3.156673400619073,0.7789352630462834
-24.755056454747436,3.121393128727626,0.7994177223449057
-24.74987124005148,3.0937865959273787,0.8069649543181175
-24.729044297470715,3.012607306104372,0.7812132842525467
-24.625454259018056,2.9994065849253717,0.7884407224786683
-24.621185105067706,2.975397160508985,0.7988317315537177
-24.614605775305233,2.95385140895695,0.7852451830866694
-24.610435038280354,2.9478713187805554,0.7699937998411059
-24.504721888925697,2.943119312043239,0.7535375155614482
-24.368074932474478,1.8598752707434096,0.8064984879972901
-24.510860121020688,1.8265800201589415,0.721426773981033
-24.532833627408877,1.7894488893972382,0.7123485163284581
-24.54742832921513,1.762671003204051,0.7060374954856461
-24.555811311364327,1.7451429299632657,0.6670574730510844
-24.5728997336209,1.7186343839546299,0.7019289989478098
-22.650770517764723,-2.9640255251579615,0.27578272033824686
-23.26730674992995,-2.586748870834632,0.18967901516948626
-23.21739199223486,-2.693542317952443,0.34758487660258797
-23.44287748335132,-2.6781666944563627,0.28453765522241586
-23.38941774453904,-2.5464264005575576,0.1922554964238986
-24.56944905221764,-0.3115836679105626,0.2516940820571106
-24.821296075578328,-0.5920656650928162,0.2714673866928065
-24.490018944430908,-2.560109678417108,0.08544302399855797
-24.78408365520875,-0.5887084339688835,0.2678088677503317
-24.10379732254936,-2.87677280981895,-0.026061405793091685
-24.35380274179106,-1.5096399037694326,0.16533601001983134
-23.92831627023,-2.8434227847580202,0.07226834957787831
-23.828007392846043,-2.9312798162533076,0.1932839187995548
-23.73063354374063,-3.0123975462954853,0.2605925493930318
-23.712821734754275,-3.0098415414471287,0.2985373983781793
-23.650932263396967,-3.0939343670040995,0.2765510546927742
-23.617545769341437,-3.084690455931177,0.3064659496180822
-23.590012175863343,-2.865217704767372,0.34005234027711717
-23.478491914652942,-2.71764140938202,0.3561382428859574
-24.590890229261905,1.3979242116951653,0.5625624156873612
-24.391896012845827,1.8444932385083241,0.5719923299461471
-22.490974883763332,1.3021495589700616,0.5158117264908615
-6.8281408520726785,-2.0350449599268776,-1.0630245503720401
-20.080164677531133,2.247572981916433,0.1859004857980775
-13.475203109459388,1.8487362233639362,0.16825381977419218
-13.045949848541621,2.344126767320074,0.10500105228582901
-12.129710484436286,2.5832124696282337,0.3265188250478693
-14.432228854302167,2.9223189736677315,1.1312020629436979
-24.738817667371045,3.040591425908191,0.6761844889935243
-24.802807830674368,3.2534453221162956,0.6818358161550261
-23.989428746472214,4.768213113576461,0.5963844175728767
-24.270754257133095,5.553734213273152,0.6297700023070298
-24.74458720277306,6.981773491937413,0.6195316043074415
-25.365517261034743,5.466186318209315,0.5644825079907275
-25.191804258681728,7.274246037045902,0.685281503624183
-25.195492403007314,7.282201874948375,0.736517628732554
-25.96608263361036,5.1738077259121065,0.6040920481218125
-26.07899289951998,5.054078175089899,0.614490468385141
-25.936867556144374,5.693198192175428,0.5839491603381621
-25.671725251992388,5.5174988420138025,0.5817164755396547
-25.721733099187265,6.4194430771961795,0.6699760609297266
-26.06483649923504,4.961931752087092,0.5941804650657917
-26.00430238744586,4.769806165061337,0.5942246192588305
-26.05046104498366,4.964229105296644,0.5889156163096001
-26.00841794667114,4.6658024991541,0.5875365996326075
-25.995030860927784,4.565183957727312,0.5602781724638471
-26.117686934913596,4.9494966743900966,0.5882905251603356
-26.138522800033286,5.049317650707308,0.6009620441364862
-26.125244228467416,4.9496395053732964,0.5819368089911184
-26.481282272046098,6.201784757733579,0.7626806557347185
-26.58081172648338,6.276690750205582,0.7769314862540091
-26.504516361154895,6.196223147093564,0.7607792068590893
-26.396128714722543,6.223779536648845,0.8267006025129775
-26.49268765653788,6.197487592044633,0.7802612172840682
-27.019924661908828,6.639887052446068,0.9186256576326725
-27.066265044320552,6.622111099527562,0.8510655856523298
-27.031313046817218,6.418770717030679,0.7915375313685034
-27.054299453245754,6.505113427455466,0.9619591717859508
-27.001542903157876,6.42626464427979,0.8065654229788386
-27.144515207114065,6.5797466640137845,0.8517251385378054
-27.691242747228646,6.37258984574423,1.1654742501065056
-27.610622564001417,6.423545489573867,1.1572889776235324
-27.558988426665454,6.443211593535996,1.230180818838406
-27.54392929631029,6.363288782712276,1.0176960622848583
-27.53912540754546,6.361337253726893,1.05460296643845
-28.368248595064525,6.264941769356856,1.0250852430768875
-29.85122985710151,6.756688034230652,1.127580143954704
-29.96219465316812,6.617539587481698,1.2039732474453135
-30.08436421042606,6.469406393857096,1.1770592270275237
-30.217803109430516,6.633486185068705,1.1224958051540148
-30.4090600579259,6.874100085838503,1.1486388391558608
-29.82494850197206,6.622823520681826,1.2395696915753858
-29.745945156590228,6.722089970417727,1.1755103419729103
-28.93460637066684,6.280906576337983,1.0560723416790088
-28.52606571320261,6.25913764830025,1.00988190773879
-26.843824746552464,6.7880655593147115,0.8850545272465296
-26.061348600058125,6.55179011490222,1.008773370410656
-25.738148420321167,6.602061503715873,0.8063429583764495
-25.678473064623624,6.608129102022712,0.8947457741802937
-23.973826812188577,10.96211369240004,0.8094297204435834
-24.330256839078952,5.085041494711935,0.5430734131533332
-24.163770703694937,4.993080616161477,0.6277118509886963
-24.284953929819736,4.824602567234681,0.4516849520922284
-24.85697977599912,3.4949776836033717,0.6199519462059675
-24.901468180477266,3.166183069178471,0.5742461912270121
-24.762463577885928,3.010202375929707,0.5454570748938421
-22.831451484359306,2.6215511452698483,0.05352112036319989
-24.64028627343017,2.963108545946913,0.5073871464665632
-24.63479855809862,2.9743397861641063,0.4876085380623466
-23.299422085261206,2.908450145706643,0.031885354239551966
-21.985957585299275,2.5083194505323934,-0.9400604686795592
-21.950148094761275,2.588602316105203,-0.9012655439780497
-21.95527923134104,2.5918879970045348,-0.9326684958566359
-21.90054624056529,2.676069947667481,-1.0815452683086544
-21.721244429834776,2.8914863693009467,-1.203523395296955
-23.236323565788204,2.8112809840914648,-0.6435232839821071
-23.312542902808257,2.8279409873252166,-0.7676117107495488
-23.26541942309637,2.893851333029108,-0.7124031473929139
-23.27831583630166,2.9341705162443117,-0.7402770366547369
-23.390669805169253,2.9006153732904103,-0.7341355335666742
-23.402689268358912,2.94502571721683,-0.7587784059089503
-23.3802368582597,2.959633804345097,-0.7361988934444115
-23.37128912455121,2.93325195323276,-0.7303438792903657
-23.404335063475095,2.973241347390875,-0.7838434278319243
-23.408786142724683,3.034187357235083,-0.7951910641283076
-24.722002847962127,3.0871715796184525,0.12835579265723285
-24.802007603656477,3.0976881205356124,0.18666779909658432
-24.751902786553863,3.1264286466625206,0.09299178689583171
-24.81125153312516,3.106979463581586,0.16847984178969716
-24.82306237126716,3.1267283092508436,0.15759580673085122
-24.818897974952563,3.121137510700721,0.1569297426314829
-24.850599027585222,3.1598511933063516,0.1378384297178714
-24.83686393869001,3.1331357859718185,0.14470036558214944
-24.840739375238915,3.1369383730277427,0.14528128649947575
-24.83895651331324,3.132459695756235,0.14779577888492518
-24.77161376144661,3.142218029845277,0.07552445236089261
-24.824284164957195,3.1222535616912155,0.16562861926929673
-22.68709608398377,3.290692045379399,-2.480821386366658
-23.022964313704872,3.238662692336283,-2.4936100697629797
-22.845445137670534,3.273433533107025,-2.4798066971760493
-22.84220751794589,3.265191325769113,-2.476010749740036
-22.820769143796408,3.2351003528412288,-2.4605291289107543
-22.830645663127775,3.232346915661105,-2.4686190685450273
-22.847054861639236,3.28138075742219,-2.4775399806866316
-22.71366172323505,3.2821363679867477,-2.499569829218759
-22.8452705328291,3.2027985801022734,-2.4862951768407453
-22.87293447610789,3.2327602451871145,-2.5086875163538336
-22.81844169840038,3.298187156797988,-2.461268578037401
-22.958717587537407,3.3280744504516466,-2.4417430177892747
-22.77532945391624,3.386985967163466,-2.4189925962525827
-24.828155826382623,3.129149927054555,0.15996069125939305
-24.78330760420418,3.1133967062359997,0.2074515595238639
-22.94405873264269,3.4145700053133887,-2.417825062385906
-23.4686686537036,2.823681197046649,-1.0245219201979656
-19.817246039785097,3.5988986826556273,-5.65070413261015
-24.387714554045626,3.012210443023963,3.1917657129768813
-24.680997687577122,2.9721406806381023,0.6782176150907848
-24.582055593729592,2.978886330476972,0.6795163923838904
-24.582467578868766,2.978725668022722,0.6778738065460626
-24.582710738947352,2.974916478101407,0.684612629933715
-24.583147667495894,2.9757185501507712,0.6780847104157205
-24.683455630124044,2.972063009197046,0.6771677483564709
-24.583938206763968,2.9792600252979784,0.6770798807479227
-24.58380410874165,2.976197331154306,0.67357458186306
-24.58368223194155,2.9752519173389893,0.6730700061450441
-24.583556451963954,2.9747190472349185,0.6716005906657401
-24.58344215639297,2.974349970523979,0.675303082659364
-24.58340105267003,2.9743386316354843,0.673417626239835
-24.583439271402558,2.974426008667175,0.6697547268620985
-24.582711272300596,2.9360070787386627,0.6355515743188929
-24.48391108765157,2.9282504699556395,0.611878464225957
-24.48428392722626,2.9270470300380373,0.6102367834708947
-24.485925179832364,2.9280538541961114,0.5964665308560365
-24.486567861451235,2.9262760049141114,0.5984851249480168
-24.488335500879792,2.931075759684801,0.5956393443386107
-24.489066314037405,2.933659336917699,0.6052410086605463
-24.489137935392137,2.9320307369066008,0.6149636000783061
-24.488603343246304,2.92669134794549,0.6180940045051323
-6.817064457560932,3.2386404453024165,-0.3647229170144839
-12.930713817349902,3.0040676353711055,-0.4092927077967806
-12.819869934387855,2.9861974645246034,-0.29976035272633983
-24.484961981758566,2.9259577287184784,0.6068478204345961
-24.587238439834163,2.938056755321308,0.6125883749369733
-24.6956359109517,3.0268324222368896,0.6602847819011977
-24.702657456034718,3.0368089236002915,0.6620613564817796
-24.710621803501656,3.05111824523307,0.6652806598270602
-24.717420920831852,3.054981666830768,0.6661669908887314
-24.72513852455996,3.0620293956247906,0.6748242090148036
-24.730758851009128,3.0590487492130753,0.7019259725787192
-24.733478723205142,3.0491095100130927,0.6935274086262533
-24.7360130219518,3.040006444323781,0.7036892726361565
-24.736133777133446,3.02091605412967,0.7049907972885118
-24.73610918424178,3.0125121514741244,0.709149742827399
-24.63656651525196,3.0182268021862404,0.7106138148722723
-24.736786385806326,3.012020039060547,0.6789222223904121
-24.735762684731416,3.007441741760178,0.6787594860049005
-24.734983998958867,3.005117272792999,0.6759372185240085
-24.735114823381622,3.007913643735895,0.6714466996901751
-24.73551123997161,3.011039334379939,0.6662957110923465
-24.735556352795864,3.0142509453250836,0.6735304984611254
-24.7348339093111,3.0095527939990134,0.6697512548748179
-24.734289869950288,3.007595253659452,0.6686035218632925
-24.73333072722339,3.005084926693349,0.6721545904454779
-24.732420732310775,3.003024498162678,0.6760745183999969
-24.731948941371627,3.0026860204701538,0.6746992561460231
-24.73216508498456,3.006037889926859,0.6676226957959349
-24.732486993813012,3.0111693197008744,0.6661840973297286
-24.732428707228365,3.0126609039018692,0.6649801773717438
-24.732537494042063,3.014485778260939,0.6622692281277305
-24.73143937079514,3.010302198866962,0.6719287936552245
-24.731772542221673,3.002319703965905,0.6433693133674814
-24.64367934063198,2.983865034711635,0.5275756340598362
-24.643599553021907,2.97843663211106,0.5255086959124724
-24.645644015657155,2.973665225036621,0.5120539315186905
-24.644930989256963,2.971569650750511,0.5121453697036121
-24.645913315994854,2.9714374257243596,0.5052611342336185
-24.646096853391647,2.973466382042763,0.5028661874268826
-24.645863295703734,2.9801107479186877,0.5045324252633849
-24.646511683088768,2.9843575390506225,0.5022018166910703
-24.64709738549712,2.987120491247822,0.5002558382072312
-24.6489819479574,2.9851062335714373,0.4908363169139788
-24.648957108326993,2.985485641668386,0.490423400769753
-24.64799586304294,2.9836391157855413,0.4927602730605927
-24.646836848462716,2.9823374677399554,0.49567538412658724
-24.645485202725347,2.9805357363446143,0.4983497570513249
-24.64487547375365,2.9798387163773246,0.49767409668516377
-24.64462358339843,2.9798741948050615,0.49597928273816094
-24.648060384790252,2.9812377393343668,0.47905399703372925
-24.644770024466936,2.9855441295066023,0.4913892502004362
-24.64187799863015,2.986713158345638,0.5021417407311697
-24.740597047946572,2.9798221700629672,0.5154895831470637
-24.740024923008562,2.980014461529391,0.5159372656512693
-24.73979305493982,2.980274850909796,0.5155521020811358
-24.642947631135527,2.9832018293744036,0.4888576176674227
-24.64088270510342,2.983558814553297,0.49618226619639505
-24.64023378818807,2.9836715678698043,0.49735235506464404
-24.640856364115567,2.9843385788496164,0.49358973228234526
-24.739238558346976,2.982765430288206,0.5127672148014575
-24.740283574325865,3.0052595128966373,0.5221621919178341
-24.746657264658225,3.0411149932391903,0.5261087076080014
-24.84977853863371,3.0833005768837984,0.5800485320622866
-24.897915254436892,3.219397500904944,0.5647752737127424
-24.881559801430036,3.5702303566372735,0.5879921288963391
-24.1327238821512,4.780101746356253,0.4853353190878003
-24.276632415858607,4.894052473309461,0.5017980019480773
-24.24745023271024,4.8776464106638056,0.49140580794333333
-24.328504607431498,5.059124845228007,0.5290693571781666
-24.225034467568555,5.354923389331958,0.6351313519510657
-25.115736991039842,5.170257106078347,0.4354440597646684
-25.210589046821305,5.204870097843211,0.510278591976459
-24.814144486768168,5.944163793483517,0.5765292576363463
-24.713658050061778,5.279422033022591,0.5241565988345005
-24.089482613361458,6.436578055214915,0.5567030768732422
-24.534746167373054,6.082972794120335,0.5740175560793412
-25.259756717945333,5.13859890393287,0.5256363631927707
-25.241222308472125,5.238603886359173,0.5471704842641255
-25.2135792921067,5.538885199153996,0.5621220637278066
-25.252729142265927,5.747453585735494,0.5724678954805489
-25.24708775347627,5.847760432954081,0.5805342120474617
-25.223567608503657,5.945867252559971,0.5897117687082651
-25.20538785332303,5.94296473696409,0.574817782622453
-25.11761938162808,5.2070991955601595,0.47975450685896764
-24.50588184826343,5.1957096078746625,0.5019626010848874
-24.484896019779733,5.1841266023627055,0.49064336998055685
-24.45025068774517,5.050411911846304,0.481412349644494
-24.31680917656224,4.972185594482456,0.49559805304231574
-24.632281102666827,4.211974563689107,0.5000586772671469
-24.95630150376251,3.3787599270299387,0.525650376949104
-24.862255005412035,3.1246131309856437,0.5014719642028203
-24.853216525983964,3.0887531582969623,0.484536365013449
-24.838282498134916,3.0668965296104096,0.5105078007182804
-24.83110748807568,3.106805414873711,0.561899911845452
-24.727245636122703,2.998028079528105,0.49147226135425315
-23.281732415018638,2.930518762713909,0.08037470776919053
-24.627784076028156,2.9600151066261375,0.4661806087858136
-24.73351677581472,2.9825369927447736,0.4632633857685472
-24.74012520262382,3.0015918867725158,0.4463813174750064
-24.74309230770855,3.0190258582450333,0.44154298839607087
-24.74474154371736,3.0312494444895313,0.43983447491698713
-24.741693661856935,3.0397470980553902,0.4513052087998557
-24.74308849997764,3.0453010269497005,0.4474832000475215
-24.835905113042486,3.0337344882145367,0.4822017487321705
-24.73805190013703,3.044919050375764,0.4616521160483241
-24.73740230478125,3.040889479420805,0.4623340192689067
-24.738762901250347,3.0313984967289627,0.45477016335030673
-24.73815072323072,3.028466169655316,0.45789468982376824
-24.73820515065302,3.0250024525108468,0.4593356803283406
-24.738754875093846,3.0216868373838635,0.4593225530814712
-21.509456827572134,2.9336257991141244,-0.9142403277541077
-21.612987945683738,2.8971115989539813,-0.9015029700141437
-21.618755018675667,2.8808672071874812,-0.9130114671587094
-21.622065212512595,2.867792323299184,-0.9183908611030225
-21.608181728742863,2.8746224567366396,-0.8815513032144611
-21.627718146330494,2.8944827507576325,-0.9265199723434195
-21.486693669131895,2.901111055561994,-0.8402692178403862
-21.490656161615505,2.8824506643026813,-0.8477916638033886
-21.497248920151748,2.8819446246019393,-0.8622891186947053
-23.167539198764082,2.9257783624797837,-0.18698275988133328
-23.167952400662916,2.916458959675304,-0.1821935186875635
-23.16928751732631,2.921733060127634,-0.18134475966207675
-23.26459326371181,2.9295093218527506,-0.14896218493932611
-23.17369991363867,2.929403584991821,-0.19053181300956046
-23.1785330969378,2.936667997067605,-0.2027909682200918
-23.180648812151507,2.9342862118212003,-0.20849912614837007
-23.275818978567898,2.9559675473868126,-0.17622076913518803
-23.275416631954975,2.9614438751109384,-0.1748227369724067
-23.275956718174093,2.9667578412930284,-0.17604512373888515
-23.350205914534722,2.9712212817715473,-0.08937016973370304
-23.35380723489427,2.972131212485975,-0.10059376757006777
-23.34931996900017,2.9691072289877862,-0.0899718967672658
-23.266032744874146,2.96677374531057,-0.15508258533604924
-23.267085685946522,2.9725824545461377,-0.15849227137995092
-23.26517162329484,2.977017598315811,-0.153751179696469
-23.257049833364512,2.9635107719459475,-0.13357286244093747
-23.26145528577296,2.9484650265855477,-0.14865297945286238
-23.1702430305608,2.931070074551743,-0.1930046971973165
-23.17104515718087,2.922956201961365,-0.1960108063005359
-23.25396506830521,2.924987888772824,-0.13142765629580233
-23.253045722243968,2.92163775844543,-0.12785816557328056
-23.25342732775229,2.919685325672249,-0.12716153661849894
-23.25089871120184,2.912962262102882,-0.11826859533624767
-23.157425713679636,2.9021317817493864,-0.15318748289212236
-21.36370499478005,2.8693084964616014,-0.7803498059758514
-21.37122950772157,2.866509528749537,-0.8036918701973905
-21.79286418862752,2.5256032605436958,-0.7425518391203276
-23.156984456206132,2.365970092519622,0.026466720933565058
-23.168887762186248,2.327029335513966,0.012390409968395022
-23.16590467713052,2.3288068503590638,0.019710977378274985
-23.119455867691965,2.400172939137657,0.14087462927291816
-23.13260737737814,2.3920870199483892,0.09641805657803393
-23.13705564405241,2.4149629741790526,0.06658952923775951
-23.122874557970313,2.4176802085531284,0.13045517937971607
-23.12335136150729,2.4127322751008933,0.14117543739295735
-23.124953336122836,2.413586725004545,0.14134152123193644
-23.129472163340598,2.4204013007404717,0.12492048551393864
-23.133689276117146,2.405959878111052,0.12780577252130965
-23.142797157893167,2.434419093057785,0.07561481447784002
-23.148024019675255,2.4332469076595946,0.0628483718360574
-23.152889186676838,2.443601143331344,0.04359099753497275
-23.14482221875111,2.4890180431429294,0.0521843803035974
-23.139162694840575,2.518601189061111,0.06382295089377954
-23.04173443973711,2.548471012339702,0.0281639199421152
-22.934703171793984,2.61150310182729,0.017360632490282968
-23.330641633144594,2.9539394852974925,0.044163178859528696
-24.675944998019165,2.9504559619421267,0.4333441024917987
-24.679708347049132,2.9640094406983963,0.41424593982644675
-24.68416238511847,2.9683551769456873,0.38749571392396637
-24.776432864357417,2.9881293890316054,0.4133187860833697
-14.932283471419609,2.7556241568768916,1.6306879869173312
-14.878253152774281,2.7970087667488936,1.6426357717370004
-14.880616735386004,2.804027228357626,1.667054859121028
-14.88534161955695,2.8140840202548807,1.7126198283990084
-18.4762488279174,2.8717385602120133,1.4376083188427964
-14.489815352855066,2.8432527705103428,1.766573272179323
-12.048765098634805,2.4878449644095606,0.48595432648270864
-12.048623880072977,2.504929190719894,0.4721840508613171
-12.048355263141467,2.50253853508098,0.5085765442152814
-12.14665682481189,2.545376563869161,0.5827221479408822
-19.879923318173862,2.2701156728331546,0.6548502660460599
-19.879277167654667,2.2794901659705236,0.7391034355832657
-19.88279885708267,2.2564681324261766,0.7723586807423017
-19.882620311455618,2.2662528933014907,0.7928397721077174
-24.545149159536717,2.9413068783905247,0.6395635987141155
-24.547536386113997,2.9383233925269385,0.6137276254656738
-24.54616543473997,2.9385013075456374,0.6382227696511391
-24.54662649245462,2.939814077622464,0.6374460361988404
-24.546818743559236,2.9410822815516013,0.6389975952289155
-24.54704817463188,2.941524845764634,0.6375271597127656
-24.547285151825733,2.9427866841199317,0.6366359288285107
-24.547553928099525,2.943635476174961,0.6353623143063869
-24.547769058986056,2.9477174841648743,0.6355812536841795
-24.547920006030754,2.9510120035008756,0.6371028783133608
-24.647990169323585,2.953185630214284,0.644509252800341
-24.648479487059685,2.9598356462699673,0.6429211874576892
-24.65038695224439,2.9881190624764167,0.6481001724311626
-24.65395930852918,3.018335041762422,0.6568153674238644
-24.760289219858564,3.0511061918385183,0.658822199067264
-24.793971743651227,3.180305764157497,0.6395209254534552
-24.849838203518278,3.2948711051033266,0.5907369114298946
-24.849402413777266,3.2992233447213386,0.6050087969109075
-24.832573937803797,3.2716802926654456,0.6243742366923983
-24.813303828557768,3.2365249847600595,0.6750089648701653
-24.798738933751586,3.1936113260972143,0.6335101955374777
-24.792288073228455,3.179858650450025,0.6337956837937949
-24.78109276916712,3.149914094714356,0.6414566535110431
-24.863284390960697,3.134530447053904,0.6535502943980736
-24.831893857230725,3.185752052327408,0.6406368110200009
-24.868486077269512,3.2226647011051544,0.6583923714591134
-24.877786591953832,3.2747424655458257,0.665011283485362
-24.872553564133007,3.3252412848823965,0.6716063462026647
-24.866310083453364,3.3561793215643885,0.6777480640386639
-24.762394733472174,3.411012486671957,0.6743724518608872
-24.647476645131963,3.461531232082659,0.6744989399198013
-24.540765832996264,3.501542372190802,0.6742648708111536
-24.42477472351671,3.537713075033844,0.673423556378544
-24.3026008557802,3.570772744413644,0.6726130397234942
-24.185206055905333,3.6005113504122415,0.6714725790810312
-23.10276507535865,3.887895733842265,0.591664761406124
-23.085526344462984,3.899352830155008,0.5919400911645605
-23.069771160186242,3.9034871933073534,0.6006082999964526
-23.091207594411735,3.911038361640894,0.6168265012935473
-23.152703323626103,3.9030638444417964,0.6248907670320706
-23.16703476357721,3.9441805581774085,0.6248682486188561
-23.10555044963979,4.051369972518033,0.6118201479319245
-23.134553253977256,4.094331748453141,0.6114104113896816
-23.11132667590853,4.212701293157137,0.5916531649758318
-20.561235448390143,6.077137073121662,0.26587071141834656
-20.71983467422732,6.37831253493618,0.26056120598831983
-20.968753864748447,6.608948139126062,0.2662643682286342
-21.95084983087574,6.108335928025607,0.378370369594939
-22.73264898174281,5.6591829074713775,0.4643737619302981
-23.784246761575066,4.745498162251132,0.5862360273002446
-23.96514331981886,4.77700162236128,0.5879069911046757
-24.171612728977315,4.799202425471491,0.5870762268962333
-24.25619674555283,5.073324948486014,0.5609331156759114
-24.441264396940564,5.2536294822445795,0.5389397322256225
-24.643090823813367,5.421676855685402,0.5168842644876251
-25.210183690692446,5.307708390421146,0.5372940389216955
-25.4017212886113,5.131587865781066,0.5538159320679253
-25.4135508729615,5.217700250658089,0.5523069553776888
-25.40376990714255,5.218254923620866,0.5581716038312906
-25.394300995225578,5.117393010186806,0.549890176203616
-25.39282666259526,5.117759698549978,0.5513166316062242
-25.38382768418699,5.218082957738163,0.5494578206564789
-25.380763013156326,5.218555114038839,0.5546162201582641
-25.38572580607162,5.219423643025243,0.563860337151934
-25.37964621714233,5.41981986413626,0.5591195762514298
-25.541274723569806,5.113055421261351,0.572267026842352
-25.766211395543113,5.2815422034845065,0.562103070151266
-25.896701562456524,5.042391215645502,0.5824798932976283
-26.0740857416088,4.97560026333849,0.5838189785703549
-26.26850087843548,4.989900192698864,0.580356233072206
-26.302609990035677,4.969220734638689,0.5688008203626707
-26.299645365275204,4.970704057214403,0.5663092150176119
-26.298436610118614,4.9716598207362,0.5720079220892398
-26.345067031551892,5.061336634746268,0.5917059385372477
-26.44516432710267,5.246082659489255,0.5985376887174008
-26.41903740793679,5.207952306754904,0.5933562224244878
-26.431938434526643,5.199408854229432,0.6003124601356196
-26.816248323137877,6.167980708946632,0.6959589642179024
-26.962112497909494,6.369745975930315,0.7598787888373222
-26.960067893613804,6.304881986071159,0.7612773857029514
-26.988680935653267,6.335513080105826,0.76663144530326
-26.978327762505202,6.297755010499657,0.760183138838413
-26.99252779685703,6.342039648089868,0.7681873817522189
-27.010758984845854,6.393078776616129,0.7761763266980226
-26.98593159418534,6.346313902687104,0.7869601423337278
-26.942402856378436,6.324327073636929,0.7808961521558655
-26.95492764595354,6.380189837938459,0.7687524504288699
-26.727060542900894,6.314880971856415,0.7437522449467626
-26.694042873669993,6.283503357319194,0.7386501356375164
-26.663700434855727,6.259247397020563,0.7351735913819918
-26.668059406091366,6.3307021466313245,0.7420098839667525
-26.562112324919706,6.233804116017513,0.7291586887845858
-26.50014729693444,6.220390893295719,0.7210435063634207
-26.457337244483053,6.210634467692851,0.706418130313735
-26.44600046190347,6.3953698761245965,0.7094748045807865
-26.435952609262475,6.590053825885179,0.7160900557137279
-26.42370234442231,6.78798766802189,0.7243878519234697
-26.415315719462715,6.989720159740807,0.7258052516887562
-26.40387488391893,7.270656988545124,0.728716275302842
-26.394612198045657,7.4841859007288765,0.729918561756963
-26.441985295390833,7.691517094360182,0.735300730640723
-26.51211170465256,7.894498351149764,0.7399955670521027
-26.596715958311297,8.090086169727114,0.74461162699045
-27.182117974412343,9.14791178219277,0.8664628023613865
-27.23899124840879,9.039321814737836,0.7966154788866555
-27.23463327560025,9.023137303785408,0.7825827271502364
-27.237523825489685,9.020779844651898,0.7780703301297218
-27.24981820076396,9.012306996731683,0.7509030679231326
-27.32161349992916,9.078900524801023,0.7395281639868165
-27.468545427714115,9.212847845090636,0.7377325946088306
-27.50585299312382,9.220971658543757,0.7421605829862189
-27.509274268383766,9.214989082455869,0.7446162088877801
-27.508711970788845,9.21416000953395,0.7456071487211384
-27.507663438201607,9.213643136374081,0.7466967299275012
-27.505492904094854,9.213593759939076,0.7498424870488842
-27.50752681884202,9.208168350592933,0.749512744830577
-27.46202469691133,9.217761654886377,0.75367493077513
-27.345891210317028,9.272559375494044,0.7538081347346427
-27.19256181662352,9.370880071869722,0.7561307024986715
-27.138059307419155,9.537784637674225,0.7933147600150453
-27.20415129108995,9.688375187262334,0.8465888855171857
-26.80622929954666,9.816630547220361,0.7672160136893184
-26.784430338574353,9.853400954917467,0.7675335248303233
-26.783518837781987,9.854887562879119,0.7686763249180328
-26.783184011555434,9.857269948095439,0.7682717361339798
-26.783245598963767,9.859158775888467,0.7686223357900392
-26.7833769977116,9.867377742196895,0.7665365631236143
-26.784630981688032,9.872998574952998,0.7626183325395782
-26.75707113543777,9.9407582309711,0.7659391884141098
-26.79869609911527,9.991998204899298,0.7629279136363705
-26.914824756579687,10.088515464368026,0.7666505059613216
-27.037814046425137,10.227336600838427,0.7646354946098664
-27.070801808794254,10.412694136364546,0.7622162265625291
-26.973447995922598,10.658282400567458,0.7492983514584846
-26.878666506067663,10.779759280391529,0.7457337531858682
-26.722069694397675,10.908998083773515,0.7491811993539211
-26.559204084358246,11.016150186999882,0.751149681145364
-26.390095757397898,11.113470140451788,0.7541828745142805
-26.237842625908147,11.25880595279179,0.7536807970830096
-26.142764049127216,11.435848603239192,0.7529319270641069
-26.106249006564823,11.642380067960692,0.7432453649669204
-26.100487735719916,11.851982094773284,0.7436949493374612
-26.114386008570342,12.057633802617097,0.7447319652041178
-26.134337815272325,12.261285270725741,0.7457047910330302
-26.157399997994897,12.464143204431911,0.7471872771294386
-26.19181457733409,12.660207875609995,0.7475154480174862
-26.253315129219818,12.841215528341468,0.7476676430225545
-26.331992729284114,13.010655660140014,0.7478161455597494
-26.421707637182617,13.178754356911671,0.7473349343217807
-26.457560529887857,13.319191519246157,0.7466136755676853
-26.403699408511702,13.462648488145836,0.7460462847987033
-26.306542065476894,13.579031445201718,0.747468215506761
-26.196961081591564,13.658436170517158,0.7412575744959894
-26.068844493633183,13.745698369414127,0.7405148615601371
-25.946590604741363,13.8360654041102,0.7427097401748499
-25.823214030318972,13.947195479328178,0.7432900147867488
-25.704656031656903,14.073102027183465,0.7431776384362515
-25.59730742353815,14.19325020096851,0.7442831261070926
-25.478487595823566,14.319313631063038,0.7468440411798123
-25.355378203523763,14.44331311951104,0.7455537642679896
-25.237359428837888,14.583527020994042,0.74475617403358
-25.115345917970494,14.742813008150632,0.7427196339565512
-24.999742054028008,14.90023852886644,0.7423289444565216
-24.914116427260893,15.078404605391604,0.7415954870488842
-24.971856333464075,15.215582561006451,0.7607568504211937
-25.102995923653413,15.348838263595871,0.7802168151332678
-25.17943193307242,15.509358022014345,0.7802279802996246
-25.178133273318117,15.705534389511097,0.7611991103831085
-25.35166096161781,15.80137407504599,0.7801877571854257
-25.349467680289727,15.98686258468471,0.7599381982563236
-25.351267093533252,16.18122708736576,0.7408139062155906
-25.434315661427792,16.31498315121793,0.7397915181926171
-25.52565110119195,16.43041535265294,0.7362391239407117
-25.646427744338762,16.50381065521011,0.7350698762669455
-25.78344061586101,16.52157583598945,0.7330837485415502
-25.911411575006632,16.46745192339631,0.7343173202945883
-26.032436397601483,16.374382747076396,0.7362312912988983
-26.11845875730357,16.245596823617262,0.7361230634578364
-26.16720238990653,16.09289446139983,0.7370853756831407
-26.178374152125947,15.93299349079891,0.7387314631634424
-26.150879188193123,15.764794287130746,0.7375794554940923
-26.057133050770357,15.61474642734228,0.7352299783865087
-25.900195297921808,15.505604622100098,0.7231496280818214
-25.72883809436503,15.452547200558048,0.7121785041896138
-25.53672266889251,15.469170244981022,0.7134614103112518
-25.36556555207632,15.529343685251654,0.7132929577319026
-25.207589269982563,15.584037263731116,0.7167053936878611
-24.801138401499678,15.168537675626714,0.7141417433689455
-24.643110765119822,15.167581343423569,0.7144780726864337
-24.48515828609986,15.150756154565077,0.7203449616252453
-24.402426578201943,15.284831121650551,0.718586309184497
-24.325921141888255,15.382943344269801,0.709664106669074
-24.255413930524735,15.366124291806148,0.7081995468351578
-24.17663210609794,15.229425851834108,0.7074981512656251
-24.14538331957636,15.082397314934388,0.6916306309385891
-24.12122339312295,14.928225571897697,0.6914200398388958
-24.10851794662753,14.777230429056168,0.6958156988293691
-24.11446290322428,14.625224074115156,0.6900347297859204
-24.134469031629266,14.479714195766602,0.6899065171319011
-24.163473437187033,14.308932574652816,0.6791515962863816
-24.220185802428364,14.054233414910069,0.6707802855696139
-24.223082569475512,13.983107728911476,0.6760815432347508
-24.257112783867864,13.822573741309812,0.6855286691182606
-24.29592067447018,13.653244046516882,0.6870629566836638
-24.359051205271818,13.387650692290403,0.6756488612562241
-24.374546516182225,13.313969575086682,0.68525663108332
-24.392235397337576,13.140906720979254,0.685541139294066
-24.359781418664234,12.861083227922505,0.6648842175773291
-24.32015377533979,12.775283977893372,0.6772230223474502
-24.288164274276802,12.602430542919798,0.6770943023351806
-24.251874614214987,12.419270042248401,0.6777601312922128
-24.219672959688502,12.134511892395274,0.6705671159795616
-24.184277566834613,12.054880172081127,0.6787385775227284
-24.159057238524127,11.863554695023184,0.6719455538398228
-24.140091938835848,11.68481457340306,0.6824816303094583
-24.12264823476589,11.510841530329506,0.6860086528468652
-24.092583625323613,11.336755804556486,0.6794216949962607
-24.08897720826966,11.001641312800004,0.6857563308138216
-24.09867439324891,10.84867743303099,0.6819799328279513
-24.12786393439596,10.678449163554177,0.6858219570175169
-24.17273197354578,10.517849257680204,0.6897268488263879
-24.219857314322162,10.342135895538204,0.6853906006038357
-24.279926831348234,10.175774495911979,0.6917698082434351
-24.34291507037174,9.999452200452005,0.6910018432142329
-24.405175422258285,9.807406492416252,0.6916126556928408
-24.450846187760686,9.63263658668969,0.6920137717769667
-24.483618716055727,9.45151094154722,0.6929610654890707
-24.941451522958292,8.861897155403328,0.7024460401041704
-24.917954041891264,8.6888465311455,0.7038610537708456
-24.850833630768193,8.398616462158111,0.7252048382112848
-24.73712255905203,8.247894072929117,0.7242011278271592
-24.695681937603375,8.045396140906004,0.730202415050431
-24.725110897016116,7.778872841115878,0.7445550047682378
-24.676959069775748,7.723820929457545,0.7444521725623464
-24.739830425445366,7.65567783700975,0.7494271913272609
-24.730796307288482,7.6731454405919495,0.7527239118440714
-24.708642302983037,7.6752329215858515,0.7513123712828766
-24.68542755351535,7.675947512074944,0.7481354707804464
-24.75979055750663,7.736177461333247,0.732966016851012
-24.71196870545372,7.644587162384916,0.7372746385543145
-24.773967449336634,7.515716278693882,0.7368468549092902
-24.84774784395566,7.397870051777911,0.7407800095508171
-24.82220751116526,7.359180584331074,0.7370648509643873
-24.886110095364472,7.394622826703187,0.7408972300888403
-24.841853767045205,7.418206760701816,0.7510042235843146
-24.79227998732582,7.439609829611051,0.7505298590280023
-24.830968693078717,7.494805664487573,0.7563862865138254
-24.82053771926555,7.45000110742212,0.7599299218647128
-24.96670741654735,7.36889881747611,0.7760192607409584
-25.138622955427017,7.274372900350592,0.775708170391671
-25.5901235275103,7.298460470934963,0.835858373467976
-25.492937647180007,6.879424851172452,0.8078000671846414
-25.530982103422502,6.82547762328101,0.781401606396318
-23.972478635662764,5.740101923110376,0.6966098736529771
-24.048376931453124,5.633616635275908,0.6968249025846832
-24.134885037120107,5.531606085669581,0.6967743806173707
-25.535361927971348,7.329255434468889,0.8206114407552946
-25.385518703980768,7.291133840633593,0.8173662378554001
-25.38174208768126,7.279449165684115,0.8256153910377987
-25.512656766505412,7.32751839470038,0.8328064667177484
-25.46942236462972,6.906688262087327,0.8181799779384141
-25.53944880739115,6.760079009318549,0.8190068666914054
-25.641290046909265,6.706302786077089,0.8177124195850693
-25.608458863389444,6.6965068530327665,0.817564352450291
-25.55829499831258,6.776935044761404,0.8290993979740411
-25.48267720570978,6.850187278574053,0.8358155722981209
-25.34758460618334,7.311143538373059,0.8467765778119695
-25.546182141717484,6.7913227181791065,0.7833887301117622
-25.555537768514263,6.761247621053687,0.8062737562225468
-25.661912627031345,6.641419424033252,0.7962051541131656
-25.763233052324345,6.619875502013649,0.8461050751948795
-25.880803583503237,6.606257332635063,0.8315075082756367
-25.994827749309536,6.592482777918759,0.8395506672361162
-26.18492539876245,6.29277881800794,0.8179733788052257
-26.42586317107038,6.291487053253714,0.8025697606080527
-26.581797157488364,6.303558480762062,0.8213056054820995
-26.683695978846828,6.511772439479249,0.8396061370262059
-27.050284163820905,6.5819536262376594,0.8595874565651526
-27.468919552394045,6.395674470798975,0.8564841546993679
-27.84680316487385,6.14321766713595,0.7954645091536102
-28.18935611725077,6.111197579868172,0.8120800064288876
-28.25028308666512,6.08190743004301,0.820476023769953
-28.271466307544475,6.1573977511382365,0.8421824622944061
-28.256951117094808,6.158633480360116,0.8389050985602022
-28.233841706331646,6.159459574388699,0.8463293751656868
-28.214486638501178,6.160315685306853,0.8420817090694235
-28.208357979236766,6.159289098749316,0.8392499631585567
-28.20541038018608,6.156475289851493,0.8454959071134485
-28.19741860654188,6.153684692944763,0.8499938899574394
-28.08139828816342,6.156767535584555,0.8148462996840827
-27.764555186302893,6.129503128323943,0.7843251995241589
-27.75842140289146,6.127510808113693,0.7592813539428754
-27.705463439113032,5.805685790408333,0.6872423028065238
-27.706949456555652,6.108069952593284,0.7194311800797246
-27.786089651045803,5.914333692920019,0.6972230752719764
-27.905856777605365,6.306957935343914,0.8690528207887597
-28.025597999680127,6.114419735001686,0.7378732413537428
-28.089037680877254,6.010823795461616,0.7256831952661875
-28.1170089299887,6.105617811802354,0.757440784038369
-28.150338772118307,6.101046006229443,0.7616967907494703
-28.44845292581915,5.965133076137094,0.7275274517864361
-28.359017307547127,5.574614849614808,0.710642755419743
-28.420416049296364,5.969757133158778,0.7706021490929351
-28.435789254040543,5.9699209985386155,0.7586909214715543
-28.3995707900888,5.979564064435758,0.7591864448169999
-28.33996454649119,5.488290535588893,0.689678592657515
-28.250613924787945,4.997087437902151,0.6162916426090549
-18.526491685325368,2.9061362752028557,1.3919548891466118
-24.547382366779217,2.938047601951441,0.37902114886510735
-24.755088935225412,3.0248675629920725,0.2850854451784011
-24.75203761689594,3.009110712716875,0.2893374825922866
-24.751167331951972,3.0008398868635013,0.2957250301158985
-24.753685677575454,3.019848987741893,0.2742922129928063
-24.753475039399362,3.017636296258204,0.27560542781802816
-24.757590590310546,3.037984251576635,0.2638006669998057
-24.76100434506835,3.0509723181249555,0.26182459152110626
-24.76144073778359,3.053893104094854,0.2506484051353221
-24.76230862333908,3.0570739968303875,0.2462331241337115
-24.764028514805123,3.0602507618761594,0.2602319817919596
-24.76490159129221,3.063125370161651,0.2591934082978306
-24.76493207770252,3.063138771735018,0.25773522387222436
-24.764696142279664,3.0606403934829567,0.2636760703237323
-13.023814641779893,3.783830392782887,1.395635097459293
-13.06309889361775,4.082382070765057,1.5141714429542208
-13.056141891381472,4.0380389054031856,1.4759484088128225
-13.047893677550357,4.061041315990929,1.3639489771149143
-12.943113999603554,4.0877825980908975,1.2937662378430967
-12.943019999603553,4.088521598090898,1.2937662378430967
-12.943019999603553,4.088521598090898,1.2937662378430967
-12.943019999603553,4.088521598090898,1.2937662378430967
-12.943019999603553,4.088521598090898,1.2937662378430967
-12.943019999603553,4.088521598090898,1.2937662378430967
-12.943019999603553,4.088521598090898,1.2937662378430967
-12.943019999603553,4.088521598090898,1.2937662378430967
-12.943019999603553,4.088521598090898,1.2937662378430967
-12.943019999603553,4.088521598090898,1.2937662378430967
-12.943019999603553,4.088521598090898,1.2937662378430967
-12.943019999603553,4.088521598090898,1.2937662378430967
-12.943019999603553,4.088521598090898,1.2937662378430967
-12.943019999603553,4.088521598090898,1.2937662378430967
-12.943019999603553,4.088521598090898,1.2937662378430967
-12.943019999603553,4.088521598090898,1.2937662378430967
-12.943019999603553,4.088521598090898,1.2937662378430967
-12.943019999603553,4.088521598090898,1.2937662378430967
-12.943019999603553,4.088521598090898,1.2937662378430967
-12.943019999603553,4.088521598090898,1.2937662378430967
-12.943019999603553,4.088521598090898,1.2937662378430967
-12.943019999603553,4.088521598090898,1.2937662378430967
-12.943019999603553,4.088521598090898,1.2937662378430967
-12.943019999603553,4.088521598090898,1.2937662378430967
-12.943019999603553,4.088521598090898,1.2937662378430967
-12.943019999603553,4.088521598090898,1.2937662378430967
-12.943019999603553,4.088521598090898,1.2937662378430967
-12.943019999603553,4.088521598090898,1.2937662378430967
-12.943019999603553,4.088521598090898,1.2937662378430967
-12.943019999603553,4.088521598090898,1.2937662378430967
-12.943019999603553,4.088521598090898,1.2937662378430967
-12.943019999603553,4.088521598090898,1.2937662378430967
-12.943019999603553,4.088521598090898,1.2937662378430967
-12.943019999603553,4.088521598090898,1.2937662378430967
-12.943019999603553,4.088521598090898,1.2937662378430967
-12.943019999603553,4.088521598090898,1.2937662378430967
-12.943019999603553,4.088521598090898,1.2937662378430967
-12.943019999603553,4.088521598090898,1.2937662378430967
-12.943019999603553,4.088521598090898,1.2937662378430967
-12.943019999603553,4.088521598090898,1.2937662378430967
-12.943019999603553,4.088521598090898,1.2937662378430967
-12.943019999603553,4.088521598090898,1.2937662378430967
-12.943019999603553,4.088521598090898,1.2937662378430967
-12.943019999603553,4.088521598090898,1.2937662378430967
-12.943019999603553,4.088521598090898,1.2937662378430967
-12.943019999603553,4.088521598090898,1.2937662378430967
-12.943019999603553,4.088521598090898,1.2937662378430967
-12.943019999603553,4.088521598090898,1.2937662378430967
-12.943019999603553,4.088521598090898,1.2937662378430967
-12.943019999603553,4.088521598090898,1.2937662378430967
-12.943019999603553,4.088521598090898,1.2937662378430967
-12.943019999603553,4.088521598090898,1.2937662378430967
-12.943019999603553,4.088521598090898,1.2937662378430967
-12.943019999603553,4.088521598090898,1.2937662378430967
-12.943019999603553,4.088521598090898,1.2937662378430967
-12.943019999603553,4.088521598090898,1.2937662378430967
-12.943019999603553,4.088521598090898,1.2937662378430967
-22.419671418282068,1.2277933829513938,0.887795797955677
-22.415036284437114,1.3927702386073837,0.8009199847706975
-22.32970271103261,1.3496313939725262,0.8795345334902671
-22.414920004957757,1.3977530719358966,0.7671753761475267
-22.31161600449736,1.3886974174466875,0.8368319779080977
-22.39478811948615,1.4444350899965672,0.7725229561466181
-22.32913015068919,1.3638940469582561,0.8977706655883492
-22.329795304636477,1.3588750438020727,0.8487898492781365
-22.35219950132889,1.3162891635269005,0.8555909399250305
-17.999205395060734,1.055543111849989,1.0402308564683191
-19.893991523074856,1.7157948800718286,0.8417564360671654
-19.88566985510355,1.776993867596264,0.9407648235055647
-19.885947082117415,1.7722029079433974,0.9091580755379717
-20.876452933200202,1.939681003409968,0.9743819014356081
-20.880988287897637,1.9152668422019705,0.9728759654848655
-19.902450908982843,1.699214328630954,0.9930090688270065
-19.808064430142366,1.6442003309009685,0.9584520533830229
-19.50408060316961,1.2214943195726335,1.060497096742887
-19.730167688394204,1.1619387661619314,1.1109211333233082
-20.692098176336657,1.4274894410465027,1.0821803474367686
-20.69818644504045,1.400433127313916,1.0911774129095897
-19.724488157243204,1.1554157056820067,1.1312138649293162
-19.719649222636733,1.150936962076436,1.0827757630597041
-19.538426853228096,0.701357726342918,0.7790266426746454
-22.358010562324182,1.4932789078310562,0.3821305626726223
-22.37502984187457,1.4528402270652307,0.37163635224910935
-22.373101933716327,1.4472820454469875,0.39718823932636327
-22.366135635150094,1.4646442044187336,0.3769621703752209
-22.338618712763463,1.5208632947130067,0.38957029776033947
-8.178081093542321,-2.1853428659027094,0.029259242699872567
-19.991541928537604,2.236988519797211,0.24871615327635843
-19.88029718248887,2.3532829492862075,0.21845235084618203
-11.698095348330147,2.3387617986460527,-0.5136562371104716
-13.180629443861504,2.3319934688035606,-0.21629756479110795
-13.158504988147707,2.2835568603366445,0.20185783200704277
-13.053738554858965,2.2557405141789304,0.3541686601503297
-8.274271353872773,2.1792936280537023,-0.29693131483183854
-8.273550166374473,2.243119805723949,-0.3271556140021856
-12.237946343929234,2.6965212179798472,0.4300284926738972
-12.13747641217553,2.701604427292949,0.7626454550577367
-24.751335255660088,3.0712531238849183,0.6991706133133442
-24.761451352716428,3.117606385179593,0.6895123520434939
-24.77061062320199,3.1557069036809233,0.7332206248688153
-24.781786609342102,3.1976760460469666,0.719720727864474
-24.802417038934212,3.2572977008014976,0.7038496366320626
-24.87123028889765,3.390147662952396,0.7149301720432865
-24.85117951844212,3.5332589994242776,0.6930168111681614
-24.84531294951948,3.5289798239086965,0.7148398197301099
-24.834894457210517,3.518948811279641,0.7242383109788552
-24.897776041346656,3.4390553290844172,0.7244086648308342
-24.8364449681305,3.529574248515867,0.7267978669516515
-24.84385800753113,3.543578314863934,0.6732501109433335
-24.898537273772227,3.453713380966391,0.6731880324753449
-24.881668152266293,3.432064784865597,0.6786622912158188
-24.863218026926468,3.4045692936559444,0.7141562597028381
-24.859998989592423,3.3995634347650876,0.7090091927494823
-24.849830933680945,3.381985367554389,0.7103329591676828
-24.879440347392432,3.203489480835036,0.6803984974578265
-24.754057101898997,3.0736146273417657,0.6346247444584603
-24.7503140729679,3.0582411707415114,0.644324827478689
-24.754534761089843,3.104289926845323,0.6518583384937531
-24.86039437175422,3.125935612451969,0.6518610441975696
-24.871504823155142,3.166995574090404,0.6546082549243625
-24.881799411518877,3.1962350457132818,0.6633900608357401
-24.89209398336323,3.2206793805750014,0.6746616471380429
-24.8091364076698,3.2790437026126233,0.7089361221182745
-24.827585345047734,3.2805885045885144,0.6995489579608337
-24.867385812625542,3.2872725055865026,0.6892351941934853
-24.845406363540906,3.317863380730748,0.6827744873889815
-24.84815832983039,3.3409721433340147,0.6843750548251334
-24.863132256696186,3.3572355358826482,0.6775992584281533
-24.881170129145584,3.3616000219708773,0.6785433872821189
-24.885952873169785,3.37672994891411,0.6732131252954399
-24.911827385719135,3.3669074103833023,0.6705128024401477
-24.910938786162244,3.366229270632941,0.6641408517514753
-24.911158642798267,3.367259619262573,0.6566269825918235
-24.906360226491593,3.359717344350565,0.6562647052277946
-24.903702108758015,3.3556692610844987,0.6574412075507455
-24.899212767135314,3.347161738067871,0.6497006387936146
-24.895722401870504,3.3400806633665363,0.6477139346131984
-24.89203107461817,3.332759508315209,0.6525224358587306
-24.88932846063363,3.326905541885732,0.6532283448613102
-24.890941843637844,3.3282378694432073,0.6452006938870514
-24.80814645918738,3.127218410362652,0.6447355365234018
-24.673310965911792,2.9918806733392542,0.6368069683731556
-24.67333762796363,2.9920465125985634,0.6568977054372548
-24.675008460818493,2.996581011582306,0.6787811201115448
-24.69299652467275,3.0175434369907843,0.6983467395200856
-24.63351644539141,3.02502876636562,0.7063285829283134
-24.699723163030427,3.003441307596775,0.7075974440932449
-24.604742206375246,3.0050981439854128,0.7146372055822499
-24.608403233790693,2.97665496788791,0.7210209340717907
-24.539671800610176,2.9759450241966947,0.7095612345459275
-24.637831882416187,2.956662228852118,0.6716641275947395
-24.536815381798167,2.9610284713864274,0.6748148478322348
-24.537470982903564,2.966008883256728,0.7141820246503127
-24.538495893399183,2.9676513757226517,0.7441247042058736
-24.53878100588244,2.9697972286856658,0.7222886484756696
-24.639166375826303,2.9592113092325483,0.7403642531572852
-24.536965675010254,2.955688488162581,0.7182800033555878
-19.480667988235364,3.633176312680337,0.6722748642223157
-5.744899469560103,4.966561397909214,0.19925267689803294
-8.925750819609025,4.464674525545039,-0.19528982302071485
-23.267022662260235,3.0838343039331484,0.31882279930793794
-24.878652253011744,3.266485312933745,0.4416949704700799
-24.904282704337106,3.3199426651664306,0.4856699435183349
-24.920933408730814,3.350072163848967,0.5207883588365082
-24.94336011867659,3.389019550430511,0.5542855712159755
-24.884302327903466,3.4822326161750827,0.5563029528788026
-24.909814271678215,3.517988615704583,0.5301409790727208
-24.850475358180343,3.6109468318483704,0.5279518837975481
-24.855107299952863,3.625723617237737,0.5607183903547532
-24.86138647471163,3.634168016368492,0.5243162358688324
-25.532432890209737,3.1340670946966753,0.39607119027844157
-25.546156607392447,3.1440824091211996,0.3724072004395652
-25.533757087087334,3.127726766282321,0.37360869139365693
-25.52641383306443,3.1084684821953723,0.3628292263403264
-25.435381655127706,3.146350083679529,0.34328045374702737
-25.347638351760516,3.1867881584097724,0.32091869137960655
-25.34434395942923,3.1866229671560125,0.3365067485997217
-25.342649315118948,3.1830674136146957,0.3430009824601725
-25.34091092911324,3.1791218332243196,0.3491944435765507
-25.33286407127097,3.1582576368796036,0.3475334218696848
-25.234741961477724,3.176328526691992,0.32516305762564
-25.218222366090714,3.137279336419157,0.3250085699085719
-25.103754349870545,3.101190860518792,0.2862237077287445
-23.332871828550246,3.102624025401492,-0.24941345062571918
-14.938888755232144,-6.820727726282605,0.008820909714918668
-23.390418018466022,-2.0536308641839716,0.12303630939509769
-25.062233172994603,-0.034593559926328066,0.2932618320846434
-25.325796625224662,0.18161216512485767,0.2512307918922702
-25.17430432184384,0.1551009842568618,0.18005311187101047
-25.053801907706926,0.21072903707056767,0.21657680992710743
-24.935009311936355,0.14706800104208195,0.30136372716043275
-24.833242539458247,0.09364508822972661,0.28800705983005903
-24.55294710354062,-0.32496210654826463,0.2798261134859158
-24.56787573211511,-0.33102839899448977,0.25612327381048533
-24.88802635834573,0.05444188634371283,0.311387390272125
-24.95326811014757,0.13286669983888189,0.3008446516485596
-24.967927970665166,0.12283051635319886,0.29716120006337854
-25.715394342510795,1.565399187222291,0.3472212408885936
-25.739415088468544,1.6943608309638118,0.30202833179366
-25.735299691856834,1.6991713302081983,0.2983283582813431
-25.71821304774713,1.7093550394693007,0.3076333087345078
-25.689729956588856,1.7252257238552402,0.32988374942809023
-25.653414925384727,1.7554302001172477,0.3442683437805913
-25.617177188630812,1.789768278603188,0.36225658231884933
-25.057776394689753,1.8480419551128913,0.35814861368508333
-23.71156579077695,4.986553786098888,0.7525646926286746
-24.62956912515076,4.629588535098513,0.505569122233361
-24.425852496521355,5.113159564282383,0.4605616739304468
-24.254565301878447,4.976251871390603,0.5262423046060107
-24.084236986034238,4.814970165663343,0.5882954488139922
-23.451741879544173,5.158715327350006,0.8059027044299263
-20.772877748677757,7.09515764706259,0.780736627837274
-20.703309826298153,6.993362547133853,0.9787351644834856
-23.549175630109517,5.100143735369924,0.9151374544802249
-23.85227739377471,5.130715893632197,0.8971375141274017
-24.04676274499793,5.308780774428519,0.914221178449891
-22.68760656165366,7.804534426276878,0.7826354089307801
-20.461768585297776,14.696834081604504,1.3014219404097098
-19.40040810322023,21.19777539904507,1.4568078371907642
-25.024856449636395,7.283713845966374,0.7795429335140022
-25.6155098928231,6.601221500061023,0.7372984842547041
-25.59217402588071,6.596216652645542,0.7623162266866663
-25.517107237205614,6.782354833779019,0.8427486571869243
-25.49074316097779,6.77515901317492,0.857303241371616
-25.533512106161176,6.681533767760762,0.8626290708034423
-25.43877348361693,6.867965008173242,0.8080285345574482
-25.221725008056005,7.328428169446044,0.8953835319029714
-25.214099575811204,7.227798125249389,0.7114559313238352
-25.78394903028915,6.422687025848613,0.7041951474037796
-26.221312426603234,6.609119598027589,1.3386903531631795
-26.720813556872645,6.5778990469295255,1.4090859352450504
-27.115655145488084,6.415916312262876,1.3988661826843027
-27.678039421028767,6.384105707567685,1.414204267572151
-27.58788385950175,6.405824288914497,1.3048449770937278
-27.475838546465948,6.4681963900680515,1.3015597649107975
-27.42241944610779,6.457724168590413,1.2298120523950617
-27.375947748662494,6.406037685895391,1.221234223732668
-27.357728098732117,6.445110708065016,1.2020438349295919
-27.33726520048506,6.401245098210018,1.1723828204969715
-27.3590412438333,6.438879427593442,1.1836057554832473
-27.340279015706702,6.391594005914374,1.1595020068233037
-27.342817148726787,6.441821873746285,1.1531567486429366
-27.313147598340347,6.397283437888662,1.1478640928926427
-27.301976193456454,6.447236040922312,1.1349810159750617
-27.16221927581976,6.423432253775011,1.125596174041692
-27.04101879497157,6.492365477405548,1.1554912128483792
-27.049144478451286,6.548663720664258,1.13158274534477
-27.039056098702854,6.480271935012768,1.0947525127495117
-27.031437626738327,6.491540845041781,1.1357008797926786
-27.0501493439559,6.473950305893528,1.1792642541903073
-27.017559504378426,6.451647602233562,1.2505468714807506
-26.920415584894346,6.477564440767992,1.7006707940474963
-26.86698608736025,6.250299907887875,2.0171310284726145
-26.90395379250921,6.23564514213576,2.005412438055204
-26.87717905978444,6.266925379406308,1.9365126440332254
-26.87656291117678,6.346947268926551,1.9656803296873004
-26.77951487635184,8.680794259646996,6.069864232616959
-26.82556844521705,8.651989704212177,6.065263631731095
-26.837639630283782,8.813762407866857,6.04192053993416
-26.734621904492847,7.886645226237377,5.824366678616119
-26.76113594330056,8.794470900818126,6.892556115410766
-26.857275138188495,8.798900879469773,7.007126883787826
-27.427772744857894,9.462373787529735,7.97288900247703
-27.63125795489625,5.550348936807073,2.937318320012795
-28.01334007487521,5.494189991085918,2.641242397450488
-28.20639236558526,5.389213543876389,2.2757213409080457
-28.14241184099985,5.160450051086572,2.176366871608305
-28.11794793603393,5.163097644037294,2.068381642257279
-28.196741202054607,5.180547274416485,1.9945645733297606
-28.6389593005795,4.912105623787628,1.6626603540160412
-29.522699963134134,5.005650755289336,1.635422921987782
-31.574830328159184,5.432832026424532,2.014401496422379
-31.295694912139982,5.495588070587255,1.9014962272664464
-31.151140049446905,5.552288117542971,1.6467444527625315
-28.220530504107295,4.96911206971877,0.6475016975621822
-28.60397902381456,5.147909771887591,0.7060934560610659
-28.26853268375302,5.246351503618487,0.6485126905918778
-28.444204598633902,5.375285901092601,0.6740761692942511
-27.496636043046696,5.568722619235393,0.6809913018845729
-27.37082717047493,6.359288087333429,0.809969893158446
-27.25684597110989,6.251802998852482,0.7822305048123611
-27.199606688744833,6.44847322744422,0.8640009747193435
-26.432084928783407,6.1907887269352155,0.7199311226977437
-25.747239642608697,6.6249318428150925,0.8588044282821707
-25.670969543595348,6.40051051126671,0.6799297056507643
-25.412542355836763,6.797479962300056,0.9649839178902724
-25.573028400372777,6.68696577227219,0.8037910636048818
-23.192633377001872,10.52169947106917,0.7643259331619017
-24.45115804690946,5.349836432909316,0.531016414772673
-24.248149056199125,5.664191860448468,0.662436357457756
-24.32547344671963,5.545714887226174,0.5832474572034257
-24.13569460836153,4.829273297641718,0.5739514257410465
-24.654178533986613,3.812966473613757,0.48064764973964064
-24.94051114368977,3.4598046399581155,0.48841870635250484
-24.9377073275626,3.5010659227016037,0.5348792580980002
-24.849445657717748,3.5689467290829757,0.5363833218767552
-24.866285110440337,3.6218067017026296,0.5580521087062643
-23.919121865374436,4.182091429906655,0.4627117496810732
-23.459612848857326,4.591133081455917,0.4507156742407938
-23.658910245256045,4.723769270307934,0.5331214467300454
-23.882697037444593,4.680480638920742,0.4875550794417023
-24.231076134895662,5.211871866965117,0.6168911826204949
-19.811189901483125,21.446720794378535,1.3123456026612226
-26.063725016006305,5.69015506587785,0.6412795023207716
-26.663010075639423,6.336421648990651,0.7390313330436801
-26.510337728465323,5.3521035996094,0.6319904360714391
-26.325468062844532,5.282125816021763,0.5998752269886305
-26.052597564812725,5.597263073166688,0.6108156953309886
-25.64732393005533,5.858540040656576,0.593529404941122
-25.324844420421186,5.78001420224343,0.5744740461371878
-25.029132621340146,5.571172514056476,0.5493790362866067
-24.471176623367604,5.75196879581533,0.5202312850549329
-24.387797396615536,5.275353000010602,0.5367068157877446
-24.287579536867216,4.921200858037997,0.5293752739053553
-24.073050279113406,4.739889569662262,0.5606477898040481
-23.648616239404838,4.7286926909156595,0.544233923569392
-20.4520488236763,6.249700898859835,0.3874937338272156
-16.047819067384438,8.236100110242939,0.17052379720736532
-15.968913890698662,8.346086809146838,0.1651221958747281
-24.702019855608988,3.7598318205189267,0.6579159665991763
-24.76802176097338,3.7138124797989187,0.6707175448107453
-24.63597919918269,3.760173275819473,0.6768201719843644
-24.535125978100524,3.8145485748492383,0.6768890822689894
-20.797999556886822,6.945216972198477,0.3584159548182832
-20.50161210105427,7.666848019069829,0.34076683678526465
-21.772027684773125,6.834112963494897,0.4155361382652628
-23.583284187324132,4.850796721626407,0.6261687659351268
-23.779018496133233,4.75431791108096,0.6080842055500251
-23.81292493731813,4.792125842025495,0.630888372087774
-23.84177523109033,4.831081281367734,0.6355419799203683
-23.891134843893624,4.764223999958647,0.6573924608206029
-23.906967117413238,4.789336493664392,0.6660282329469281
-23.878432886440674,4.99765211556302,0.6656412199045816
-23.866638446607517,5.152066846094277,0.6676031627941332
-23.87483317143069,5.3164381226246835,0.6752855653249461
-23.865268778539903,5.6270083365854715,0.6767195767031114
-23.86907580928964,5.772037004965583,0.6771832830683492
-23.99238013442286,8.666487927827212,0.5805049442782384
-24.170490534982918,7.992311372359477,0.6122737271780221
-24.160094039224816,7.119852328577204,0.6414617960760858
-24.237221702896132,7.042742057863764,0.6551976173337578
-24.312304855751112,7.055235700803478,0.6535166902620739
-24.355583925487046,7.096728042477688,0.6431658092588145
-24.57569777548871,7.492156131425314,0.6369647173916259
-24.703185886534513,7.489483574896186,0.6417193688685862
-24.732124116046275,7.557471110540977,0.6418648621102099
-24.70792024750567,7.526832714803675,0.6603114826609434
-24.69267793714294,7.499087482190042,0.6691707457378505
-24.75967350562514,7.529104924356654,0.6749708972972663
-24.826300450462213,7.559858381656643,0.6795083255349684
-24.978398252851676,7.6541996262385865,0.6791597911054322
-25.141833245748284,7.720881699516886,0.6797565292136135
-25.317478676316057,7.767490705450348,0.682264230072603
-25.49456675784261,7.809352869265072,0.6853948067184916
-25.691786917259478,7.839560882455354,0.688271485782711
-25.902875823162347,7.864615352088069,0.6885227925268032
-26.136359756187733,7.889507964542982,0.6884054749991458
-26.36200269275163,7.9146387449039315,0.6885267226537176
-26.582147074066174,7.935534593906184,0.6881016047165526
-26.791780233179026,7.961210971723101,0.6945621276276543
-26.9923797933996,7.9801906571378725,0.6947521560469174
-27.18854378675457,7.999704011894721,0.6977583616726766
-27.341733080841585,8.05693094135123,0.699518123439837
-27.474030262016736,8.142529095899967,0.7016160228458036
-27.566330633914802,8.289809017816028,0.7039496797836338
-27.591863553899124,8.447808263925685,0.703987845474387
-27.532056564095125,8.596712596419865,0.7048127237016513
-27.420896841320477,8.726831336357568,0.7070611691776402
-27.32834719522181,8.997075303965062,0.7276716817472006
-27.24202280360584,9.052609204814942,0.7288832851922511
-27.23998120329916,9.052476243782964,0.7332149779252681
-27.238533899520707,9.052379532617886,0.7359922082866514
-27.233806460632646,9.045653502474115,0.7365395244550518
-27.24695005751775,9.08659957614951,0.7478264447235617
-27.22386790699569,9.073467889003169,0.7587806549976017
-27.21777865687013,9.100675142549001,0.7829311831304653
-27.201277224504683,9.076003669454261,0.7794692174159888
-27.206700139753238,9.073388891991446,0.7752132582869552
-27.204682540295007,9.073439884217546,0.7818720187465735
-27.201784836319447,9.074648143950476,0.7814041702454513
-27.198399691770625,9.076765236003165,0.773919291056322
-27.130093318488473,9.106953285469816,0.7961758622696942
-27.142843141899096,9.206230905699998,0.8242137030695164
-27.13532448803855,9.207874288057369,0.8272633498962025
-27.128953344377795,9.209758518356674,0.8272438801803405
-27.095794411340876,9.22619573270916,0.7935403809997059
-27.09957372885071,9.220989771238456,0.8176831980894138
-27.120500719240297,9.211116720163968,0.8257639680829196
-27.126008143175696,9.209052495578401,0.8197384244935217
-27.1382394578866,9.205045688994122,0.8092839115985407
-27.141414079321134,9.203292393188136,0.8115405826840341
-27.137161765728635,9.205160217159612,0.8125376334031068
-27.141428819842538,9.204972014494523,0.804940865688249
-27.142933820801055,9.205018600235036,0.8035026083414992
-27.145693885914532,9.204455159478362,0.8016540175452262
-27.147343731455575,9.204345824689216,0.8012424074217985
-27.146406512679356,9.205418061095678,0.800507989402165
-27.14382109816426,9.206156612579301,0.8054010215073812
-27.14373530686423,9.20616823666988,0.8060436148004992
-27.05913601391464,9.339012786662328,0.819892389295994
-27.036513173190155,10.050805435944364,0.9067297350194377
-26.81459516349487,9.173551901278648,0.7961461806996529
-26.75855590419707,8.774184310891668,0.7453982146483438
-26.759758930268248,8.774126317410616,0.7436576632121819
-26.76244281874158,8.773217604759592,0.7487538395472632
-26.767433930754997,8.77301729267323,0.7498670710389289
-26.77112331818636,8.772932744708898,0.750605000899073
-26.775080590688955,8.772962923079124,0.7515265042779303
-26.800742668660646,8.872566877720526,0.7656096237429946
-26.806843805576726,9.168591045798244,0.8130503701471529
-27.03812741943672,10.042321383096665,0.9450168623154865
-27.213335335816836,9.040802570847418,0.8712491481944122
-27.3008700709936,8.978592727022429,0.8696663068173058
-27.37081327547152,8.917404987073887,0.8551352373965287
-27.364177608862917,8.772991124302683,0.8293810050634841
-27.367820889461893,8.76560738110895,0.8334725074055322
-27.361312489121858,8.774331813222433,0.8331886392227882
-27.349728619454122,8.781004439261261,0.8576004937225354
-27.34719592770906,8.78832153409251,0.8459790570942968
-27.42076196177027,8.854852958246557,0.8599189139614076
-27.390725755956165,8.721703109002348,0.8470058682282031
-27.3608314790731,8.534076415815266,0.8449525374432807
-27.284583415838252,8.418165995416059,0.8194370174514065
-27.285697741611074,8.359271265026619,0.8220591122015705
-27.280231642818848,8.306514494549923,0.8257429206349978
-27.271343141112798,8.263185883392518,0.8285571850661178
-27.256364916869778,8.215246442879053,0.8324928103615987
-27.23855711730548,8.170147282628854,0.8314491272889407
-27.29749695473475,8.076538939268403,0.8601865291547472
-27.266397933752092,8.025560165740632,0.8516975792714838
-27.262004066823604,8.024426158437112,0.8624449839045523
-27.265174594476054,8.030612039392473,0.8665215442874763
-27.26908156498077,8.040259046588718,0.8750999400454151
-27.267410551366574,8.040769921092878,0.8807602297487287
-27.274711892829167,8.048667861276028,0.8755098682666419
-27.25592147345498,8.025518025963255,0.8807839076752377
-27.214534033835037,7.976630800331744,0.8802298332909925
-27.10410923677012,8.005144156622183,0.8534827376217811
-27.06000214896896,7.97173629479632,0.8503275837301649
-26.966903484859404,8.027196696165138,0.8162028401948062
-26.85387224680264,8.080975731065523,0.7603465380166866
-26.809752709074548,8.173425969663477,0.7366734599401683
-26.786231578251506,8.173351085187008,0.7366952467931283
-26.765080145165445,8.176057415780894,0.7380730414243529
-26.745631994363965,8.180664324012053,0.7398930987196453
-26.72338614579414,8.188100786129116,0.7404302564361349
-26.704602810099914,8.198166328165517,0.7455748468697727
-26.6832614333347,8.210908200906312,0.7446238064057569
-26.64621750753602,8.241302580772116,0.7422318851046049
-26.628267841585423,8.26249920883057,0.7354749471900309
-26.616634141865546,8.283412268426613,0.738418904091182
-26.606150350025853,8.305701068917832,0.736143422420503
-26.598762326059358,8.327092588968075,0.7341492824134789
-26.593630072593164,8.346766539812355,0.7316340272938078
-26.59023353974675,8.364352339443752,0.7296966623712533
-26.588862924766875,8.381856560970123,0.726599291439831
-26.587340621041072,8.392490113369714,0.7116233243121018
-26.585628392885003,8.39255705876434,0.7093558904066936
-26.587631260939638,8.410264694188333,0.70938404976159
-26.587701819833683,8.41924325456757,0.7073287537272204
-26.578630447577247,8.4139518155859,0.7024671745782304
-26.540515739620165,8.339874045987017,0.6866776829459031
-26.518351487273648,8.229469145552224,0.6562412710421861
-26.50611140664673,8.160275294611548,0.6472482037700021
-26.484677099426207,8.129620490946595,0.6406444106199691
-26.470364913672093,8.121720684259937,0.6393531841571206
-26.475330600158447,8.099951749021008,0.6368442089874041
-26.46319351385788,8.12913285252498,0.6373312968837556
-26.458196782506764,8.144385712133825,0.6478136667266778
-26.457229534398333,8.15820928011374,0.651613209391183
-26.458920143874877,8.179501512833816,0.6562794519404103
-26.462087894612925,8.241880969567285,0.6868931583481493
-26.51275709764885,8.3808560398807,0.708789467365168
-26.57974646370726,8.452097161295892,0.7246133791247172
-26.613929407109843,8.484596861622286,0.7147165957938572
-26.632396513299117,8.507467790822046,0.7121565271898348
-26.65486881597936,8.527077497232288,0.7144210113488006
-26.676433831277652,8.54408807513376,0.7060379233963654
-26.73863858619193,8.56113208555096,0.7099686504727839
-26.79224239322094,8.864241712678284,0.7324561771185485
-26.803335157788055,8.865793792287743,0.7309004242033262
-26.793543675439462,8.866531810890375,0.7334796718497434
-26.794515135242786,8.865397273237296,0.7321166677374837
-26.800070499407564,8.863342788567735,0.7347830572170969
-26.80236087342076,8.862421805485235,0.731605930704802
-26.80274298012704,8.874358502900114,0.7342406010662353
-26.806100457241804,8.843394314437669,0.7207251800562543
-27.47229099966002,11.085580938438204,0.9504971825418489
-26.792066231964895,8.982665123504344,0.7102941351744019
-26.787645889297952,9.172777431062038,0.7093674937462033
-26.786451243539233,9.354499561882891,0.7096926058280869
-26.79044361925005,9.54477622094584,0.7088227143180531
-26.818897954661743,9.719534164705488,0.7080771982154292
-26.859181628957543,9.88722503861355,0.71043219867988
-26.895174759926853,10.07716914098131,0.6961120120588099
-26.9533837988169,10.252985429631233,0.702658272519631
-27.016207871682692,10.426366346490267,0.7031502380595804
-27.097160339766116,10.600016803872917,0.7032258762024399
-27.19382607744859,10.76782647674235,0.7030512598306758
-27.29993117294102,10.918773482205745,0.704196969686684
-27.51086067123909,11.125867852539416,0.7135001541904991
-27.60191270184897,11.167323059706344,0.7074443042360246
-27.742593137419387,11.291663571018368,0.707515487332717
-27.85285304314329,11.423252094362047,0.7089392623344684
-27.915296144013556,11.58810302052105,0.7100263324400524
-27.874324921118028,11.808254193505475,0.701674292129184
-27.790472388681895,11.973933057515186,0.6999382910419027
-27.673692223377223,12.11104809139652,0.6989702117563702
-27.510214100701923,12.245601487176279,0.6981298815789627
-27.332971975631917,12.354016361273855,0.6977390041798972
-27.157027772873196,12.449761744976056,0.6980113237587747
-26.979839284247355,12.53043549034938,0.6978375045994676
-26.80122880496199,12.590848154313463,0.7011657482172886
-26.605100374545028,12.63355438415893,0.6998159025606357
-26.43032037187773,12.65662568277081,0.6998552051260544
-26.27959894822588,12.74274893262617,0.6978571536105872
-26.18792537704265,12.891288460917055,0.6973004115967965
-26.148694394152397,13.059332127806458,0.6975477108994854
-26.138662523386845,13.227977945718226,0.6965178399886451
-26.14128670600539,13.376882954645327,0.696385243582833
-26.16358686618426,13.508813431000059,0.6979221484524434
-26.20779060203438,13.644644753310025,0.6966659857481989
-26.29157730357999,13.755165094380025,0.6957664097588833
-26.382096402502704,13.821277531014244,0.6864691580357343
-26.476415544750566,13.882308313807043,0.6896927858464089
-26.604033930024862,13.969951644415662,0.6895457574229518
-26.73798104939544,14.081145224606326,0.6895591382033192
-26.817895182419814,14.166768673437641,0.688467576844411
-26.885191097204775,14.25481740385531,0.687885210408344
-26.945030286245956,14.351383810443739,0.6874466961730575
-26.99801660466583,14.461623258382623,0.6869553483661689
-27.042302254050753,14.563371549397795,0.6873538011903095
-27.100370767166748,14.673630073680556,0.6875197527530643
-27.16350922901624,14.773495246246384,0.687422875601637
-27.241725063467836,14.857646628193793,0.6859930510890719
-27.33621529635402,14.933506149722977,0.6852755127376843
-27.420119350047205,15.030577613021363,0.6846172971512315
-27.49686752368995,15.144404491148705,0.6842682831133726
-27.553598909703357,15.274215652801796,0.6846246819656552
-27.583210631564775,15.402775316221522,0.6841173546002509
-27.601756507105872,15.546263059955322,0.6825466346881573
-27.6021333287231,15.700620727800185,0.6832990237119959
-27.592774503193716,15.840799741712946,0.6908512352497866
-27.526857967686084,15.981392720718846,0.6926212918573177
-27.44730024829466,16.126353892757177,0.6955169115605749
-27.370759948793708,16.275413227076516,0.6963940931439052
-27.274910064219917,16.437094039582995,0.6959206259863145
-27.14451960619959,16.550457722295846,0.6960164327417092
-27.0061750061535,16.605653653823058,0.6956145850553955
-26.85398315532849,16.62451512670313,0.6928802183176698
-26.713485641007043,16.61926623345666,0.6919157098410867
-26.577366618864662,16.60095800037283,0.6925016543071223
-26.42623368607978,16.580423622119717,0.6910957164327469
-26.261836300105724,16.571341965530106,0.6908615630797617
-26.120488670358345,16.57065359014106,0.6909891038801775
-25.94589867536151,16.566203241856766,0.6950047769291464
-25.793786996307375,16.56761661580235,0.7004842413107943
-25.6425866816586,16.581237275400802,0.7013377943595673
-25.494060839163932,16.602828237656997,0.7014520149432419
-25.344643282392294,16.632474614981906,0.7017203870351527
-25.241170442751805,16.579088939989216,0.7073972605379232
-25.040032159787696,16.708544837848056,0.7014464056405739
-24.895296482400134,16.748706082625663,0.6944088121172487
-24.75075822256135,16.795602194575395,0.6914824508551158
-24.612276037554224,16.83327529617041,0.6907075880419569
-24.47860425085052,16.85489685113326,0.6905188970831209
-24.390532768959922,16.747732567135813,0.6907993302257817
-24.333520851606124,16.624404282868053,0.6938197925421937
-24.298972732351707,16.493258816273155,0.6962364867639956
-24.4312078696772,16.189593144309406,0.7103217255716097
-24.153403967803364,16.412667737940687,0.6988833003951735
-23.99072843535325,16.447566690815158,0.6960989420200766
-23.982656674595646,16.33132201979893,0.6946049920482902
-24.008099354834275,16.19589287569454,0.6945669131981875
-24.06582057729308,16.0750267809762,0.6945369967395103
-24.145593810557493,15.960687572484176,0.6947999921736343
-24.224853471709725,15.845688948921595,0.6964686322409891
-24.318064364049004,15.73738188730425,0.6961279191913188
-24.41350967350834,15.632011652049977,0.6891649688384102
-24.913195683851804,15.239970039712658,0.713576988327068
-24.92373416944537,15.193765743675398,0.70996810675004
-24.767820354863076,15.24324603567498,0.6997982101464729
-24.744784813915683,15.158059853794375,0.69463538110882
-24.7642147072556,14.997749366588172,0.6943367683023202
-24.76843802183687,14.829784363530512,0.6981980471333307
-24.865274083414533,14.478960629294052,0.7126788807625489
-24.760799294320872,14.388089263847226,0.707453775297669
-24.66087839407181,14.326108226755705,0.6997365326195994
-24.592310122688364,14.189370623217565,0.6999330760065045
-24.490853184108587,14.052831634071921,0.6996610126302535
-24.36948460152424,13.930222247924767,0.6980425303159565
-24.24537691178617,13.813759776798747,0.6956088339551441
-24.39787271579982,13.296722020339264,0.7210896965768951
-24.387001466764758,13.2872866302408,0.7149687286597929
-24.39038632905357,13.291109971009043,0.7229360802134683
-24.394493771031062,13.295812515146473,0.7284443170564389
-24.403184279617776,13.304298514465776,0.7319220549900712
-24.409080574128435,13.31199596916148,0.7400057428171223
-24.471524822618733,13.23859835211219,0.7582933232167612
-24.476673741248472,13.247376455387256,0.7664216028270378
-24.450943373859797,13.358077179600183,0.7551093430558405
-24.626084601420793,13.401066879907296,0.7619353552231765
-24.622678205056776,13.401769378254215,0.7672708484533706
-24.234399354766225,13.719208142252986,0.7258382768936729
-24.69082951592399,13.339739501524031,0.7816898310494185
-24.67548973423979,13.327389972362278,0.7872725871668136
-24.663822284482368,13.318417599579242,0.788557929187021
-24.58160194506361,13.378483567079202,0.7723155617990161
-24.575529337096707,13.374304144319467,0.7677262406292039
-24.56888758494095,13.369594998864228,0.7645582801914672
-24.543903868614265,13.34507016697492,0.7564339091361254
-24.420143946524675,13.2405485954653,0.7275579365684585
-24.402739163840554,13.22959165273284,0.7481253474166145
-24.023196931003703,13.684419978348426,0.7180030513363471
-24.019344855259106,13.673650246912588,0.7042879036182709
-24.019271206590467,13.664685288977823,0.7013561029639075
-24.023831672351893,13.657681129993328,0.7032857876517989
-24.033783460107973,13.649051797227203,0.6985754509490923
-24.05131349148121,13.643061610361844,0.691215209080742
-24.17080288126082,13.67240517411241,0.6067147604415026
